,SPY,QQQ,IWM,EFA,EEM,TLT,IEF,GLD,VNQ,DBC
2015-01-01,100.3214,106.2989,111.574,116.4073,119.8923,124.4882,130.0602,135.1423,140.9941,145.0189
2015-01-02,98.9688,103.3535,109.6232,114.4894,117.977,125.0007,130.0422,135.0923,138.4067,143.302
2015-01-05,98.0795,103.5707,109.753,114.1135,117.8896,123.826,129.5562,136.0029,139.6696,143.6834
2015-01-06,98.2615,103.731,110.7386,115.1755,118.0374,123.864,129.8342,137.5522,139.2822,144.5827
2015-01-07,98.4733,104.2627,110.062,115.0333,118.502,123.3848,129.3629,137.7643,139.458,143.0715
2015-01-08,98.6507,104.066,109.8602,116.1366,119.5584,123.116,128.8632,138.5587,140.1601,144.7619
2015-01-09,98.4184,102.9747,109.4585,116.6279,120.2646,122.4212,128.7166,139.2659,138.7541,144.8727
2015-01-12,99.0978,103.7686,110.6006,118.2607,120.5789,122.9103,128.8102,139.6397,139.1984,145.7638
2015-01-13,98.1476,103.3057,108.6933,118.2736,118.6031,123.5321,128.5561,138.6469,139.5169,145.7875
2015-01-14,98.0415,102.9297,108.3432,116.769,117.777,123.5015,128.4814,137.5566,140.7632,144.4862
2015-01-15,98.7061,104.3716,109.5949,116.8241,117.8157,122.8784,128.1421,137.9281,140.5835,143.1874
2015-01-16,99.1093,105.2696,110.18,117.2573,118.8044,123.0077,128.6164,139.6229,140.3245,142.2799
2015-01-19,100.3298,106.7163,112.0432,117.597,120.4614,123.0641,128.4798,139.3384,141.504,143.3975
2015-01-20,98.9049,104.0309,110.6757,115.8597,117.812,123.2016,128.8218,138.0991,138.065,142.0315
2015-01-21,97.9489,103.6335,110.1971,115.8447,116.7371,124.9749,129.5194,138.7896,138.4628,140.891
2015-01-22,96.3298,100.8263,108.5267,114.0635,113.6454,125.3628,129.8444,138.4627,135.7986,141.1303
2015-01-23,98.2621,101.8063,109.2921,114.003,114.5247,126.6288,129.6854,138.0911,136.0358,141.1593
2015-01-26,99.936,102.3715,110.4963,115.3139,115.3043,126.623,129.2695,138.2371,137.0843,139.2072
2015-01-27,97.5773,101.9896,109.8988,114.7159,114.9298,127.4335,129.4519,139.2242,136.0192,139.5386
2015-01-28,97.2102,101.9719,109.3523,114.2152,114.9581,128.0692,129.5438,140.1708,134.823,141.1163
2015-01-29,98.1625,103.4303,110.2513,115.1221,115.9572,128.3547,129.5987,138.8124,136.9078,141.4622
2015-01-30,96.8436,102.509,109.3817,113.9171,113.2838,129.5595,130.0985,137.692,133.2234,139.9313
2015-02-02,97.1468,102.9905,110.6131,115.3172,113.4388,129.5483,129.9106,138.88,132.878,139.398
2015-02-03,96.5691,102.1398,110.9226,114.8127,113.4957,129.2658,129.9505,137.9259,131.6357,137.2305
2015-02-04,95.573,101.6363,111.0148,114.3711,111.6701,128.4334,129.7534,137.4231,129.7094,137.1874
2015-02-05,94.6291,100.9601,111.0188,112.7923,109.9305,128.1247,130.2307,137.1518,129.9848,137.923
2015-02-06,94.2503,98.8799,109.3959,112.0578,109.424,128.468,130.3427,137.2194,127.5519,136.2693
2015-02-09,95.1739,100.7927,110.9952,112.7745,109.9942,127.0475,129.8614,138.4598,130.1623,136.4387
2015-02-10,94.2467,100.2339,110.6232,111.7274,110.2159,126.229,129.2805,138.329,129.6229,137.1714
2015-02-11,95.0656,101.5944,111.5226,112.8593,110.7081,126.5501,129.0903,138.8361,129.0688,138.1326
2015-02-12,93.377,100.4211,111.3328,112.4126,109.4183,127.0976,129.6782,138.8966,126.3242,139.3539
2015-02-13,94.0036,101.5508,111.2512,112.2103,111.634,127.7465,129.638,140.6123,127.2389,140.6736
2015-02-16,93.1705,101.7963,111.5846,112.0061,109.8784,127.0266,129.6988,141.0142,126.1497,141.1581
2015-02-17,94.7588,101.6417,113.8393,112.8709,111.5159,126.1962,129.8915,140.2098,126.8391,140.5919
2015-02-18,94.8102,101.6858,114.8431,112.9689,111.6612,126.1098,129.917,141.4769,127.0042,142.8575
2015-02-19,94.2429,101.708,115.8152,112.6924,111.9729,126.0361,129.7316,140.9413,128.0794,141.2365
2015-02-20,93.2052,99.2455,114.4885,110.8904,111.1402,126.7258,129.6304,141.5689,127.1024,140.3949
2015-02-23,94.4764,101.2361,115.9861,111.7489,111.9849,126.0442,129.1406,140.5107,127.8748,141.0269
2015-02-24,93.2259,98.7381,114.2485,110.0148,109.554,126.026,129.2098,140.3936,126.9701,141.0661
2015-02-25,94.3526,99.4479,114.9005,110.5612,109.3489,127.216,129.3701,140.8188,127.0363,141.1515
2015-02-26,94.1589,98.5654,114.3069,110.0407,107.8504,126.1235,129.0819,141.9515,127.1424,141.0074
2015-02-27,95.1717,100.1618,116.0765,110.3816,110.442,125.869,128.5087,142.258,129.3277,142.3101
2015-03-02,94.6161,99.6808,116.5668,110.3226,109.8215,125.7269,128.5945,142.0477,128.8458,141.202
2015-03-03,94.9445,98.6826,116.5411,109.6414,110.0754,125.5635,128.9849,141.4589,128.4453,139.6408
2015-03-04,96.3769,100.8264,117.9544,110.6452,112.6419,125.7441,128.3814,140.8269,130.8204,140.5216
2015-03-05,97.4028,103.1947,120.5161,110.9611,114.3706,125.8636,128.6472,140.9004,130.1691,142.1224
2015-03-06,97.6115,103.6715,122.7091,111.7664,114.7832,126.2407,128.9753,141.2663,130.2978,142.1965
2015-03-09,95.6497,101.3142,120.7635,110.8435,113.6415,128.1738,129.5428,141.9789,128.6081,144.6947
2015-03-10,94.9823,99.932,121.3787,110.6637,113.5106,129.2519,129.5474,140.7887,128.0402,142.7015
2015-03-11,95.5623,100.9718,121.583,110.8974,114.3472,130.7743,129.5147,140.4591,128.197,144.0194
2015-03-12,96.2087,100.9918,122.0457,111.3321,113.4861,130.6196,129.6019,140.0848,129.197,144.5597
2015-03-13,93.9864,98.2822,118.5053,108.4411,109.6658,130.2989,130.0908,139.8758,126.3048,143.3108
2015-03-16,92.6241,97.0743,118.4727,107.15,110.0328,130.7101,130.4502,139.5629,125.2582,144.9213
2015-03-17,91.9766,96.888,119.891,107.1983,108.0091,130.5853,130.065,139.5998,124.8396,144.1553
2015-03-18,92.5568,97.7011,120.5674,107.8403,108.7263,131.5126,130.6778,139.3333,126.1049,145.3094
2015-03-19,92.3929,97.7851,121.2524,106.7195,108.3459,130.9901,130.7225,138.8786,124.2476,145.1939
2015-03-20,92.3259,99.2281,122.9634,106.4766,108.9412,131.1619,130.2945,141.5236,126.1277,146.7094
2015-03-23,91.2904,98.6309,121.6146,105.3392,106.9678,131.6034,130.0616,140.4408,126.2252,144.0854
2015-03-24,91.7193,100.0103,122.1338,106.1007,107.4784,131.8696,130.4397,139.6199,125.7821,144.9637
2015-03-25,90.2781,96.7342,119.5777,103.5497,105.2302,132.685,130.8635,138.296,124.2126,144.3035
2015-03-26,89.0929,94.6375,117.5463,102.6676,106.1528,132.1668,130.5424,137.2829,123.1626,142.1939
2015-03-27,91.1921,97.4045,120.69,104.7156,108.4094,131.2696,129.9913,137.4759,126.7862,142.6464
2015-03-30,94.5167,101.8628,126.9072,107.3336,112.6471,130.484,129.4097,138.2788,130.8958,143.6081
2015-03-31,95.9505,104.7752,129.1727,109.1806,113.3906,128.8247,129.1543,138.1999,134.833,143.8114
2015-04-01,96.4213,106.2677,130.6528,108.8314,114.7149,127.6369,128.7723,137.8538,134.0975,144.7261
2015-04-02,96.2086,104.2544,130.802,108.2707,114.685,128.1203,128.8006,138.0012,134.113,144.3078
2015-04-03,96.065,105.7259,131.4061,109.5848,115.4804,127.8699,129.3579,138.3587,133.0467,142.7195
2015-04-06,96.2011,106.0495,131.6697,110.474,115.687,128.4095,129.6385,137.5015,132.5785,142.4074
2015-04-07,96.103,104.7701,133.1984,111.0212,117.22,129.5578,130.5373,139.5588,134.2009,143.6194
2015-04-08,95.7032,104.3515,132.6267,111.1027,116.7556,128.9281,130.3184,140.2037,134.2026,143.8217
2015-04-09,95.7691,105.303,134.2011,110.6541,116.8468,128.5767,129.6656,141.1059,136.1393,144.0485
2015-04-10,94.7182,104.1086,133.9532,109.0666,115.1221,129.1829,129.7739,141.4606,135.4826,142.5405
2015-04-13,95.0822,104.4226,133.2255,108.5986,115.4383,129.4286,129.6296,141.5895,135.5357,141.9453
2015-04-14,97.6668,106.9716,134.7193,111.5369,117.5301,126.4549,128.8928,140.7743,137.3145,141.6663
2015-04-15,98.5649,106.3851,136.7859,111.4848,116.3655,126.7257,128.4495,139.7871,136.8444,141.2429
2015-04-16,99.9261,108.888,139.9403,113.8304,118.9924,124.6801,127.5109,141.8196,138.8883,143.0678
2015-04-17,100.1437,107.7621,140.744,114.0136,117.9928,124.2291,127.3077,142.7743,136.6677,142.4189
2015-04-20,100.5121,108.9813,141.0486,114.9388,119.2356,124.9379,127.8798,143.8217,137.1313,143.9751
2015-04-21,102.5458,112.5455,144.5162,116.8338,120.7848,125.4852,127.8624,144.2282,139.445,145.2077
2015-04-22,102.3299,111.8448,143.6596,116.3044,120.8094,124.7459,127.8922,143.1864,139.3452,145.8343
2015-04-23,102.402,112.5808,145.2108,115.5885,121.4962,123.6754,127.7496,143.719,140.4337,147.0575
2015-04-24,104.1469,114.5861,147.6563,118.1197,124.8214,124.3512,127.5808,142.9145,142.638,148.029
2015-04-27,103.3357,112.6111,144.8561,116.7126,123.9946,124.8007,127.5699,143.5916,142.4464,149.4172
2015-04-28,102.7994,111.9955,143.4002,114.8798,124.2782,124.7394,127.2024,143.2112,140.8176,148.956
2015-04-29,102.3286,110.7292,140.0972,114.608,126.2173,125.8898,127.5535,144.395,139.5026,150.4505
2015-04-30,100.0169,107.9198,135.2035,112.565,123.4373,127.7764,127.7916,143.6827,137.4621,150.3802
2015-05-01,102.0309,111.1785,138.6684,114.6846,126.7355,125.793,126.9222,143.5872,140.2295,150.8468
2015-05-04,100.5803,109.6122,136.3821,113.7852,124.2009,126.4818,128.1171,143.8338,139.3146,150.2005
2015-05-05,99.8729,108.0005,134.5151,112.7679,124.7859,127.5089,128.5021,143.9495,139.8225,150.4987
2015-05-06,100.1468,109.3123,135.3685,112.3945,124.2448,127.5069,128.3215,144.5949,142.0325,148.926
2015-05-07,100.8736,110.1688,134.3827,112.1718,124.2198,127.4729,128.2733,145.6298,141.7191,149.8556
2015-05-08,100.747,111.0148,134.7842,112.4478,124.4241,127.7053,128.1782,144.6556,142.5286,148.6185
2015-05-11,100.9722,111.167,135.0073,111.3855,125.3059,128.5907,128.5157,145.2617,141.7962,148.309
2015-05-12,101.9435,111.8578,136.1441,112.3806,125.3508,129.2455,129.2383,145.0726,144.9102,149.6419
2015-05-13,101.7905,111.0628,135.9228,112.9903,124.6334,127.9522,128.2427,145.4304,145.8632,152.5016
2015-05-14,101.6079,110.3264,138.4123,113.4557,125.0572,127.8892,128.2559,145.3212,145.9132,151.5097
2015-05-15,100.0924,108.141,135.1299,112.3648,122.857,128.675,128.1334,145.7413,145.1487,151.1903
2015-05-18,100.1554,109.2245,135.702,113.0933,121.6543,128.1551,127.9905,144.4681,144.1783,149.4285
2015-05-19,99.6206,109.494,135.7278,111.0515,121.1502,129.1313,128.6431,145.6017,142.7044,150.843
2015-05-20,100.072,110.271,136.1243,112.859,122.0736,127.7697,128.6459,146.361,143.7983,151.9469
2015-05-21,99.9813,110.0209,134.4118,112.9876,122.1587,127.8628,128.3601,146.6637,144.0294,152.7516
2015-05-22,100.8498,110.7527,134.7234,114.3506,123.2638,127.2968,128.2695,147.3789,146.6209,153.1285
2015-05-25,98.698,107.5437,132.1782,111.5204,121.04,127.1158,128.533,144.823,143.381,149.868
2015-05-26,97.0392,107.0763,130.7736,109.7788,119.541,128.3103,128.8446,144.2417,143.7484,149.705
2015-05-27,98.4016,108.8103,132.2744,111.905,120.4927,129.0625,129.2504,144.4829,144.5432,149.2684
2015-05-28,98.5996,109.1257,133.2722,111.4189,121.337,128.4532,128.9548,144.2955,144.5111,149.2095
2015-05-29,97.2862,108.1901,131.2057,110.4725,119.956,128.731,128.7041,144.6984,143.5502,148.9
2015-06-01,96.2199,106.6556,128.899,109.3304,117.8409,128.7512,129.4054,142.8658,141.3728,148.0336
2015-06-02,95.5764,107.0783,127.4884,109.8253,116.6204,127.1761,128.9895,141.9698,142.2556,148.6858
2015-06-03,95.5746,105.8468,126.9642,109.9189,115.9115,127.4817,128.302,141.4967,141.4171,146.9882
2015-06-04,95.3823,106.2201,126.9161,109.9188,116.049,127.6115,128.1998,141.5765,139.9776,146.9602
2015-06-05,94.1276,106.0802,127.2302,109.1347,114.2397,127.4021,127.487,141.4784,139.8888,149.7149
2015-06-08,95.3237,107.3418,127.9381,110.6452,114.6418,127.7406,127.6654,140.8584,141.5263,148.0319
2015-06-09,97.045,110.1756,130.783,113.0059,115.7332,128.7145,127.842,141.3057,142.1879,148.9434
2015-06-10,97.9601,112.1004,131.3963,113.0681,117.7195,128.0463,127.5025,142.4159,144.2841,148.7872
2015-06-11,97.9483,113.4239,131.612,114.123,116.2889,127.1392,127.0661,141.3102,145.6536,148.867
2015-06-12,96.7843,111.0755,131.2109,111.4897,114.9181,127.4686,127.2936,142.1373,145.7099,148.9445
2015-06-15,97.7669,113.7945,132.7581,113.311,116.8701,126.8446,126.9084,142.0955,147.6999,149.8796
2015-06-16,96.6456,113.4225,131.1167,112.725,116.808,125.8551,127.0443,142.7388,145.8027,151.1145
2015-06-17,98.4104,114.7627,132.2468,114.2873,117.7215,125.8728,126.7232,143.9771,148.0037,151.819
2015-06-18,98.4921,114.624,131.1182,114.8271,118.2946,126.392,127.2758,144.1268,148.8898,151.9581
2015-06-19,98.0969,113.8245,129.8326,114.6868,119.0029,126.4061,127.366,143.7281,148.0933,150.7667
2015-06-22,96.7287,111.2973,129.1838,114.2226,118.0877,126.9803,127.6579,144.1807,147.054,151.0041
2015-06-23,96.7949,111.3646,127.4432,113.8557,115.8677,127.4603,127.8377,144.532,147.0095,150.2194
2015-06-24,94.3387,110.1494,124.8315,112.2549,114.4276,127.1906,128.4882,143.6193,146.1161,147.9002
2015-06-25,95.727,110.9144,126.8791,114.8949,116.2279,127.1835,128.3685,143.4304,147.248,146.1727
2015-06-26,92.654,106.1447,122.1593,111.3885,113.1968,128.0606,128.9725,144.5629,145.0355,147.9305
2015-06-29,91.8381,105.8531,121.4412,108.792,110.7889,127.534,129.0942,142.5862,144.2706,148.153
2015-06-30,91.4992,106.0154,120.8739,108.7535,110.7999,126.7665,129.2668,143.0958,144.7684,148.4774
2015-07-01,91.9495,107.6352,122.6676,109.2543,111.008,126.7842,129.4992,143.7274,147.1569,150.567
2015-07-02,91.1229,106.3274,120.7843,108.2771,109.2138,126.8754,129.2307,144.5707,145.693,151.2227
2015-07-03,92.6691,107.9919,122.6492,109.2849,110.8814,126.2358,128.6549,145.6592,148.0456,152.4906
2015-07-06,92.5194,108.111,122.5593,109.9981,110.6988,126.5657,128.9596,146.5471,147.9873,151.9069
2015-07-07,92.0046,105.7884,122.3945,108.592,109.6306,127.559,129.3025,145.2006,145.6802,150.4994
2015-07-08,91.7849,104.1659,121.9023,108.0755,109.2843,127.847,129.8963,142.651,145.4535,147.6545
2015-07-09,89.5198,102.6115,117.35,106.8954,107.7187,127.8597,129.8872,141.8638,144.4142,147.7796
2015-07-10,89.3166,103.116,117.2381,106.8829,107.1199,127.0418,129.6974,141.4457,144.2409,147.4127
2015-07-13,89.5802,105.0293,116.8482,107.8886,107.4704,127.1342,130.3415,142.577,144.8141,147.0528
2015-07-14,89.3453,105.6282,116.9538,108.6923,107.4298,127.5857,130.8936,141.8027,144.7235,147.028
2015-07-15,88.783,103.1404,115.7824,107.9112,106.2961,127.6752,130.5214,140.0961,144.4765,145.1811
2015-07-16,88.4972,102.6289,115.4184,107.6616,106.6854,128.0211,130.8097,140.3509,144.401,144.9177
2015-07-17,88.8061,104.7265,117.0804,108.8021,106.8458,127.7669,131.0916,140.8775,144.7231,145.0775
2015-07-20,89.866,106.5949,118.3785,109.5532,108.3622,128.3852,131.5018,139.0743,144.6371,142.9937
2015-07-21,90.5817,108.0198,118.1765,110.4027,109.153,127.1162,131.5611,137.8623,145.2154,144.5369
2015-07-22,90.9769,109.6981,119.3996,110.666,108.4642,127.4113,131.8917,137.4455,145.6977,145.5202
2015-07-23,88.1378,105.4902,115.9816,108.2236,105.9422,127.1674,131.7825,137.3568,143.3101,143.881
2015-07-24,88.9666,106.3211,115.6391,108.1422,107.3261,128.4134,131.8176,136.8723,142.821,143.1522
2015-07-27,88.9895,106.5523,115.4924,108.5511,107.7083,129.7127,132.1467,135.855,141.6973,142.7802
2015-07-28,91.4215,110.3796,119.1595,110.6884,109.2174,128.9403,131.397,135.595,146.9428,142.6985
2015-07-29,91.1929,109.7701,117.1971,110.0411,108.651,129.3741,131.3047,135.6546,147.9692,144.2895
2015-07-30,91.9078,110.6322,117.7671,110.2891,109.5565,127.1508,130.5326,136.2738,149.157,145.3342
2015-07-31,90.8729,109.7747,116.4407,110.1085,109.582,127.4404,130.8476,135.744,149.2019,146.7377
2015-08-03,89.4637,107.6258,115.6414,108.2866,106.5509,129.2598,131.5812,134.6268,147.7494,144.1065
2015-08-04,87.58,106.0501,113.2102,107.6707,104.5045,129.7337,131.8472,135.2119,145.6983,141.9309
2015-08-05,88.7931,106.5469,113.7903,109.3496,106.4131,128.8593,132.1991,134.8934,146.6898,143.1518
2015-08-06,88.5945,105.2406,112.4163,109.5596,106.0275,129.1761,132.3997,134.37,145.9822,142.846
2015-08-07,88.7149,106.9071,113.0768,110.1509,107.6542,129.2247,132.5899,134.0659,147.7881,141.7423
2015-08-10,88.2584,104.5701,112.0513,110.4669,109.0929,128.0719,132.6928,135.134,148.5693,142.6721
2015-08-11,88.9315,105.2959,110.8729,110.2483,108.2699,127.0253,132.8189,135.3599,149.9401,143.4291
2015-08-12,88.7473,103.8555,111.4647,109.8901,107.2633,126.0778,132.71,136.0842,150.3564,143.217
2015-08-13,87.653,101.4753,109.7993,108.2622,105.7723,127.0913,133.0095,136.8129,150.7682,144.2408
2015-08-14,87.209,101.7229,110.0624,107.6187,106.3474,126.8995,132.8865,137.7857,150.4542,143.0367
2015-08-17,87.4879,102.0382,110.1674,107.9991,107.7435,125.8684,133.0674,139.3868,153.0897,144.1926
2015-08-18,88.4748,103.5264,112.6833,110.0054,111.446,124.7295,132.2069,139.5539,155.2208,146.2136
2015-08-19,87.723,102.6812,111.43,108.4728,110.6482,124.6078,132.7283,140.1205,153.0792,146.1872
2015-08-20,86.196,100.4848,110.258,106.5177,109.0658,125.9514,132.9882,139.8393,152.6954,143.7397
2015-08-21,86.9174,100.3511,110.21,106.4573,108.238,125.7296,132.6248,139.5515,153.3413,141.8454
2015-08-24,85.842,99.4786,109.6529,106.4946,105.931,124.4508,131.6646,138.8786,153.9725,141.8486
2015-08-25,85.1832,98.663,108.4671,105.9429,105.2961,124.015,131.0169,139.3428,153.2225,142.9456
2015-08-26,87.904,101.4222,111.2676,108.4156,107.0203,123.9406,130.6735,139.7563,155.5051,144.4795
2015-08-27,88.5938,104.1694,112.6359,108.6223,108.5794,123.7658,131.0008,140.187,155.9764,146.2882
2015-08-28,88.1833,103.4955,112.7657,107.7878,106.8111,124.1755,130.8344,140.4068,155.8502,146.8178
2015-08-31,87.4579,102.6915,111.6618,107.3774,105.8346,124.813,131.1743,141.2227,155.3038,146.385
2015-09-01,88.0305,103.7894,113.0834,108.5818,106.9739,123.0434,130.13,140.9451,155.0817,145.4987
2015-09-02,85.1945,101.9292,110.093,106.4389,104.7064,124.1857,129.9626,141.558,153.7847,144.3039
2015-09-03,85.9398,102.3579,111.829,106.9315,105.72,124.4745,129.8214,140.651,154.7069,145.296
2015-09-04,86.515,104.1032,111.9134,107.7503,108.1568,123.8976,129.6084,140.3022,157.3738,144.2037
2015-09-07,86.3618,103.6258,110.9049,108.4218,109.1371,124.1885,129.9715,140.6241,156.2608,143.2333
2015-09-08,85.1231,101.3114,108.5033,107.7405,107.4841,124.52,130.1055,140.8977,155.0494,141.7331
2015-09-09,83.5318,98.7033,106.4836,106.1238,106.9991,125.1874,130.9494,141.4207,153.7518,141.5721
2015-09-10,83.1852,98.6944,105.5655,105.2092,107.9284,125.4269,131.351,140.0451,153.7296,139.7091
2015-09-11,82.3404,96.8982,104.0381,103.9619,106.8906,126.8839,131.9212,139.629,152.0241,140.0206
2015-09-14,81.229,95.7311,101.8375,103.0052,105.8077,126.1093,131.4503,139.3048,151.4393,139.576
2015-09-15,81.3184,97.5643,102.2673,103.7187,106.4102,125.6626,131.6467,139.6308,152.913,140.5299
2015-09-16,81.9691,98.6209,102.3449,104.597,106.5373,125.5352,131.5767,139.2885,153.2858,139.3138
2015-09-17,83.2142,98.9154,104.0747,105.6455,107.0582,125.0027,131.624,137.7178,153.0519,137.6021
2015-09-18,83.3895,98.5021,104.6432,105.7131,108.4348,125.7402,132.166,138.1551,152.7476,139.7638
2015-09-21,82.8777,97.9302,104.3256,105.1173,108.3993,125.241,132.4661,138.5588,152.1584,139.6497
2015-09-22,81.9454,96.3428,102.9073,105.4807,107.1351,127.3687,133.4056,138.9687,150.7848,140.3499
2015-09-23,80.3671,95.2664,100.3733,104.3707,105.5603,128.0331,133.8304,138.6716,151.0689,140.7307
2015-09-24,81.393,97.0419,101.6203,104.8919,106.4277,127.7811,133.8633,140.0734,153.5545,140.5535
2015-09-25,81.6179,98.7341,101.5665,104.3588,106.7147,126.1635,133.0636,139.8514,153.6916,141.1779
2015-09-28,80.1738,97.0399,100.2529,103.1334,106.2873,127.5659,133.7895,140.8688,153.769,141.5142
2015-09-29,80.0721,96.5791,100.986,103.8843,105.9191,128.2812,134.1325,141.932,153.7293,141.4596
2015-09-30,79.0113,95.9271,99.9004,102.5748,105.4658,129.1027,134.6006,141.0843,152.911,142.0645
2015-10-01,79.4188,96.7246,100.8343,103.5516,105.8266,129.0903,134.5685,141.4374,152.3581,144.0312
2015-10-02,79.8621,96.9006,100.4675,103.5781,105.9692,130.3248,135.0106,142.5631,151.9235,143.9274
2015-10-05,78.6154,95.4059,98.7285,103.1469,105.5147,130.7706,135.0604,142.0602,151.4457,142.8634
2015-10-06,78.8039,96.4098,99.9766,103.0292,106.4584,130.4339,135.0902,141.5131,150.8526,139.5104
2015-10-07,79.4542,97.5239,101.3528,103.6344,106.6078,130.0421,135.5923,142.0908,152.1517,139.9661
2015-10-08,79.1297,95.2699,100.2141,102.9871,104.9806,130.0483,135.4104,142.1609,151.8772,140.1111
2015-10-09,80.2421,97.2055,103.0856,104.4305,106.1555,129.5406,135.4461,141.6627,152.2926,139.826
2015-10-12,80.0188,97.3762,103.1066,104.029,106.0752,130.0434,135.5603,141.7004,150.15,138.464
2015-10-13,80.4635,98.6745,103.2836,104.3979,107.3136,130.2636,135.8116,141.9209,151.3502,138.5023
2015-10-14,79.9153,97.7082,102.3242,104.3978,106.9889,130.8736,135.9561,142.0945,153.5843,139.6549
2015-10-15,79.9773,97.1502,102.598,103.0292,107.6133,131.2123,136.7563,141.9408,152.8558,137.9627
2015-10-16,78.45,94.9866,100.4824,101.1687,105.1289,132.3682,137.0286,142.2725,151.1254,138.0451
2015-10-19,79.2571,96.7782,102.0864,102.1074,106.1051,130.8057,136.3373,141.9339,152.585,139.4885
2015-10-20,78.2536,95.4679,101.1689,100.7846,104.6116,130.6151,136.4434,141.2017,152.5107,137.7229
2015-10-21,78.4688,95.055,101.4734,100.881,103.9234,131.2544,137.1292,142.056,151.7882,138.379
2015-10-22,79.957,97.6579,104.3469,102.5277,107.0543,130.7258,137.0055,143.7766,155.7375,141.9568
2015-10-23,80.5268,98.3669,105.342,101.873,105.5621,130.3794,136.7955,146.1932,157.0899,143.5681
2015-10-26,79.6687,98.1959,104.7523,101.0662,104.4077,131.3077,137.2577,146.0331,156.4947,142.4828
2015-10-27,80.1647,98.9193,106.3526,101.3544,106.277,131.7854,137.3767,146.9977,158.3597,144.7418
2015-10-28,80.661,99.2106,106.1485,101.7504,106.1467,132.7019,137.9259,144.687,158.89,142.8452
2015-10-29,79.5704,97.7951,106.2767,101.3491,105.9396,132.3018,137.973,144.1092,158.2423,143.6459
2015-10-30,79.2648,96.5029,104.4196,99.4225,106.6862,133.2191,138.4495,142.9258,157.8262,141.4512
2015-11-02,78.944,94.7989,103.9446,98.5414,106.1847,132.9589,138.8794,143.1239,156.4429,141.5857
2015-11-03,79.1837,95.71,103.8056,99.2053,107.5987,132.3821,138.5321,142.2106,156.7934,141.3041
2015-11-04,79.1736,96.0363,103.7396,98.4598,109.4536,131.4478,138.0669,142.1527,158.2848,140.849
2015-11-05,79.1116,96.1713,103.5493,98.967,109.8654,131.9945,138.2445,140.5873,158.3224,140.1388
2015-11-06,78.3837,94.8297,102.3675,98.6951,108.8301,132.7595,138.7874,141.5094,156.7703,141.333
2015-11-09,77.1091,92.1369,99.5722,96.4103,106.7495,132.638,138.3485,140.7638,154.783,139.0835
2015-11-10,76.6545,92.5122,98.4292,95.6497,107.1876,132.5043,138.1469,139.7288,155.0196,140.5718
2015-11-11,76.3712,91.5347,97.6717,93.98,106.5322,132.0575,137.3677,139.566,153.2314,141.6094
2015-11-12,76.7076,91.3235,99.0966,94.7255,106.5794,132.9484,137.6897,139.959,154.4118,141.3504
2015-11-13,76.1621,90.4257,97.4253,95.1771,107.1856,134.7029,138.0254,140.875,153.2264,140.6975
2015-11-16,76.1969,91.7088,96.9357,96.1346,106.9805,134.1772,137.8788,139.7195,154.1403,141.7941
2015-11-17,76.394,91.7682,98.257,96.6375,108.6545,134.8393,137.5483,140.9784,155.2539,142.5123
2015-11-18,77.7178,93.9325,100.1087,97.4478,110.6391,135.7766,137.0701,141.0316,157.7738,143.7266
2015-11-19,77.406,94.337,99.8754,97.6616,111.7728,135.0474,136.5241,140.1474,155.8346,144.7294
2015-11-20,76.887,92.5989,100.354,97.413,110.8956,136.1464,137.3042,139.4304,154.2902,143.2859
2015-11-23,77.0946,92.5886,99.5409,97.4809,109.9943,136.7381,137.2174,139.8899,154.7158,143.15
2015-11-24,78.0528,94.3163,100.5868,98.6744,112.0055,136.8377,137.6255,140.4372,158.4971,143.8691
2015-11-25,77.0787,92.792,98.8268,97.8267,109.9992,137.73,137.9507,140.8189,157.5782,143.5983
2015-11-26,77.7538,92.6411,98.8654,98.6039,110.4049,138.3707,138.4788,141.645,157.0905,142.7191
2015-11-27,77.3459,92.6933,100.1841,99.4889,112.0189,137.847,138.3209,141.5631,157.7948,143.179
2015-11-30,78.2417,93.1879,99.4786,99.4838,110.8427,135.4846,137.1862,140.4801,158.0083,142.6804
2015-12-01,78.3469,93.6789,99.2363,99.3907,111.6188,134.4698,136.5851,139.9977,160.0618,141.7771
2015-12-02,77.9723,92.6768,97.6966,97.6098,112.0371,134.903,137.6062,139.499,158.9294,140.5492
2015-12-03,79.0747,94.4548,100.5619,98.765,113.7093,135.3178,137.6015,140.1506,161.9524,141.4326
2015-12-04,78.7581,95.2591,100.1279,98.1799,112.9218,135.0018,137.0607,140.7696,162.0759,141.7235
2015-12-07,80.0452,95.6837,101.0267,99.2093,113.7348,135.0931,136.8546,141.7333,164.4704,141.5554
2015-12-08,80.9278,94.8478,100.1236,99.1374,113.1804,135.5261,137.6747,140.7418,162.7817,141.6285
2015-12-09,81.7851,97.0236,101.2382,99.8889,114.3054,133.8212,137.1067,139.5837,164.1615,141.164
2015-12-10,82.4029,97.6289,102.4886,100.8205,114.6812,132.4695,136.7084,139.4914,165.8393,143.0956
2015-12-11,82.712,97.8238,103.0645,101.2424,114.4979,132.7372,137.2482,139.4915,165.649,142.6878
2015-12-14,83.205,97.444,102.6897,101.0233,114.6865,132.1159,137.1427,140.1415,165.9464,142.1127
2015-12-15,83.8993,99.8428,103.7886,103.5705,118.0627,131.389,137.2831,139.998,168.4875,142.1124
2015-12-16,84.7541,100.5344,104.5407,104.7293,119.2871,130.7776,137.1604,140.4938,170.72,141.9962
2015-12-17,84.4451,100.861,104.5879,104.4361,120.3226,130.5492,137.01,139.8093,171.4367,141.9497
2015-12-18,83.5231,100.2555,103.9226,104.3119,121.805,130.6731,137.3252,139.3223,171.954,142.225
2015-12-21,84.0183,101.0378,105.2983,105.3511,122.0406,131.4225,137.4592,138.9429,173.6538,140.5957
2015-12-22,84.3832,99.0582,105.3117,104.9497,121.5447,131.7497,137.8103,137.7683,171.7207,140.1608
2015-12-23,84.1877,99.9296,105.0008,104.3602,121.2147,132.0741,137.6666,137.6412,171.025,140.7792
2015-12-24,84.8342,100.2791,106.0015,105.2391,120.4386,132.1,138.1412,136.2923,170.0789,141.1435
2015-12-25,83.4358,97.9828,103.1707,103.7885,117.9214,133.8201,138.6506,134.3355,167.3217,138.8838
2015-12-28,83.4429,98.2658,104.0505,104.5647,117.2315,133.4886,139.0201,135.0901,167.7641,138.9763
2015-12-29,83.0447,97.9615,104.8758,104.9235,116.9852,132.8618,139.7222,133.8524,168.2997,137.9601
2015-12-30,83.2839,99.3166,105.4072,107.157,116.9962,131.7564,138.9508,133.5106,170.4344,138.5697
2015-12-31,82.1747,98.3077,104.7932,107.314,116.1445,133.0493,139.5647,133.954,168.3368,139.2045
2016-01-01,81.917,96.797,104.7901,106.7687,113.939,133.0522,139.2901,134.0641,167.5454,138.7676
2016-01-04,81.0969,94.842,102.8357,105.6266,113.2319,133.1125,139.5438,132.7671,163.9284,137.2057
2016-01-05,81.2311,94.7635,102.452,104.5168,112.8341,134.4037,140.4402,132.165,162.7743,135.8459
2016-01-06,81.422,94.5356,102.2375,104.6868,112.6454,133.966,140.3366,132.1869,160.5642,134.407
2016-01-07,82.1111,95.1538,101.9166,104.7767,113.3133,134.3758,140.5414,131.1871,160.2555,135.2724
2016-01-08,81.385,94.5971,100.8418,104.1143,112.196,135.6002,140.8471,131.3408,158.9386,132.6065
2016-01-11,83.292,95.9904,102.4873,104.402,113.9073,134.8441,140.4771,131.1189,160.7579,133.3173
2016-01-12,83.2034,95.6482,102.809,103.994,113.3899,135.1135,139.9583,130.4449,159.7623,132.6587
2016-01-13,84.9555,97.2376,103.017,105.4865,115.2098,136.0373,141.0777,130.776,160.0699,132.4094
2016-01-14,84.7133,97.5545,102.6712,105.2033,116.4357,136.122,141.1101,130.0984,161.2538,132.824
2016-01-15,84.8878,97.9,103.2425,105.2889,117.0694,135.9006,140.8234,129.7345,159.8088,131.3474
2016-01-18,85.328,98.825,104.4552,106.1178,117.3794,136.0669,141.5098,130.0963,161.1735,131.6737
2016-01-19,86.0998,98.9663,104.671,107.4679,119.2504,136.2701,141.8684,130.0351,161.2836,130.4565
2016-01-20,88.0895,99.6486,107.1651,110.1182,120.5291,136.6435,142.527,131.1431,161.8443,131.9622
2016-01-21,89.3216,100.893,109.684,111.0807,121.3659,136.9412,142.4567,131.4652,164.6443,132.2542
2016-01-22,88.7769,99.7719,108.1315,109.9669,119.7394,137.1586,142.9839,131.1471,164.0538,130.5513
2016-01-25,89.7447,101.2576,109.1662,111.5463,122.4598,137.4404,142.6199,131.5996,165.4373,131.7554
2016-01-26,88.3518,100.5948,108.3471,110.8317,120.1014,137.6735,142.6673,131.5724,163.3999,131.3239
2016-01-27,89.4665,102.1353,111.2142,112.3542,122.3198,136.4644,142.0876,131.7595,164.9079,132.3923
2016-01-28,89.877,103.6709,111.1132,113.616,122.7258,136.7437,142.886,131.347,164.5706,131.9873
2016-01-29,89.7106,104.2877,111.0276,112.2377,122.4319,137.0141,142.5538,132.9795,164.1482,133.9859
2016-02-01,89.1519,104.8321,111.5653,112.2243,122.9913,135.6662,141.8288,133.6913,164.658,134.1498
2016-02-02,88.9898,103.0133,110.7119,111.8029,121.4412,136.7245,142.1616,133.7242,165.4806,134.0059
2016-02-03,88.9127,103.1361,109.4738,111.7353,123.5086,135.97,142.3354,133.9974,165.2051,134.5211
2016-02-04,91.2176,106.4918,112.0784,111.9504,125.2105,133.1472,141.0247,132.3168,168.8919,135.3496
2016-02-05,91.2484,106.6948,111.3708,111.9855,125.4543,133.3248,141.4831,133.2463,169.2389,134.5661
2016-02-08,92.5072,108.4852,111.766,112.5943,128.172,134.1187,141.2501,133.285,168.7234,135.9154
2016-02-09,93.0927,107.9826,110.8732,114.0087,128.8286,133.3556,140.9654,135.679,169.4219,137.8323
2016-02-10,92.6157,109.2171,111.6382,113.9538,129.5139,135.0258,140.9717,133.1953,168.3698,136.3004
2016-02-11,91.6635,107.0296,109.4295,112.2752,126.2157,134.9566,140.8194,134.1497,168.3033,137.2584
2016-02-12,91.7015,104.4328,108.5672,110.3769,125.0216,134.7399,140.6702,136.2752,169.293,140.2912
2016-02-15,91.4231,103.6669,108.4296,110.2306,124.7006,134.3747,140.3578,134.6703,168.9838,139.0004
2016-02-16,91.7728,101.9681,108.4395,110.5678,125.5342,134.1921,139.7792,135.8693,170.3843,138.7239
2016-02-17,91.3765,100.2701,107.7061,109.749,125.3463,134.0556,140.2699,135.5125,169.2178,139.1768
2016-02-18,90.2188,100.1627,106.2397,108.733,124.1844,135.1124,141.5169,134.9055,168.1557,137.5601
2016-02-19,90.3618,100.0187,106.3645,108.5415,125.0958,134.1127,141.1945,133.8882,168.5757,139.6091
2016-02-22,91.2622,99.9629,106.7,109.9563,126.5642,133.5241,140.8273,134.8308,171.0224,141.7064
2016-02-23,91.4041,99.6614,105.8537,110.5051,124.6654,134.1716,141.2465,136.1667,172.1993,143.1634
2016-02-24,89.7529,97.6152,104.3426,108.5419,124.6867,133.7539,140.901,137.317,171.8113,142.7211
2016-02-25,88.677,96.5474,102.6536,106.5425,122.4191,134.4848,141.2039,139.0233,169.3854,142.8024
2016-02-26,88.0262,95.2327,102.1524,107.0548,121.8151,134.2797,141.1394,138.1097,168.0777,141.0371
2016-02-29,90.0296,98.329,105.8751,109.9174,124.943,133.8249,140.3324,137.006,172.2883,143.234
2016-03-01,90.3934,97.3853,105.7823,108.75,124.355,133.638,140.4446,135.7069,172.6139,139.0338
2016-03-02,88.4582,96.8781,102.922,106.0574,121.0345,134.0551,140.4351,134.5767,170.5498,138.6862
2016-03-03,87.81,97.0935,101.3326,106.1677,119.4021,134.7291,141.375,136.1455,169.9339,138.6099
2016-03-04,87.342,95.8708,99.7482,104.7551,117.6239,135.0572,141.5082,136.4703,168.9088,137.4482
2016-03-07,87.2439,96.3761,99.4697,105.0521,118.9079,135.5114,141.6378,135.646,169.1724,137.2173
2016-03-08,85.3987,94.5779,97.5955,103.9738,116.3832,135.6854,141.4808,135.0493,167.2952,137.065
2016-03-09,85.8165,94.1472,97.8295,104.0186,115.7987,136.4579,141.7816,136.0254,169.4086,137.4885
2016-03-10,87.1527,95.373,99.5372,106.0709,117.9213,136.5208,141.2089,136.8146,171.4072,140.4349
2016-03-11,88.3253,97.7719,102.1071,108.1051,118.2502,135.4456,140.7516,137.4208,173.3902,140.8327
2016-03-14,88.0927,97.3522,102.3458,107.8233,117.7809,135.5916,140.4351,137.9285,173.9855,142.2616
2016-03-15,86.7698,95.0078,102.6934,106.3486,116.8244,135.7695,140.7248,138.3333,171.2992,141.1933
2016-03-16,87.0549,95.3161,104.2903,107.516,118.256,136.0137,140.3451,138.4804,171.4989,143.2278
2016-03-17,87.9014,97.1994,106.4181,109.5418,118.7012,135.9807,140.5341,137.8731,173.0444,143.1304
2016-03-18,87.3238,96.9985,106.0673,109.1921,118.6554,136.4464,140.5478,138.0058,170.7586,142.6908
2016-03-21,88.0974,97.765,106.2003,110.5053,120.0209,136.5514,140.7448,138.8715,173.8848,143.501
2016-03-22,87.548,98.0239,105.3694,109.5874,118.4208,136.8367,140.5787,138.3568,172.7407,143.9974
2016-03-23,87.0472,96.695,104.6028,109.0363,117.9543,137.5483,141.3771,137.9708,171.0768,144.0883
2016-03-24,88.2641,98.7642,105.6213,109.3776,118.497,136.1562,140.4509,136.1703,174.2983,143.5921
2016-03-25,88.4616,98.4017,104.9086,109.318,118.4875,136.3066,140.8697,135.8519,173.9002,142.7969
2016-03-28,90.5567,101.3822,107.8,111.2413,121.5407,136.1171,140.4073,136.1054,177.4156,145.2271
2016-03-29,90.1521,100.7828,106.6276,111.3181,120.9982,134.3486,139.934,135.5357,176.885,144.0251
2016-03-30,88.7694,98.6172,103.4835,110.7341,119.734,134.5231,139.366,135.1397,174.5632,142.4568
2016-03-31,89.0465,99.3981,102.8479,110.6961,120.6124,134.0668,138.8604,136.2181,176.4538,142.2289
2016-04-01,87.8727,99.7339,102.3942,109.2425,120.9799,133.5214,138.1693,135.5636,175.6316,139.7341
2016-04-04,85.6174,96.0897,98.3042,106.3592,117.8548,134.5376,138.7808,135.4145,172.0112,137.0049
2016-04-05,85.0981,94.9638,97.3908,105.9614,118.085,136.6541,139.0162,135.3014,168.5308,138.1535
2016-04-06,85.1164,95.6817,97.4942,105.7444,117.9582,136.9321,139.102,134.9777,169.1836,136.9306
2016-04-07,83.9615,95.1613,97.0196,104.9727,115.7156,136.6317,138.8095,134.8326,167.7009,136.4945
2016-04-08,84.0304,95.1773,96.8554,106.0625,115.3861,136.073,139.0256,134.4266,167.7758,137.4144
2016-04-11,83.4255,94.5665,95.7483,105.8333,114.8043,136.3581,139.4739,134.5936,166.9291,136.0376
2016-04-12,84.5243,96.3223,96.4149,106.6627,115.8216,137.4401,139.6506,135.2767,167.1956,137.1684
2016-04-13,84.4409,97.0279,97.5468,106.9504,117.0862,137.1947,139.4116,136.5304,167.2067,139.6726
2016-04-14,83.3817,95.9252,97.2421,105.2538,115.5786,136.7756,140.1621,136.7303,166.6471,140.173
2016-04-15,82.6414,94.5931,96.2585,104.4741,116.0812,138.889,141.182,136.3737,165.2962,139.6148
2016-04-18,83.2078,95.9804,98.1535,105.4693,117.046,138.8285,140.8826,135.6347,165.6632,140.6484
2016-04-19,81.7811,94.374,97.9107,103.8737,115.8466,139.8939,141.3225,136.4507,164.7802,140.6475
2016-04-20,81.846,94.7033,97.15,103.4925,114.8306,139.5754,141.2978,135.9082,164.9097,140.1503
2016-04-21,81.8382,94.9506,97.6226,102.8902,113.3441,139.9761,141.8065,134.5537,163.4278,139.5723
2016-04-22,81.7758,94.7914,96.9546,102.098,112.6666,140.5405,142.1062,134.8619,161.2987,138.4443
2016-04-25,83.1384,97.16,99.0437,102.6465,113.8843,141.25,142.6568,133.7781,162.4237,137.3729
2016-04-26,83.4824,97.819,100.0748,103.2992,114.3089,140.1619,142.5554,133.1752,163.7898,139.4523
2016-04-27,83.9133,99.0047,99.4059,103.7337,116.3647,140.4827,142.0722,132.8293,164.5458,141.0772
2016-04-28,84.8598,101.4933,100.2818,104.5983,117.6948,138.0414,141.2114,131.7773,166.3505,141.5101
2016-04-29,83.434,99.8962,97.4337,102.6425,115.7935,138.7278,141.429,132.9021,164.6741,141.0315
2016-05-02,83.556,101.02,96.6323,102.8541,116.7852,138.3416,141.2878,132.8329,166.5767,138.9837
2016-05-03,82.8637,100.68,96.5045,102.6911,115.749,138.8526,142.1882,132.4218,164.537,137.9401
2016-05-04,83.6771,102.839,98.6692,103.4435,117.0039,138.3727,141.1407,133.2808,165.2693,139.6681
2016-05-05,85.2382,104.1318,99.9258,104.416,117.318,137.4998,141.0297,132.9912,169.8751,140.3003
2016-05-06,84.8871,103.2256,99.8355,104.0802,115.6471,138.5523,141.7963,134.148,169.2607,138.8572
2016-05-09,85.609,103.0574,100.8459,104.8063,115.6902,139.7234,142.01,133.8094,167.7232,138.6646
2016-05-10,83.9385,100.6888,99.1599,103.7534,113.9186,141.1185,142.222,133.7935,165.0354,138.7161
2016-05-11,85.1813,102.3253,101.8963,106.0854,115.9717,139.8806,142.6105,134.8217,167.3456,140.4001
2016-05-12,85.3231,103.0072,101.5016,106.312,115.9032,139.4569,142.1977,135.2812,167.6114,142.2819
2016-05-13,85.25,102.6758,102.1896,106.523,116.441,138.5541,142.0198,135.9237,168.6455,143.7185
2016-05-16,85.7126,103.6512,103.6168,107.2293,116.5885,138.2153,142.4036,136.4282,168.6801,144.236
2016-05-17,84.3056,101.6798,102.9365,106.2072,115.2328,137.2412,142.0939,136.4833,169.9278,144.1263
2016-05-18,83.6548,101.7139,102.7176,104.875,114.7701,136.4698,141.4637,135.8969,169.9397,143.4357
2016-05-19,82.4463,100.2951,101.7986,104.3189,113.0025,137.6499,141.8371,136.1161,168.148,141.4837
2016-05-20,82.224,99.4236,100.6387,104.6314,112.7165,137.6484,142.1337,137.8291,167.1326,143.7399
2016-05-23,81.8401,99.2143,100.9103,104.1862,112.7775,137.8594,141.8556,137.9781,165.8933,143.2362
2016-05-24,81.8617,98.711,99.992,104.8515,112.8802,137.7188,141.5123,137.8964,164.9136,143.686
2016-05-25,84.434,101.4163,103.3649,106.8161,115.3974,136.8296,141.1095,141.6189,168.3305,146.7122
2016-05-26,85.5989,102.8866,105.1155,106.6657,115.6685,136.8594,140.3507,140.1626,168.803,144.4991
2016-05-27,85.8051,104.7788,105.4879,107.0944,115.8062,136.1011,140.3112,138.9978,170.7825,143.3975
2016-05-30,84.8712,102.4434,103.3163,104.9395,114.1183,135.7707,139.3683,138.6256,168.6602,143.5436
2016-05-31,85.0099,101.949,104.8966,105.1738,115.7693,133.8996,138.7042,139.7479,170.1239,144.5259
2016-06-01,86.9308,104.9364,107.5607,106.7429,118.6675,132.0665,138.1404,139.4009,174.023,145.4815
2016-06-02,87.3385,105.9249,107.2481,107.763,118.1142,131.5391,138.0753,139.8853,175.2925,145.1615
2016-06-03,88.2234,108.1482,108.9549,109.214,119.7996,130.0495,137.1912,139.9115,177.8959,146.164
2016-06-06,88.2333,107.8669,108.7847,108.9428,119.4725,130.1446,137.1258,138.9259,180.4596,146.0561
2016-06-07,87.6382,106.8708,106.5667,107.8798,118.7077,129.5012,136.9847,138.8767,178.8259,146.943
2016-06-08,88.5299,108.2832,107.4586,108.6287,118.7387,128.4169,136.5211,138.6707,180.7905,148.5135
2016-06-09,87.7941,108.981,106.1581,108.8312,120.0101,128.0533,136.0913,139.5638,180.9051,150.2478
2016-06-10,87.1106,107.9301,106.0164,107.2441,118.4899,129.5228,136.4302,138.7666,181.182,148.4838
2016-06-13,88.952,110.2907,108.0154,109.3654,121.1752,128.3958,136.2604,140.2898,184.3901,148.3835
2016-06-14,89.3611,112.0216,109.7026,108.8387,121.4488,126.536,135.6016,138.4629,187.3674,146.2104
2016-06-15,87.9232,110.488,108.87,107.7848,121.1774,126.8388,135.7711,138.0185,184.3317,145.3945
2016-06-16,86.7414,108.3575,105.3782,107.2654,119.9189,125.7465,135.1185,137.55,182.0079,145.434
2016-06-17,86.9766,107.9077,105.1789,108.7292,120.6771,126.63,135.7485,138.2891,180.7284,145.7817
2016-06-20,85.0485,105.992,102.332,106.605,118.8386,128.0105,136.4842,140.229,177.4252,145.9046
2016-06-21,86.1288,106.6121,104.7334,107.0826,119.7664,127.2665,135.8831,141.2231,179.7793,147.2704
2016-06-22,85.9859,108.8607,105.9857,107.4688,123.0771,126.3288,135.8109,139.1611,180.3786,146.317
2016-06-23,85.9301,108.0602,106.2227,107.2836,123.2929,126.6446,136.1805,139.2159,178.7296,147.6292
2016-06-24,87.1919,110.2739,107.3825,108.0465,124.2327,126.9725,135.6693,138.1141,179.7385,147.4036
2016-06-27,87.3819,112.2034,107.4322,107.8875,124.8639,125.6089,135.5083,137.0552,178.2192,146.0809
2016-06-28,86.9249,111.6188,106.6148,106.9696,124.502,125.684,135.5578,135.6938,176.8531,144.0673
2016-06-29,86.3501,110.3366,105.4636,106.5905,124.2658,126.493,135.5228,135.3213,175.7168,145.2454
2016-06-30,85.5533,110.2919,105.9182,106.0554,124.1064,127.6138,135.5116,136.1022,175.4318,145.21
2016-07-01,84.8643,108.8722,104.5834,104.5888,123.6358,126.8449,135.6645,135.5708,174.1787,144.5092
2016-07-04,86.0981,110.4473,104.6748,104.9546,125.3528,125.5131,135.3194,135.4169,177.7059,144.7209
2016-07-05,86.2964,110.7997,104.447,104.9137,124.8146,124.6699,134.8205,135.8425,178.8231,142.775
2016-07-06,85.8853,111.3758,105.0622,104.1502,126.3779,124.5233,135.327,134.1552,178.9212,141.0205
2016-07-07,86.9363,112.1633,106.5138,104.9432,129.8021,123.8317,134.9896,134.8681,181.3394,143.107
2016-07-08,87.2073,111.3557,106.1279,105.0153,130.032,123.7555,134.6738,132.7777,181.7107,140.5258
2016-07-11,85.8044,108.9582,105.6037,103.8587,128.5931,124.4001,134.6895,132.2434,179.8066,139.1623
2016-07-12,85.9499,108.7654,104.7735,102.7989,128.5166,123.8375,134.5033,131.7678,179.987,140.7923
2016-07-13,86.0176,108.1901,103.66,103.8398,128.9183,123.9532,134.7608,132.8863,182.9917,141.8956
2016-07-14,86.0839,107.6034,103.0414,104.1453,128.8928,124.2062,135.3272,134.758,182.8386,142.7409
2016-07-15,85.5548,106.3383,102.8424,103.1254,126.6075,125.315,136.4247,135.2103,180.6203,141.8521
2016-07-18,85.1731,107.13,102.4393,102.7819,127.7864,125.7349,136.3123,133.9504,181.2894,142.5528
2016-07-19,85.7643,106.3942,101.2657,102.2571,128.7119,125.8269,136.3246,133.6701,182.0701,141.3924
2016-07-20,87.9349,109.7919,105.7164,105.4321,131.0436,124.3656,134.9095,134.1928,187.4021,141.4909
2016-07-21,88.7217,110.8539,106.6393,105.8642,132.79,123.6818,134.7655,135.3872,186.3285,141.512
2016-07-22,89.5572,112.2611,107.0399,105.7575,132.6441,124.9569,135.5509,135.2566,187.2645,139.9149
2016-07-25,90.1538,112.656,107.7665,105.8742,132.7547,125.9534,136.0851,135.5489,187.5461,137.7914
2016-07-26,89.7488,112.8862,107.0247,105.2215,133.4873,126.5059,136.329,135.7774,187.525,136.9414
2016-07-27,87.5446,111.1948,104.9865,104.3633,129.5616,126.9908,136.7807,135.298,185.8932,136.7544
2016-07-28,85.8283,109.64,103.6687,103.1366,127.2818,127.9459,137.2029,133.2445,180.6315,134.3642
2016-07-29,84.5768,107.8396,102.6399,101.3713,125.4753,128.8117,138.1325,132.8868,178.4995,133.0382
2016-08-01,84.5464,107.2524,102.9424,101.3011,125.2719,128.9449,137.843,133.0017,177.7448,132.3862
2016-08-02,84.5362,108.3885,103.998,102.329,124.7183,128.445,137.9029,131.9039,180.3069,133.8031
2016-08-03,84.6368,108.1582,103.3355,102.8524,125.7658,128.0705,137.3397,131.7089,181.8876,135.596
2016-08-04,86.5103,111.2624,106.388,105.9892,129.7868,126.2496,136.5243,132.3105,184.9061,136.3326
2016-08-05,87.5813,114.1698,107.2654,108.8822,131.7891,125.3532,135.7716,132.099,188.3955,137.6327
2016-08-08,88.7353,115.6586,108.6275,109.1126,131.9633,123.8461,135.1939,132.1086,186.189,137.8028
2016-08-09,88.4629,116.1906,109.6601,108.8893,134.6633,124.189,135.3284,131.3677,186.8417,136.2334
2016-08-10,88.9554,116.2277,110.218,109.2066,135.0027,124.3808,135.0629,131.2235,186.6753,134.4719
2016-08-11,87.1372,113.1683,108.2203,106.4674,133.6716,126.2614,135.5319,130.4405,184.0116,132.8702
2016-08-12,86.8036,111.7012,107.5491,106.5262,132.9747,127.4464,135.8601,129.0321,182.4761,131.0143
2016-08-15,86.6327,111.3268,108.0096,106.1351,134.6153,128.002,136.2788,129.2176,182.9547,130.7794
2016-08-16,85.0264,108.4845,104.9584,105.2356,132.9518,128.4807,136.6095,128.0593,183.2383,129.0164
2016-08-17,84.3495,107.4749,102.653,105.1955,132.5969,129.9687,138.0496,127.121,179.4649,127.8969
2016-08-18,83.0846,107.1949,101.33,103.5843,131.6385,129.8491,137.7747,126.4686,178.4753,127.9821
2016-08-19,83.35,107.6956,99.8027,103.2158,130.8886,131.064,138.4712,126.7197,180.6913,128.2264
2016-08-22,85.3629,109.3438,101.1501,105.1138,131.349,129.338,137.7065,126.4554,181.55,127.4706
2016-08-23,86.1679,109.5593,102.3252,105.5971,131.7857,129.2781,137.6569,126.3048,181.6385,127.3806
2016-08-24,85.6643,107.6522,102.5474,104.7715,132.0474,129.0282,137.768,126.1206,181.3464,126.9178
2016-08-25,86.3943,108.3937,103.4218,105.1485,133.5812,129.1506,137.375,125.943,184.1807,127.3943
2016-08-26,86.8529,108.8183,104.9239,106.0532,134.7531,128.7776,137.8588,125.7358,186.478,128.0495
2016-08-29,87.248,109.0056,105.5081,106.9997,136.1781,128.3866,138.0188,126.6239,186.1804,128.5753
2016-08-30,87.4037,109.1009,104.4061,107.193,133.9437,127.9842,137.5314,126.5461,185.251,128.0575
2016-08-31,85.9721,106.5165,103.331,105.9373,130.8072,128.4767,137.8908,125.4491,184.5388,127.4706
2016-09-01,86.1052,106.0146,103.0567,106.5167,128.107,129.1552,137.9471,125.8221,182.7827,126.5093
2016-09-02,86.7612,108.0599,103.467,107.9457,130.0124,127.9298,137.4163,125.4715,181.7547,125.049
2016-09-05,86.6049,108.6959,102.9137,107.5858,129.171,128.5017,137.4729,123.8747,178.976,124.6892
2016-09-06,86.2098,108.4045,102.0941,108.7214,129.4252,128.11,137.4175,123.3903,177.8013,126.2416
2016-09-07,87.6025,110.5815,104.7014,110.1021,131.3712,128.7735,137.9451,123.0788,181.2048,125.1185
2016-09-08,86.1666,109.4909,102.9715,109.573,130.7101,129.0615,138.171,122.5596,178.2067,124.3461
2016-09-09,85.1561,108.9644,101.7914,108.217,129.051,129.2053,138.4185,121.7901,178.1181,123.5124
2016-09-12,84.5866,106.0823,100.1694,107.7641,128.1632,131.025,139.3111,122.1844,177.3415,122.3956
2016-09-13,83.2296,105.2413,98.0135,106.4802,126.943,132.6859,140.5538,122.2878,175.488,122.4558
2016-09-14,82.2202,103.0258,96.5056,105.3712,125.3871,133.4349,140.2357,121.0105,170.5063,121.7212
2016-09-15,82.4445,103.7396,96.7426,107.2748,127.5395,134.7379,140.1813,119.2911,169.8761,120.4374
2016-09-16,83.3626,104.408,98.1426,108.6002,127.1405,135.0345,140.3733,119.4859,170.1412,121.4584
2016-09-19,83.6933,104.9678,98.8183,108.9941,127.1993,134.9838,140.7619,118.7111,171.8121,119.7296
2016-09-20,83.4339,104.6013,98.5515,108.6393,127.4462,134.3821,140.822,117.3369,171.3005,118.595
2016-09-21,83.0715,103.9911,98.3026,108.3987,127.0065,133.8986,140.8643,115.8414,169.9581,117.8624
2016-09-22,83.4089,104.2886,97.7258,107.7531,126.567,133.6981,141.1614,114.3122,169.9496,117.4124
2016-09-23,83.0927,104.7421,96.8358,108.478,126.3281,132.8387,140.3024,114.5341,169.2428,117.4357
2016-09-26,82.6344,104.9818,96.3816,108.8129,127.4446,132.6873,140.1622,112.8861,168.6228,116.1565
2016-09-27,82.8726,105.1742,96.6949,109.0144,127.7812,132.3461,140.0683,111.9054,168.2444,115.7625
2016-09-28,84.3166,106.5525,97.8508,110.7014,130.9681,133.2057,139.9616,112.5442,171.936,116.2719
2016-09-29,82.2314,104.3648,95.5541,109.6674,128.944,134.0937,140.4131,113.938,168.052,116.1536
2016-09-30,81.691,103.8418,95.1894,108.9949,127.7141,135.3139,141.2374,114.4458,168.8785,115.789
2016-10-03,81.0952,103.004,93.6078,108.5828,127.2495,134.5172,141.7388,114.9115,166.7072,114.6817
2016-10-04,79.9444,102.1425,92.1494,107.2378,126.0497,134.9217,142.4042,115.323,165.4705,115.3629
2016-10-05,80.2616,103.1006,93.5512,107.4739,127.8053,133.9703,142.4155,114.7328,166.7155,116.914
2016-10-06,79.6408,104.1594,91.7125,106.4059,126.179,134.0858,142.3898,115.4848,166.2622,116.7541
2016-10-07,78.512,103.3747,90.0506,104.9713,123.0115,132.6779,142.1136,115.9016,165.0939,116.914
2016-10-10,77.5546,102.768,88.9436,104.4934,122.7675,134.4275,142.5821,116.637,165.1712,115.6706
2016-10-11,77.3123,101.7534,88.5285,103.3404,123.22,133.8948,143.3617,116.604,165.1463,115.6672
2016-10-12,77.5058,101.3237,88.0971,103.5427,123.3367,134.9742,143.3797,116.113,164.5815,115.488
2016-10-13,78.1587,102.1131,89.2744,104.9169,125.0037,134.6328,143.107,117.6514,165.4143,116.4421
2016-10-14,78.8211,102.8617,89.7514,105.1807,125.8207,134.917,142.8365,117.9318,165.5936,116.8537
2016-10-17,78.7708,101.9289,88.597,103.425,124.209,135.0769,143.1071,118.8078,165.0545,117.0303
2016-10-18,78.2772,101.9897,87.5742,102.6599,123.5594,135.4975,142.2191,117.6629,164.1146,115.9654
2016-10-19,78.6355,101.9782,88.3963,102.6802,125.8649,137.3433,142.1946,118.5313,165.0711,117.5908
2016-10-20,79.0106,101.788,89.6003,102.9503,126.8646,137.8706,142.2498,117.8704,164.1932,117.5364
2016-10-21,76.8017,99.0457,88.9075,101.8249,123.0496,138.9863,142.8589,117.2675,160.1592,115.8306
2016-10-24,75.4836,96.5192,87.7274,99.2153,121.0395,139.3771,143.3352,117.4627,159.0025,116.1767
2016-10-25,74.7273,94.4747,85.9718,97.825,120.1517,137.8058,143.4519,118.4024,155.802,116.415
2016-10-26,74.1253,92.1796,84.3101,96.8797,119.7694,138.8068,143.8128,118.3264,154.7678,116.3844
2016-10-27,73.8823,91.0312,83.8754,96.0908,117.5713,139.7327,144.4941,117.4696,153.4048,115.672
2016-10-28,74.1151,91.8811,84.2406,96.2669,118.6423,137.9319,144.0413,117.4948,156.1417,115.0478
2016-10-31,73.2281,90.9354,84.0124,96.856,117.2082,138.7752,144.5772,117.371,156.4859,115.0955
2016-11-01,73.7262,91.5047,83.3732,97.7303,118.5162,136.5086,143.1775,117.3142,157.8907,115.9134
2016-11-02,73.517,90.7247,83.0575,97.6522,118.2442,136.8336,143.8716,116.4528,156.5706,114.0067
2016-11-03,72.5418,89.957,81.6128,96.7777,116.4876,137.796,144.34,115.9794,156.0759,111.9782
2016-11-04,72.735,90.8491,81.5097,96.8053,116.8914,137.2816,143.1839,115.0351,157.4553,111.3528
2016-11-07,73.291,91.9289,83.1379,98.0625,118.611,138.4249,143.4682,114.582,159.0625,110.3398
2016-11-08,72.8271,90.952,81.4934,98.1761,117.2592,140.0993,143.7878,113.5532,158.4741,109.7509
2016-11-09,72.2856,90.8913,81.6238,97.2422,116.0461,139.83,143.734,112.8315,157.5402,108.7688
2016-11-10,71.8665,89.665,80.7843,96.0267,115.5793,139.6983,143.7284,112.5022,155.8213,108.2835
2016-11-11,71.2581,89.5703,80.5271,95.668,115.7477,138.4848,142.8361,112.2254,154.9,107.9658
2016-11-14,70.8372,89.2289,78.7785,94.6899,115.2146,140.3892,144.5106,112.3589,152.268,106.8944
2016-11-15,69.4818,86.1742,77.8689,93.747,112.6971,139.721,144.5129,112.234,150.3933,106.3488
2016-11-16,70.1593,87.1672,78.6371,94.6594,114.5106,138.7513,143.8383,112.1044,151.415,106.7887
2016-11-17,70.2326,87.6093,78.521,95.7948,116.358,138.5998,143.8031,111.5371,151.5971,106.7273
2016-11-18,69.7887,86.7567,77.6767,95.7662,115.4616,139.1148,144.3406,110.852,150.1577,106.9033
2016-11-21,69.6165,85.718,77.0612,96.0833,115.0217,139.9245,145.0328,111.0426,148.2481,106.264
2016-11-22,69.9851,85.0186,76.4561,95.4124,114.0808,141.1847,145.3867,111.3865,149.3266,105.8293
2016-11-23,69.1227,83.4086,74.8863,93.5657,111.6241,141.5968,145.9527,112.4092,147.3944,105.98
2016-11-24,69.3951,83.242,74.7556,93.3775,110.9966,140.4897,145.6278,112.5352,146.4488,107.6907
2016-11-25,69.4284,81.4949,74.4226,93.4314,110.2837,140.4428,145.3424,111.8836,145.7838,106.7637
2016-11-28,68.9442,81.1946,74.0193,92.3619,109.2255,140.7329,145.061,112.4802,146.5976,108.5421
2016-11-29,69.4632,81.6596,75.0715,92.0936,109.7912,141.8878,144.8909,112.8923,147.5862,108.0359
2016-11-30,69.8396,81.9461,75.2325,91.761,109.3763,141.8963,145.303,113.273,147.4347,108.6386
2016-12-01,69.3752,81.0457,74.4495,92.8291,108.8432,141.459,145.0812,114.0115,146.6895,109.3359
2016-12-02,68.4017,79.4693,72.4464,91.5896,106.6017,142.2732,145.5291,114.7049,143.8628,108.2735
2016-12-05,69.4003,81.3322,74.5772,92.7228,107.8533,142.338,145.7289,113.7835,144.2848,108.2381
2016-12-06,69.9272,81.2304,75.5969,92.8615,107.5579,142.1452,145.5116,113.9341,144.8193,109.0722
2016-12-07,70.0995,80.4467,75.2576,93.4053,107.7512,142.402,145.6396,114.3204,143.7523,109.623
2016-12-08,70.4511,80.2033,76.1951,92.5766,107.6001,143.2361,145.0415,113.8634,143.6042,109.8342
2016-12-09,69.5419,78.9098,75.75,91.0993,106.4266,141.9439,144.4122,113.1804,142.7735,109.6131
2016-12-12,68.7736,78.9374,75.303,91.0523,105.607,141.782,144.0551,114.4204,143.0305,110.2079
2016-12-13,69.8485,80.0061,75.535,91.7351,106.8378,141.7215,143.5655,114.0414,144.1606,110.7148
2016-12-14,69.3763,80.044,75.0046,90.878,105.9942,142.4559,144.1383,113.6265,144.6761,109.3725
2016-12-15,69.8166,81.1861,75.3622,92.5628,107.4197,141.6437,143.8606,113.7176,147.7245,110.2308
2016-12-16,68.5056,80.1106,74.1245,91.7771,104.6758,141.7399,143.3854,113.9995,146.345,110.8995
2016-12-19,68.539,80.4587,74.6474,91.6308,103.9972,142.028,142.9944,114.8583,147.7147,111.7254
2016-12-20,69.1289,81.5708,74.9618,93.0749,104.9584,143.5606,144.2915,115.9834,148.4363,111.3635
2016-12-21,68.5899,80.4781,74.6906,92.4727,105.4209,142.0934,143.7003,116.0481,147.7087,110.2469
2016-12-22,67.3066,78.374,73.9915,91.004,104.3394,143.6401,144.585,116.1955,144.5992,108.5744
2016-12-23,67.3052,77.42,73.9757,91.3005,104.2656,142.9002,144.5125,117.2662,144.5518,109.6747
2016-12-26,68.3643,77.9151,74.417,90.5225,104.1095,142.4393,144.1094,117.2422,146.1925,110.0875
2016-12-27,67.2525,76.0716,72.3453,89.3199,101.3073,143.2491,144.6138,116.7934,142.7436,108.8624
2016-12-28,67.5628,75.3112,72.6657,88.7806,101.2054,142.9727,144.7052,115.8761,142.065,107.9911
2016-12-29,67.7108,75.7375,72.3941,88.6723,101.9856,141.2985,144.2298,115.8699,141.9829,108.6995
2016-12-30,68.4693,76.3062,73.4151,90.4284,103.1829,141.5077,144.646,115.1841,143.2638,107.9337
2017-01-02,68.1673,75.1553,72.8864,89.6911,103.8282,141.8197,145.2657,114.7716,142.702,107.4781
2017-01-03,68.0412,74.9625,73.5802,90.2705,103.4875,141.9475,145.7912,114.8816,143.2014,106.5686
2017-01-04,68.5292,75.3101,74.0161,90.9865,104.3047,141.0957,144.7851,113.5272,145.8407,106.3806
2017-01-05,69.0542,75.9647,74.0054,91.374,103.264,140.3902,144.2417,112.5491,145.6514,106.0253
2017-01-06,69.2813,75.6739,73.1987,91.177,103.3424,139.6927,144.226,112.8761,144.8827,106.542
2017-01-09,68.7469,75.3028,72.7429,90.431,103.6659,140.6986,144.5972,113.6152,144.191,106.6998
2017-01-10,69.0334,76.0095,73.3615,91.9816,103.9267,140.9667,144.5326,114.4298,146.6983,106.897
2017-01-11,69.0013,75.8925,72.9997,92.5317,104.6618,140.9561,144.8907,114.8051,145.4885,106.7954
2017-01-12,68.9241,77.3966,73.0833,92.6864,106.2308,140.5751,144.9063,114.5705,146.3362,106.6591
2017-01-13,68.9915,76.6005,73.4272,92.3562,106.0047,140.5154,145.1946,116.7569,146.5229,107.5753
2017-01-16,69.3717,77.6437,73.2401,92.4193,106.8282,141.2543,145.7651,116.8303,147.629,107.4386
2017-01-17,68.9982,78.0925,72.3738,92.5364,107.5293,140.6132,145.9996,116.5482,147.5397,106.7639
2017-01-18,69.2596,78.7247,73.0577,93.3634,108.0295,142.3098,146.6318,116.5804,147.7874,107.0719
2017-01-19,69.4205,78.5408,73.0123,93.8369,108.9362,142.3825,146.3361,117.2449,148.7485,109.0666
2017-01-20,69.0031,78.5767,72.8528,92.3764,106.7016,142.1938,146.0432,117.454,147.2568,108.7009
2017-01-23,68.3565,78.0546,72.362,92.4617,106.7752,141.4147,146.2418,117.3272,147.5292,107.603
2017-01-24,67.7255,76.9207,71.6653,92.4738,106.3269,141.0542,146.2391,117.7873,148.0792,108.4402
2017-01-25,68.1556,77.1381,72.0846,92.9328,105.8027,139.9547,146.0731,117.9159,148.9369,109.0123
2017-01-26,68.3781,76.4195,72.4042,93.6508,104.7421,139.5329,146.1085,119.2559,148.4098,109.4677
2017-01-27,68.7672,76.5562,73.7012,93.74,106.2236,138.341,146.162,120.081,149.3134,110.7426
2017-01-30,68.4367,76.4114,73.6267,93.4231,105.1272,137.9193,145.9886,120.1395,149.1327,111.348
2017-01-31,68.5753,75.8194,73.0883,92.7378,105.7198,137.0721,145.4394,120.7536,149.0991,113.087
2017-02-01,68.8743,76.2915,73.041,93.733,106.5609,136.9982,145.5621,120.0913,148.6146,114.8766
2017-02-02,70.7858,77.6941,75.271,95.681,108.6377,136.2851,144.8031,118.9314,151.7938,114.4247
2017-02-03,69.924,75.9756,74.4234,95.1326,106.6417,136.9103,145.1158,119.3059,148.6789,114.0721
2017-02-06,71.9121,77.4282,76.9058,97.1933,109.1461,137.1881,145.6686,120.6796,151.6552,116.1618
2017-02-07,71.3418,75.8579,76.0117,96.1563,108.7246,137.0241,145.2777,120.9513,148.7022,115.8142
2017-02-08,72.036,75.6443,76.2371,95.7474,108.9302,136.5076,145.3173,120.5481,148.5624,116.0075
2017-02-09,71.4448,75.6639,76.1569,95.191,108.0558,135.7202,145.5271,120.0837,147.9161,116.0758
2017-02-10,73.023,76.9981,77.2393,95.8332,110.1488,134.9956,145.446,120.2847,147.4559,117.4673
2017-02-13,73.8195,77.9351,77.9702,97.1631,111.4792,133.8337,144.9647,120.5761,148.8068,119.2103
2017-02-14,75.252,79.1168,79.1982,98.8645,113.109,135.0226,145.5755,120.1187,148.8449,118.9119
2017-02-15,75.1535,78.9754,78.7674,98.041,113.1217,134.78,145.3019,119.5371,148.865,119.5861
2017-02-16,75.5828,79.5478,78.5135,98.1879,113.67,134.7251,144.5428,119.9825,148.8255,119.7033
2017-02-17,75.2475,78.1348,77.1186,97.2909,111.0199,136.1476,145.1613,121.0966,146.1061,119.0772
2017-02-20,76.6161,80.8653,78.337,98.8519,113.7514,134.8749,144.953,121.9993,147.9047,119.8859
2017-02-21,75.473,80.0792,77.1564,97.8511,113.482,136.0102,145.4485,121.4526,144.9289,118.9487
2017-02-22,74.6696,79.6159,77.0789,98.5253,113.5035,136.7715,145.2994,120.4656,145.6508,117.8086
2017-02-23,75.589,80.5925,78.6196,99.9947,114.7935,136.234,144.7832,120.2773,147.8814,116.9561
2017-02-24,75.686,80.8609,79.7452,101.0453,114.6641,136.0422,144.0276,120.3559,150.4083,115.1238
2017-02-27,75.5193,79.9795,80.3804,100.4987,114.8568,137.4192,144.7307,120.465,149.4139,113.8737
2017-02-28,77.266,80.6156,81.9448,101.3031,115.6747,136.0502,143.8527,120.9286,150.5499,114.9637
2017-03-01,78.2211,81.6868,81.9004,101.3079,117.3248,136.2987,143.7991,121.3144,151.2822,116.4823
2017-03-02,75.8167,78.7077,78.8305,99.3604,113.9259,137.4552,143.9362,121.3879,148.2025,116.5117
2017-03-03,76.4116,79.8818,79.8275,100.0243,114.2069,137.6395,144.1336,122.4326,148.2215,117.3427
2017-03-06,75.2803,77.8037,78.8613,98.9702,111.7321,138.161,144.2795,122.5506,146.2033,116.0084
2017-03-07,75.651,79.5178,80.3329,100.2485,113.9399,137.9488,143.8497,122.3676,147.47,115.677
2017-03-08,74.651,77.7651,79.3291,99.4053,112.2673,139.9067,144.7664,121.5421,143.4859,114.7709
2017-03-09,75.7741,79.0029,79.4734,100.1709,113.4022,139.0145,144.1983,123.7274,144.6999,116.5272
2017-03-10,75.6733,79.0256,80.1563,99.9322,112.3657,138.3715,144.6214,123.8723,144.0703,116.7339
2017-03-13,76.1562,79.7979,81.4791,101.1856,112.8314,137.5916,143.6713,123.645,145.5865,116.5265
2017-03-14,77.2538,81.8456,83.4682,103.2559,114.8206,136.3732,142.9754,124.518,147.8146,118.693
2017-03-15,79.443,84.9797,86.9698,105.6272,118.1952,134.4199,142.2545,124.2498,152.2093,118.6757
2017-03-16,78.7486,85.0347,86.9142,104.0662,116.6884,134.9791,142.1221,123.2934,150.8741,115.9827
2017-03-17,78.8416,84.8048,87.0618,105.8218,116.9464,134.9464,141.8405,124.9402,151.9734,117.5283
2017-03-20,79.9175,86.6487,87.8499,107.4331,120.1824,134.4308,141.4531,124.8147,152.1587,118.4378
2017-03-21,81.4553,87.695,89.6855,108.9276,124.2877,132.3343,141.3106,124.7851,153.2107,118.8477
2017-03-22,81.246,86.6464,88.9962,108.2143,125.3268,132.7406,141.4779,125.4513,153.4159,120.2356
2017-03-23,82.2523,87.233,90.4152,108.7421,127.4487,133.5901,142.1375,126.6421,152.6128,120.4422
2017-03-24,79.897,84.6327,86.7233,106.6266,125.6811,135.4208,143.0458,125.7521,150.2199,117.8721
2017-03-27,80.0767,84.805,87.2005,106.9816,127.7474,136.087,143.1245,124.9888,150.5421,117.2997
2017-03-28,80.1702,85.5152,87.6655,106.8105,127.7488,135.9427,142.7305,124.9,149.9658,115.6652
2017-03-29,82.7884,89.1807,90.5648,109.5619,130.7022,135.2494,142.1357,125.1293,152.1189,117.8451
2017-03-30,83.7431,91.8085,91.531,110.4565,134.0489,134.1735,141.9906,123.7047,152.9993,116.034
2017-03-31,85.3043,92.1603,91.1481,112.2897,134.2241,132.8901,141.6942,122.8142,153.4145,115.5588
2017-04-03,85.9704,94.9139,92.5084,114.432,135.3913,133.0084,141.4782,123.457,154.1674,117.1223
2017-04-04,86.6333,96.0338,92.0948,113.958,134.1956,133.1447,141.5111,122.7357,152.521,116.7492
2017-04-05,86.8534,96.0253,93.0472,113.5438,134.5038,133.8297,141.6434,122.9999,152.6869,117.6438
2017-04-06,88.5868,97.0529,94.3364,115.3285,134.6943,132.0549,141.2893,123.1729,155.6266,116.7463
2017-04-07,91.5584,99.3847,97.615,117.7651,136.9498,130.9837,141.5314,124.6005,158.1618,117.8021
2017-04-10,91.0495,97.9012,95.6639,116.4558,134.9734,131.6029,141.3759,123.4094,157.0403,116.6588
2017-04-11,90.5705,98.9636,95.8175,115.5698,133.6252,131.7107,142.0709,122.8976,156.1358,116.2671
2017-04-12,91.3707,99.711,94.9522,115.5074,135.3554,131.2436,141.8135,123.221,157.6126,117.274
2017-04-13,91.8794,98.9029,95.9516,115.1576,134.7393,131.1519,142.0337,122.4173,156.0069,117.5814
2017-04-14,92.1499,99.3909,96.6044,115.5548,135.9659,131.4478,141.7018,120.9047,157.0361,117.2076
2017-04-17,94.1681,99.9967,95.9633,118.0985,137.6289,130.8668,141.6614,119.8157,158.2826,115.9317
2017-04-18,92.6995,98.3944,93.5603,116.6499,135.0361,132.4136,141.8834,118.9249,157.1965,115.7012
2017-04-19,92.0921,97.7969,92.4893,115.4283,135.3009,132.8975,141.7308,118.5452,157.1062,114.7705
2017-04-20,91.2616,98.5372,91.5857,114.0523,135.1951,132.9311,141.8996,118.593,156.6157,113.0227
2017-04-21,90.4392,97.9684,90.469,113.5148,133.8254,133.3846,141.158,119.4544,154.5517,112.1643
2017-04-24,87.407,95.5279,87.4976,110.8383,129.0245,134.3616,141.9635,118.8772,150.988,109.3848
2017-04-25,85.797,93.4094,85.3261,110.1297,127.5445,134.326,141.8585,118.4454,148.6835,109.3643
2017-04-26,85.0858,91.9237,83.9397,109.6701,125.6046,133.8389,142.1944,118.5232,147.2944,109.4344
2017-04-27,83.0838,89.2676,82.6322,106.908,123.9024,134.4115,142.4419,120.1263,145.4096,108.8201
2017-04-28,83.5101,88.5877,83.5127,106.632,124.4473,135.0723,142.8604,121.1379,145.92,109.5491
2017-05-01,83.3211,88.9872,83.2647,106.0498,122.9917,135.9401,143.3832,120.3311,145.4767,107.6762
2017-05-02,82.1955,87.6028,82.2411,105.3352,121.9549,136.1499,143.4872,119.9055,145.3368,107.1733
2017-05-03,81.2629,87.0462,80.6901,103.9404,121.1047,136.6369,143.7432,120.7003,144.7303,106.9471
2017-05-04,81.4382,87.1807,80.7631,104.0006,121.22,137.4775,143.8781,120.1581,143.4293,107.0338
2017-05-05,82.0876,87.8217,81.6488,103.9351,122.2764,139.0454,144.5203,119.2867,143.9693,107.0989
2017-05-08,82.4523,88.0082,82.2633,104.6021,122.578,139.3534,144.8012,118.7169,145.1721,108.0177
2017-05-09,83.0154,88.8802,83.0449,105.3173,123.7253,138.4153,144.5765,118.4928,147.1287,107.6663
2017-05-10,83.8637,89.9538,84.1775,106.9417,124.0854,137.2737,143.7349,117.7372,148.0383,108.2544
2017-05-11,82.3764,89.1051,82.3363,105.9235,121.6192,136.1548,143.4985,117.101,146.6516,107.8504
2017-05-12,81.6968,87.9419,82.3317,104.7941,121.3099,136.5214,143.6594,116.7804,146.8972,107.0832
2017-05-15,82.5067,89.0851,82.869,106.2399,122.8756,135.9458,143.3784,116.5978,147.8183,108.5535
2017-05-16,82.9966,90.408,84.1374,106.3598,123.6791,136.1614,143.3918,115.8027,146.4773,106.9309
2017-05-17,81.19,88.2137,82.3836,104.9793,121.1602,137.056,143.9178,116.0066,142.5023,106.4669
2017-05-18,83.0858,90.8921,85.4147,106.4091,121.7581,135.8841,142.5499,116.4479,146.6383,106.0808
2017-05-19,82.6376,91.1489,86.0346,106.4017,122.9616,135.9709,142.6124,115.9415,145.0328,104.9751
2017-05-22,83.5048,94.0123,87.6706,107.3617,123.101,134.8243,142.7455,116.5463,146.7536,104.5484
2017-05-23,84.1594,95.2914,88.1245,108.4421,124.7698,134.4806,141.762,116.7213,148.9359,105.8095
2017-05-24,84.7526,95.7352,87.6026,108.812,126.4539,133.3235,141.3932,115.8813,147.5885,104.688
2017-05-25,85.3556,96.4427,88.5757,109.1831,127.4761,133.2163,141.5459,116.1267,147.4442,105.272
2017-05-26,86.3705,97.5017,90.0476,110.2124,129.5699,133.8803,141.2243,117.8016,147.9146,107.0574
2017-05-29,87.8662,97.9323,90.6616,111.2856,131.0226,133.96,141.2905,116.7816,150.7127,107.2708
2017-05-30,87.9405,99.0046,91.4335,111.0224,131.526,133.9558,141.7763,116.6093,152.7606,107.6625
2017-05-31,88.8864,98.316,91.4852,110.1759,133.8541,134.4302,141.7926,116.8041,151.8734,108.7565
2017-06-01,88.4152,98.4247,91.7522,110.1294,132.7378,136.2172,142.1313,117.2686,151.7099,109.5802
2017-06-02,89.7471,101.1584,93.2406,111.9392,134.3471,135.7369,142.0279,118.4452,154.2892,109.2616
2017-06-05,90.7815,103.3147,95.2126,113.111,135.7248,135.0479,141.9292,118.8961,155.8225,110.6132
2017-06-06,90.9202,103.3183,95.8343,113.6772,137.7378,135.5862,141.8979,119.2507,154.5275,110.4069
2017-06-07,89.8564,101.7814,95.7147,113.3373,136.1506,135.121,141.5137,119.4463,156.1861,110.4871
2017-06-08,91.4495,102.6753,96.9212,113.703,137.1855,135.1284,141.4824,119.375,154.9186,109.4436
2017-06-09,91.5826,102.4779,96.8249,112.9729,138.1436,134.7659,141.5293,119.554,155.1517,108.9208
2017-06-12,90.0866,99.3348,94.6342,110.6841,136.2464,135.8133,142.395,117.7601,151.8696,107.1544
2017-06-13,89.5983,100.2071,95.3959,110.7212,136.7608,135.0556,141.7356,117.7736,152.8807,108.2428
2017-06-14,87.4336,96.9846,92.8909,108.9001,135.547,137.1235,142.3832,118.8149,151.1156,107.7527
2017-06-15,88.2596,96.8656,93.863,109.0891,136.5911,136.325,142.4248,119.2088,150.9293,107.1275
2017-06-16,88.6661,98.2593,94.9538,109.8012,137.7709,136.4154,141.7099,119.648,151.9197,107.5971
2017-06-19,86.5893,96.7825,91.8249,108.6536,135.8678,137.0776,141.8845,119.8223,148.547,107.6328
2017-06-20,87.8499,97.3051,92.6909,109.9708,137.5587,137.2496,142.0767,119.9966,150.5524,107.9241
2017-06-21,87.7682,97.1232,92.1402,109.7983,139.1707,136.6536,142.4212,121.4487,150.6949,108.9124
2017-06-22,86.687,95.2658,91.4826,109.3375,137.2804,136.7389,142.4837,121.3226,148.8206,108.5011
2017-06-23,87.2695,95.9754,92.2558,109.6096,138.4132,136.6175,143.0509,121.0506,148.9817,108.3911
2017-06-26,87.5414,95.9161,93.3061,110.3939,137.2412,137.0698,143.7022,120.1039,150.8757,107.8771
2017-06-27,88.4757,97.7237,94.0171,110.7716,137.7442,137.6605,143.5463,119.5175,151.9011,107.5909
2017-06-28,88.9094,99.3798,94.8389,111.9706,138.8485,137.7289,143.4855,119.2821,154.3611,106.079
2017-06-29,88.6833,98.1539,94.5923,110.101,138.7525,138.6691,143.9601,119.2874,151.2009,106.3145
2017-06-30,89.7343,99.5611,96.0504,110.6233,140.9493,138.4227,144.0158,118.557,153.2774,105.4613
2017-07-03,90.952,100.7959,96.5919,110.7699,143.2843,137.6173,144.0297,116.7429,154.6082,105.1401
2017-07-04,90.0086,100.1387,96.1411,109.8199,143.4665,137.8505,143.7814,115.7968,152.3876,102.9729
2017-07-05,89.977,100.3687,96.1457,109.7972,143.2592,140.5021,143.8934,115.2679,151.0464,102.8546
2017-07-06,89.3856,99.5768,95.0638,109.4229,141.6529,140.2445,143.9582,115.6382,150.468,103.5103
2017-07-07,88.5106,98.041,94.404,109.2231,140.3263,140.0513,144.239,117.2984,148.8515,104.2111
2017-07-10,87.2436,96.8152,94.4238,108.0633,139.5294,140.4726,144.6563,116.2337,147.1559,104.6479
2017-07-11,87.0054,97.1795,95.345,108.5554,139.8409,141.002,144.4326,116.0154,146.9102,104.7919
2017-07-12,86.8109,96.3952,95.1472,109.3954,139.7867,141.0413,144.5585,116.4007,147.2358,105.0874
2017-07-13,87.0314,97.5876,95.8366,109.6836,139.9283,140.8308,144.1899,115.6778,147.1793,104.8906
2017-07-14,88.3014,99.5527,96.665,110.9169,143.7509,140.8526,143.9453,116.2514,148.9481,106.0749
2017-07-17,87.6705,99.6417,98.0835,110.6449,142.472,142.83,144.6384,115.8665,149.5291,105.9437
2017-07-18,88.7616,102.2191,100.3763,112.016,143.7431,141.7123,144.6206,115.995,149.7209,106.5304
2017-07-19,89.5101,101.5167,101.2614,111.9942,143.0375,140.7608,144.4244,115.4076,150.4916,106.167
2017-07-20,88.9118,99.8135,98.4852,109.9641,141.3678,140.8065,144.1773,114.7105,149.7128,106.508
2017-07-21,88.4897,100.0776,98.0083,108.6711,141.9733,140.6722,144.3482,114.5182,149.4951,106.52
2017-07-24,88.646,101.3425,97.9674,109.3628,141.818,140.9514,144.1977,115.0587,149.3217,106.4145
2017-07-25,87.862,102.2328,97.8792,109.65,141.2402,141.7524,144.1847,115.2521,147.6267,105.607
2017-07-26,89.9731,104.3504,99.3521,111.9718,143.8286,143.2852,144.7729,114.2604,150.5674,104.8705
2017-07-27,92.1229,106.4395,100.7572,113.4879,145.4807,143.3775,144.8381,114.9468,151.6038,106.0901
2017-07-28,90.737,104.9288,99.3184,111.2258,143.427,143.5324,145.1884,114.52,148.3421,103.2948
2017-07-31,93.1942,107.7525,100.3295,112.1769,145.3484,141.5701,144.4577,113.8313,150.2053,102.4803
2017-08-01,92.911,107.9727,99.9546,111.4005,144.3911,140.2862,144.9614,114.5347,149.8235,102.924
2017-08-02,92.8658,109.3668,100.7265,111.0376,144.7284,138.8247,145.2027,114.5759,151.5105,102.4099
2017-08-03,93.4838,111.0723,102.8158,112.1868,146.5393,138.024,144.6397,114.7714,152.817,102.5271
2017-08-04,93.6378,111.8168,103.7046,112.7966,148.2953,136.7572,144.2632,114.223,154.3733,102.9106
2017-08-07,95.0178,111.6334,104.8848,114.3215,150.1194,137.6237,143.7575,114.1349,155.2483,102.6782
2017-08-08,94.8855,111.4021,104.8762,114.2312,152.2676,137.6719,143.6157,114.2693,155.0566,102.3652
2017-08-09,94.6589,111.2357,106.1926,113.6496,153.2007,137.3449,143.8816,114.2306,156.4913,102.1517
2017-08-10,94.3424,110.5324,105.0346,113.5514,152.6865,138.0499,144.7822,113.4677,155.4513,101.0774
2017-08-11,94.2953,108.5534,105.7499,112.7212,151.5835,138.962,145.0026,112.8833,154.32,99.5431
2017-08-14,96.6445,111.006,109.7416,114.2119,154.0806,138.4593,144.2744,113.2105,157.3492,100.2877
2017-08-15,98.2305,113.4265,112.4432,116.2344,156.3364,136.9965,143.495,113.643,160.0182,101.8019
2017-08-16,96.5003,112.2125,111.9837,114.8119,155.8207,136.5882,143.6955,115.2875,158.6849,102.6658
2017-08-17,95.0944,111.334,110.765,113.9359,154.8238,136.9497,143.8027,115.2157,155.7536,101.2841
2017-08-18,96.9279,112.9421,112.0278,115.493,155.3344,137.3632,144.1085,115.5287,157.0332,102.6497
2017-08-21,97.0868,112.4932,111.3551,116.2551,156.3747,137.4996,144.1523,116.4791,156.0305,103.1842
2017-08-22,95.5357,109.5216,109.2422,114.9205,152.1194,138.162,144.4986,116.9121,154.1708,104.5299
2017-08-23,97.085,111.103,110.5707,116.3291,153.0235,139.3066,144.9382,117.4167,154.695,106.4927
2017-08-24,97.3748,110.1649,109.9989,115.34,153.1544,137.9861,144.7131,116.4634,153.4235,104.7645
2017-08-25,96.8054,109.1214,110.7339,114.4335,152.6618,137.9405,144.9126,115.4656,152.3078,104.3127
2017-08-28,97.6643,110.1743,111.9806,116.2333,153.7466,137.3184,145.3226,115.1467,153.3356,104.9539
2017-08-29,97.1621,109.3352,110.5036,115.1065,155.472,137.2531,146.0879,115.0434,153.6711,104.9972
2017-08-30,97.6594,109.834,112.5869,115.5164,155.9795,136.4515,145.6938,114.8951,155.0365,105.9334
2017-08-31,98.5793,111.7099,113.7519,117.8911,156.2475,135.2404,145.4167,115.0979,159.3741,107.1435
2017-09-01,98.2937,112.0934,113.8594,118.1853,157.3824,135.4538,145.8284,114.401,160.0418,107.9085
2017-09-04,96.986,111.8258,113.404,117.6034,154.8523,135.3525,145.9033,115.4485,159.0514,108.2909
2017-09-05,96.7771,111.0697,112.7589,116.7776,152.9947,135.5088,145.3069,116.3153,158.2276,108.1363
2017-09-06,96.6747,113.0911,112.4528,117.5338,154.6803,134.868,144.84,117.5023,159.7545,109.4279
2017-09-07,97.3342,113.5808,111.5697,118.0489,153.9671,135.2062,145.3422,118.8191,160.3768,109.3023
2017-09-08,96.201,113.8198,109.4104,117.9554,153.6596,134.982,145.1911,119.5646,160.9317,111.3386
2017-09-11,97.3612,114.7817,110.2734,118.2439,152.7486,133.9763,145.076,119.7449,160.5362,110.5726
2017-09-12,96.8125,114.632,110.656,118.5356,153.0747,133.9915,145.4666,119.8081,161.4226,110.2304
2017-09-13,94.6368,112.0883,107.8451,117.3037,149.224,133.9553,145.9008,120.0004,159.3983,110.1337
2017-09-14,93.7302,110.4642,106.6432,116.3311,148.4817,134.6461,145.8878,120.0268,156.5371,109.0989
2017-09-15,94.4625,110.0884,107.4737,115.9329,148.3798,134.2085,145.8378,121.5278,156.7855,109.228
2017-09-18,92.3163,106.5167,104.7664,115.1544,147.3478,136.2807,147.0741,123.5436,155.0167,108.7434
2017-09-19,93.1957,109.0788,104.6228,116.4,148.0332,134.4477,146.9643,124.4962,157.1102,108.2409
2017-09-20,93.3842,109.0265,104.6251,115.4109,151.1581,134.1071,146.6108,125.349,156.8733,110.773
2017-09-21,93.1633,109.0639,104.0089,116.3338,150.0107,135.013,147.3111,126.087,155.3602,111.0025
2017-09-22,92.6159,107.5954,104.3027,115.636,147.0695,134.8797,147.4487,125.9195,153.4828,109.8252
2017-09-25,93.2061,109.4716,105.2004,116.1834,148.2573,134.7277,148.0511,126.0559,153.5603,110.2212
2017-09-26,93.7208,112.3758,106.1778,117.1519,151.4779,134.9094,148.2101,126.3485,155.2165,108.5208
2017-09-27,93.4095,112.6919,106.2078,117.3476,152.1958,135.5618,148.1747,126.0097,153.9837,108.0941
2017-09-28,92.2685,111.4125,103.3702,115.1859,151.0892,136.6793,149.5582,125.2665,151.4151,107.0787
2017-09-29,91.2227,109.9794,102.465,113.8331,150.4668,136.5135,149.3547,125.8516,151.7889,106.3131
2017-10-02,91.0882,111.6393,101.7605,113.365,149.3528,135.7517,149.8824,125.2243,152.9371,104.8566
2017-10-03,89.769,110.7927,99.9391,112.191,148.6421,134.2425,149.1469,124.8199,153.5484,105.6406
2017-10-04,88.2937,108.3046,98.6019,110.5142,146.6668,134.6905,148.7458,124.5061,150.1572,104.9309
2017-10-05,89.1918,108.7734,100.2157,111.4084,146.5351,135.7326,149.0212,125.671,152.0881,105.6941
2017-10-06,88.7289,108.685,101.795,111.6403,146.8395,135.564,149.0926,125.9644,152.2317,105.5019
2017-10-09,88.6817,107.9842,100.5637,111.4235,146.0767,137.1534,149.097,125.2859,151.7472,104.113
2017-10-10,88.6464,106.7593,100.0346,111.6644,147.3209,136.8836,148.6166,124.3786,152.6623,103.5854
2017-10-11,89.6647,108.4226,101.5598,112.5142,148.0848,136.0662,148.7781,123.9475,154.4382,101.8664
2017-10-12,88.9352,106.8158,101.8034,111.5085,146.915,136.0196,148.5032,125.231,152.5018,101.6699
2017-10-13,88.4602,104.5621,99.869,112.3349,145.8373,135.407,148.4688,125.7183,151.6453,101.4551
2017-10-16,87.3403,102.6833,98.4758,111.6522,145.9813,136.6496,149.0104,125.8342,149.5907,99.6477
2017-10-17,87.2426,102.3703,98.2289,112.7444,145.4401,135.0804,148.0527,125.9231,148.9758,100.2925
2017-10-18,88.7623,103.8077,98.7137,114.8423,148.9141,135.0527,148.6531,125.4603,151.2952,100.0345
2017-10-19,88.2656,100.7603,96.9025,113.6986,146.5503,136.0151,149.3001,124.197,151.4621,98.7863
2017-10-20,88.5756,99.3037,95.7757,111.6819,146.2561,136.6168,150.1738,124.7305,150.5682,99.4356
2017-10-23,87.4612,97.4854,94.2538,109.5664,144.4586,138.0961,150.2674,124.0389,149.106,97.7327
2017-10-24,87.699,98.542,96.2344,111.0196,147.3182,137.421,150.8395,124.2665,150.2108,96.8372
2017-10-25,86.5283,96.4564,94.4038,109.1675,145.7974,137.9613,151.5688,123.9039,147.7108,96.7973
2017-10-26,87.9225,99.4041,96.9237,110.5235,148.3075,137.8131,151.4141,124.0596,150.5456,98.541
2017-10-27,88.7179,99.6134,96.882,109.1064,147.8811,139.5731,151.093,124.8627,149.0184,99.7931
2017-10-30,89.9764,101.171,97.1923,109.6765,150.4644,140.7145,151.213,124.6717,149.9106,99.6036
2017-10-31,89.5449,101.6741,96.6906,108.6114,148.996,139.7006,150.4595,124.1796,149.7604,98.0894
2017-11-01,90.3856,101.7351,97.8103,108.7419,147.4608,140.1826,150.509,123.9279,149.8015,98.0082
2017-11-02,88.9691,100.3806,97.0513,108.0655,143.7845,140.2382,150.487,124.1117,147.8432,97.9906
2017-11-03,89.1266,101.2401,97.1102,107.7042,142.4962,140.6336,149.5229,123.8059,150.2608,99.6217
2017-11-06,91.4025,103.736,98.9548,109.2573,146.2511,140.044,148.7706,125.2051,151.8277,100.9928
2017-11-07,91.9179,103.2362,99.1878,109.3862,148.5772,139.9644,148.3393,125.2223,151.8227,101.6537
2017-11-08,91.5708,102.5614,98.5707,109.0954,145.2169,141.1419,148.9918,124.2203,152.3062,100.5673
2017-11-09,91.4738,101.3778,99.2856,108.7358,144.2546,141.4391,150.1663,123.5051,150.6157,100.7807
2017-11-10,91.3498,98.9953,97.2942,108.369,142.5267,141.3685,150.9583,124.1533,148.7053,100.1688
2017-11-13,91.3898,98.8043,97.1253,107.8947,144.5449,142.1686,151.7747,123.7971,148.8517,100.6464
2017-11-14,90.5421,98.8801,97.5094,106.9106,143.5605,144.1882,152.5094,123.7781,148.537,100.6869
2017-11-15,88.747,97.3537,95.8331,104.9394,142.5816,145.2081,153.3688,123.9971,146.6083,100.4631
2017-11-16,90.6147,99.6542,97.0895,105.3829,144.5002,144.725,153.3961,124.904,147.5765,101.2744
2017-11-17,90.3154,98.7362,97.5549,105.1545,146.4628,144.7704,153.4108,123.5592,147.418,100.3442
2017-11-20,90.1927,97.7893,96.4367,104.5945,146.6847,144.138,153.7374,124.2513,147.3009,101.5017
2017-11-21,89.6094,97.6244,97.3943,103.5319,146.6521,143.9107,154.3708,124.4296,147.5479,102.0354
2017-11-22,88.8172,96.2849,96.2598,103.1961,145.904,144.809,154.7741,124.797,147.4726,102.4669
2017-11-23,87.3267,94.3178,95.4253,102.5543,143.7909,145.1894,156.2216,124.7865,144.3787,103.1413
2017-11-24,87.4135,93.0162,95.2122,103.0745,144.6812,145.8555,155.7653,125.2958,145.2692,103.9358
2017-11-27,86.6152,92.1798,94.4361,102.7921,142.3034,146.7397,156.2514,125.1391,143.9662,103.9833
2017-11-28,85.7243,91.6462,92.9385,101.2892,138.8066,147.6321,156.7381,126.0862,143.3738,103.9683
2017-11-29,85.9946,91.2191,93.6301,101.5064,138.7278,147.6082,156.4218,125.9035,143.8788,103.3278
2017-11-30,86.9648,93.3801,94.8136,102.8639,141.1607,146.4159,156.3937,125.1615,146.9875,103.4554
2017-12-01,86.5903,93.652,94.7171,102.8637,140.9826,145.7617,156.7276,124.9252,147.4508,103.5838
2017-12-04,86.7505,93.6241,96.991,103.8641,142.6191,146.3119,157.672,126.08,148.0723,104.657
2017-12-05,87.2085,92.0075,95.9563,102.3155,140.0669,146.112,157.8846,125.2048,146.4445,103.658
2017-12-06,87.4496,90.9526,94.9948,101.5343,140.4146,146.132,157.2163,125.0759,144.9725,104.3685
2017-12-07,89.2007,92.2406,95.5014,103.0782,143.2162,145.0744,157.1174,126.535,147.6115,106.2609
2017-12-08,88.6728,92.1749,96.4405,103.6971,142.8965,145.5121,157.4545,126.4439,146.3216,106.4234
2017-12-11,90.717,95.9713,98.5934,106.4254,146.2635,144.4762,156.6358,127.2911,150.0376,107.238
2017-12-12,88.9135,93.143,98.203,105.4514,142.8259,144.3544,157.1858,128.6674,147.9583,108.7722
2017-12-13,88.402,92.9526,98.4581,105.4216,141.2713,143.62,156.5484,128.3884,146.5171,107.2665
2017-12-14,87.7957,91.9487,98.058,105.0124,140.5761,142.1436,156.1275,128.4624,147.6363,106.8616
2017-12-15,87.8851,90.5924,97.5613,103.6466,140.2325,141.6761,156.815,128.7455,143.6343,106.5811
2017-12-18,88.4065,90.8231,99.3209,103.4468,141.2521,141.6673,157.4871,128.4304,143.7879,107.4979
2017-12-19,88.9736,92.0584,99.0648,104.0907,142.5873,142.16,156.4199,128.676,145.6903,108.5136
2017-12-20,90.1975,92.6827,100.9572,105.9038,145.671,141.6329,155.7183,129.6282,145.7822,109.7804
2017-12-21,89.632,91.5405,99.6146,105.5979,145.8433,142.6008,155.3031,130.9542,145.2376,109.7964
2017-12-22,89.3646,90.7786,99.4403,106.0499,145.819,142.9757,155.894,131.9884,144.7078,110.3151
2017-12-25,88.2566,89.3382,98.0501,105.5678,144.3473,143.2528,156.2242,131.0752,143.1781,111.1396
2017-12-26,89.9429,91.9972,99.8147,107.1764,146.5487,143.7467,155.6621,131.2241,146.2601,112.1855
2017-12-27,89.4911,91.4946,99.1243,105.9183,145.3202,143.4397,155.6572,129.798,145.4812,112.1781
2017-12-28,89.9529,92.032,99.5593,106.2943,146.135,143.7355,155.6102,130.2629,145.6878,112.4205
2017-12-29,89.9001,92.0011,98.9497,106.1138,148.28,144.7641,155.6026,130.9041,145.7235,112.8098
2018-01-01,89.0102,91.1858,98.3915,105.8845,148.3192,145.543,156.1301,131.7975,146.522,111.9735
2018-01-02,88.6079,91.6412,98.9503,105.7112,149.2002,145.7808,156.1325,131.5394,147.0296,111.8127
2018-01-03,89.1181,93.4305,100.1206,106.9079,150.7296,146.3235,156.5552,131.9569,147.6695,112.5829
2018-01-04,88.7891,92.9729,101.1355,107.0522,149.4335,149.4176,157.6254,131.9867,146.2727,113.546
2018-01-05,88.8016,92.6406,101.6446,106.3475,149.4381,149.6017,157.6165,132.8817,144.8083,115.017
2018-01-08,89.8974,94.035,104.4892,108.6549,153.536,150.2145,157.2897,134.5665,146.5981,115.5562
2018-01-09,90.4251,94.128,105.6177,108.2342,155.9803,150.2767,156.9885,133.4395,148.5408,114.7518
2018-01-10,93.343,97.9582,109.0489,110.9011,157.1679,148.8767,156.3839,133.7287,151.5609,114.1147
2018-01-11,92.4902,98.4358,109.8883,110.865,159.9714,148.5867,156.8331,134.3198,150.2466,114.2476
2018-01-12,91.7319,97.6571,110.1952,110.6408,159.2593,148.5698,156.6203,134.2685,149.6165,114.3906
2018-01-15,91.6822,97.5516,109.7059,109.0937,159.0942,147.6059,156.1348,134.9498,148.6173,115.1157
2018-01-16,92.9217,99.1813,110.6342,109.2495,158.8722,146.8819,155.7618,136.1883,150.5401,116.2774
2018-01-17,92.9638,100.1903,111.8166,110.6259,160.1347,145.9064,156.167,136.8973,151.5182,117.5201
2018-01-18,92.3643,98.2336,110.9512,109.4085,159.3966,146.2917,156.1516,135.9942,151.8758,116.1188
2018-01-19,92.7549,100.1661,112.532,109.9819,159.0132,145.245,155.4878,135.6265,152.0579,115.2614
2018-01-22,92.7559,100.295,111.961,109.1474,154.9982,144.6095,155.1715,135.3512,150.5796,114.6544
2018-01-23,92.6033,101.7032,111.6824,109.8093,155.5228,143.3395,154.793,135.3562,151.8623,114.1198
2018-01-24,91.3873,101.4688,111.2433,108.8521,153.6982,143.1101,155.2271,134.5037,148.6215,113.3595
2018-01-25,90.5724,99.813,109.6313,108.3982,154.3412,142.9336,156.0586,134.4282,147.4491,112.2548
2018-01-26,91.0363,99.6029,109.54,108.2119,154.9576,143.5317,156.2619,134.829,148.9252,113.4103
2018-01-29,91.8158,99.1479,109.919,109.5383,156.4926,141.9856,155.4412,134.8786,148.3321,113.5141
2018-01-30,92.4966,100.7905,110.239,109.798,158.6303,140.3155,154.6725,135.2061,149.7414,114.5579
2018-01-31,90.753,99.4815,109.563,108.3595,158.1819,142.3065,155.4769,137.448,146.8954,114.8537
2018-02-01,92.3136,101.4198,112.3862,108.7883,159.3296,141.9593,155.3127,134.9093,146.6589,114.5
2018-02-02,92.6624,101.0035,112.6588,108.8842,160.6556,141.6667,155.8344,134.4457,145.9917,113.8442
2018-02-05,92.6125,101.8864,113.9244,110.1241,161.0055,141.0282,154.7799,134.3986,146.8605,114.0984
2018-02-06,91.9872,100.5424,112.4185,109.1551,159.2232,142.6496,155.4072,135.5022,144.6403,113.1405
2018-02-07,92.9967,102.5217,113.0359,110.0692,161.9531,142.5164,155.3183,136.0353,147.0228,114.3747
2018-02-08,94.2344,104.3143,116.4058,111.3065,164.8448,140.7158,154.8757,136.5468,148.7606,114.549
2018-02-09,95.0514,105.4275,118.1756,111.7745,165.8623,141.0664,155.3789,136.0711,148.701,114.111
2018-02-12,96.1326,106.599,119.8117,112.8331,166.3119,141.0041,155.5058,136.8856,148.7846,114.9231
2018-02-13,95.2319,105.4168,117.0731,111.4918,161.7758,142.8957,155.727,137.8218,146.9794,114.2716
2018-02-14,94.3827,104.8545,115.9073,110.118,160.3436,143.4592,156.998,136.6404,147.5498,113.6857
2018-02-15,95.045,104.3091,115.5721,110.3724,161.7396,142.5379,157.175,136.544,147.3833,113.631
2018-02-16,94.5379,104.5314,114.8159,108.5776,160.912,143.4596,157.6639,135.4512,145.6592,111.6968
2018-02-19,94.553,105.0509,114.7376,108.7679,160.9535,142.3906,156.8349,136.1494,144.7375,112.4318
2018-02-20,94.5443,105.1452,114.1395,107.7825,160.2961,140.89,156.686,134.737,145.3464,111.554
2018-02-21,96.1702,106.8444,114.3427,109.3954,162.0945,139.415,155.8459,134.1766,147.7472,111.378
2018-02-22,98.2639,110.4714,118.4863,109.6015,163.681,139.9966,156.2772,134.7669,149.2515,110.9507
2018-02-23,97.2351,108.1754,117.539,109.7181,163.1043,141.0919,156.4524,134.446,147.3075,109.9508
2018-02-26,96.5875,108.5792,117.3727,108.3847,163.4214,141.0143,155.9516,133.8367,146.169,110.1783
2018-02-27,96.0487,107.5231,116.3051,107.1598,162.1071,141.9244,156.7102,133.7429,145.093,108.813
2018-02-28,96.1587,108.9531,115.6642,107.7343,163.2663,141.8066,157.1219,133.5281,146.5217,107.8359
2018-03-01,96.1938,109.7305,116.3939,108.6976,162.3781,143.0032,158.0139,134.6452,146.9702,108.0885
2018-03-02,98.3708,113.3543,120.586,111.6279,167.8013,143.0235,158.0213,135.0669,152.052,109.135
2018-03-05,96.6406,111.5587,119.7184,111.1395,165.8925,142.7197,158.2975,134.0124,150.1296,107.1546
2018-03-06,97.447,112.0961,120.3092,110.6284,167.3543,143.3621,158.7341,135.1652,147.9701,108.1286
2018-03-07,97.0666,111.8154,120.8276,110.3928,167.1371,142.3409,158.5828,136.2181,150.6008,108.6731
2018-03-08,96.3685,109.1006,119.3652,108.6922,165.5671,142.3966,159.0166,137.1917,148.9169,106.8288
2018-03-09,97.5164,109.9861,122.2591,109.3392,166.768,142.9006,158.5557,136.7995,150.8677,106.7266
2018-03-12,96.8448,109.5289,121.6296,107.5878,163.0268,142.2933,158.8295,136.7197,149.3765,106.3767
2018-03-13,94.3071,108.142,119.8407,105.8154,159.7806,142.5851,158.6449,136.437,145.9165,104.794
2018-03-14,94.0378,106.2739,119.838,105.4164,159.409,144.2519,159.0326,135.423,145.468,104.7069
2018-03-15,94.5988,107.7523,117.8773,105.879,159.3941,145.4382,159.2708,135.5412,143.4236,105.7023
2018-03-16,93.8973,105.8911,115.7261,103.8321,157.3464,145.431,159.6136,134.9364,141.5573,105.8889
2018-03-19,94.6229,107.1485,115.8331,104.0239,157.6839,144.3914,158.8983,135.1945,143.3574,105.4626
2018-03-20,94.9703,108.0935,117.2054,105.4802,158.5934,143.1433,158.0383,134.4229,144.9075,105.7796
2018-03-21,93.9357,107.263,115.6671,104.9922,156.1895,143.9643,158.159,133.2933,144.3393,104.6257
2018-03-22,93.6235,107.5207,116.1713,105.3481,154.0121,141.8794,157.4435,134.0923,146.4394,104.6799
2018-03-23,94.7657,107.5979,117.7126,106.1201,154.6959,140.2832,157.1798,135.5545,147.716,105.0932
2018-03-26,95.8317,107.4799,119.1404,106.6627,154.3228,140.4809,156.6969,135.2578,146.2964,104.9936
2018-03-27,94.4969,106.3083,118.3962,106.3383,153.2685,139.6374,156.2576,134.1234,144.5184,105.1124
2018-03-28,94.9892,106.138,117.8845,106.9142,151.7023,138.7853,155.7661,133.8449,146.9441,104.8302
2018-03-29,95.9995,106.8086,117.3555,106.7575,152.7548,138.6002,155.3788,133.5877,147.2529,105.6988
2018-03-30,95.4818,106.4503,119.6708,107.0645,154.9732,138.8081,156.0142,132.7225,148.8084,106.1978
2018-04-02,93.9797,103.7026,118.2503,105.1962,152.2217,138.1647,156.4481,132.0788,147.7675,105.8267
2018-04-03,93.4939,104.071,117.3889,104.4956,151.1723,138.0815,155.936,131.5187,146.7923,106.0391
2018-04-04,92.2075,102.2184,116.0581,103.7023,149.9376,138.6847,156.6101,130.2025,144.4428,105.5612
2018-04-05,92.2814,101.9615,116.5308,103.543,150.9515,138.8763,157.4045,129.1178,144.9415,105.1011
2018-04-06,90.6096,99.9605,112.9869,101.9915,148.4376,139.8225,156.851,129.5583,144.6925,105.0562
2018-04-09,91.6662,100.0982,112.9485,102.507,147.7138,139.7445,156.3579,128.882,143.4981,103.9394
2018-04-10,92.6491,100.3064,113.0038,102.2417,148.4092,139.0325,155.7609,127.9298,143.6655,103.2813
2018-04-11,92.8032,100.5299,112.6062,102.8979,146.6249,140.6612,156.2024,128.2011,141.8281,103.1891
2018-04-12,92.7539,100.7545,112.2476,102.4901,147.7372,140.0679,156.0343,128.203,141.7878,103.3732
2018-04-13,95.2825,104.4754,118.2469,104.5901,151.6203,139.4165,155.6793,128.2481,143.7045,103.7461
2018-04-16,97.1218,106.5351,120.6482,107.2896,154.185,139.2793,155.2216,127.221,146.0429,103.3993
2018-04-17,96.5008,106.5043,120.3258,105.9727,152.8628,140.0314,155.0217,127.059,144.7647,103.3226
2018-04-18,95.8119,105.5406,119.5877,105.3334,153.3911,140.3647,155.4796,126.2478,144.9711,103.4938
2018-04-19,98.0494,108.0047,123.0143,108.316,156.7721,139.38,155.2814,126.2031,146.9403,104.3217
2018-04-20,99.03,110.6965,124.2623,109.3594,158.0976,138.8783,154.4491,126.3946,147.7542,105.1803
2018-04-23,98.3605,109.8334,124.4544,109.4822,156.569,139.0214,154.3096,126.1423,145.3523,104.1425
2018-04-24,100.3391,113.4847,127.9005,111.9517,159.7848,139.1197,154.3872,127.2914,148.2453,104.8985
2018-04-25,100.4979,114.8553,127.1616,112.2057,162.9016,137.9018,153.7083,127.187,149.2039,104.6476
2018-04-26,100.4406,116.0955,127.2017,112.1437,161.3266,136.9568,153.1043,125.9542,150.317,103.9248
2018-04-27,101.3109,117.2788,127.8624,111.4775,163.6579,137.6747,153.1666,127.2097,151.3633,104.489
2018-04-30,101.8946,119.412,129.7726,112.5363,166.3464,137.7533,153.5676,126.0075,153.0616,104.3558
2018-05-01,103.8175,121.0527,131.8866,113.6484,169.7533,138.4477,153.0906,124.9983,154.6851,104.481
2018-05-02,101.656,117.597,129.2025,111.7927,167.1962,138.1523,153.2891,126.2659,152.9046,103.4958
2018-05-03,101.4425,115.1792,128.9532,112.8919,166.5986,139.2942,154.101,127.1725,153.1399,103.8193
2018-05-04,102.7397,117.0236,130.6729,114.0258,169.4535,138.8921,154.5367,127.9722,152.7222,102.6764
2018-05-07,102.4852,117.3757,130.8425,114.3993,169.6489,138.4208,154.2769,127.5911,152.2451,101.976
2018-05-08,101.798,117.6237,128.5788,115.0089,170.4266,137.7806,154.152,128.325,150.6102,102.658
2018-05-09,102.337,119.0372,130.8297,116.3513,173.8553,137.9831,154.3825,127.551,151.9264,103.8762
2018-05-10,101.9432,119.1184,130.919,116.1063,173.7023,138.3175,154.416,128.0034,153.0036,105.0751
2018-05-11,102.4076,118.205,130.2458,116.1833,173.4255,140.2718,155.0538,128.0671,153.6656,105.5715
2018-05-14,102.8006,118.2821,131.4545,116.6397,173.7424,139.3645,154.3881,127.6846,154.1732,105.4539
2018-05-15,102.4181,115.3963,131.0722,116.3043,173.3094,140.4307,154.7652,127.2372,153.691,104.8378
2018-05-16,101.7635,116.014,132.8861,116.6887,173.0388,139.6991,155.0411,127.3304,154.6529,104.2983
2018-05-17,100.818,114.3599,132.1953,116.312,171.3241,140.238,154.756,126.1722,153.8933,104.8793
2018-05-18,100.3813,112.2477,131.0324,114.7613,168.6901,142.2705,154.8887,126.2078,151.2042,104.2569
2018-05-21,98.7722,110.3177,129.6004,113.4828,167.0889,143.1334,154.9071,126.7791,150.8524,104.5098
2018-05-22,99.7651,111.9341,131.4298,115.8461,168.5107,141.872,154.6955,126.9534,151.4406,104.5841
2018-05-23,100.5051,112.3454,133.4034,116.8093,168.7756,140.8729,154.2516,127.6388,152.5714,104.5763
2018-05-24,99.2405,114.4957,133.1186,118.1584,167.7404,141.169,154.3686,128.022,153.6302,104.7464
2018-05-25,98.5897,114.1899,133.8761,118.2082,167.0084,140.5586,153.8629,128.5386,153.4374,105.7294
2018-05-28,98.2835,112.2353,131.1356,117.2967,165.0452,142.5754,153.8727,128.539,152.2824,103.7022
2018-05-29,99.2112,113.459,133.6803,118.6354,167.3115,140.7723,152.8261,128.8772,154.3553,103.7622
2018-05-30,98.7979,113.0336,133.4101,118.2936,166.9186,140.9179,152.7631,130.2028,154.1927,104.1983
2018-05-31,98.4152,113.972,135.4116,117.6677,168.3142,140.4802,153.0657,129.2184,154.9867,103.6371
2018-06-01,99.0474,116.967,136.9712,119.7566,171.3608,140.8947,153.3879,128.7265,156.7685,104.1499
2018-06-04,100.1449,117.6474,137.9242,121.799,173.2898,142.0909,153.5081,129.8121,157.4585,105.0728
2018-06-05,100.8386,119.6771,138.5748,122.4657,171.4805,141.7808,153.6175,129.5818,156.9855,103.9368
2018-06-06,100.6061,119.9087,139.6265,123.2834,170.846,141.4144,153.6254,130.5354,156.0183,103.9887
2018-06-07,100.92,121.1364,139.667,123.8511,172.644,141.7928,153.8765,130.9483,157.3832,104.4952
2018-06-08,101.1358,122.2877,140.6986,124.814,173.2064,143.7665,153.6889,132.0032,158.1365,103.5532
2018-06-11,99.7646,122.0394,137.6122,123.9349,173.0535,143.8613,153.3763,131.935,157.566,103.5244
2018-06-12,100.6875,126.0239,139.9731,126.0915,174.2131,143.7559,153.6458,132.8097,160.1373,103.0939
2018-06-13,100.1557,125.1405,137.667,124.383,172.5309,142.5713,154.019,131.5991,158.4639,101.4988
2018-06-14,101.331,126.5349,139.9399,124.8938,173.5205,143.9671,154.4684,131.5145,156.4973,99.8699
2018-06-15,101.6324,124.5515,140.3304,125.0216,173.4947,144.5819,155.2034,131.2449,155.8458,97.7714
2018-06-18,102.9605,125.7415,142.196,126.6258,175.0855,143.0271,155.1402,132.1096,155.2043,98.0569
2018-06-19,101.5612,125.713,142.5625,126.4193,174.2755,143.8565,155.6978,131.6012,154.4003,97.1916
2018-06-20,102.9415,128.553,144.3891,126.778,176.3397,142.6091,155.4634,129.8487,157.5039,97.6434
2018-06-21,103.1918,129.108,145.5602,126.0771,178.4852,143.4648,155.7359,129.4393,157.3397,97.9504
2018-06-22,103.0159,130.3007,145.4808,126.3766,180.5337,145.4553,156.6106,129.1555,156.2509,97.6967
2018-06-25,104.2694,132.0885,147.6279,127.3536,181.5095,145.0695,156.8478,129.5887,156.9064,97.169
2018-06-26,103.2571,130.3991,147.8244,127.2339,180.3844,145.9028,156.7282,129.1594,156.1194,97.1231
2018-06-27,101.4603,129.4822,149.5038,125.8425,180.9987,147.61,157.435,129.823,155.4937,96.543
2018-06-28,100.3267,125.8354,146.2497,124.0096,178.9375,148.8587,157.9388,129.8418,152.1159,96.1483
2018-06-29,100.3388,126.0934,146.7996,123.9224,178.3203,147.2229,157.282,130.1902,153.3021,95.5713
2018-07-02,101.1372,128.6901,149.7139,125.9689,181.4657,145.3517,157.1692,130.2271,158.0211,96.527
2018-07-03,102.2966,130.6511,151.6673,126.3112,181.1431,145.7082,157.7396,131.6699,160.3238,97.4791
2018-07-04,101.7378,129.7506,151.3946,124.5825,180.4878,146.5121,158.4511,130.8885,159.2628,97.237
2018-07-05,101.5443,129.7212,151.0545,124.6763,178.583,147.1099,158.9814,130.6504,159.0034,96.8676
2018-07-06,101.0903,127.7851,147.1222,124.9134,178.9864,145.6969,158.2454,131.7693,158.6991,96.8454
2018-07-09,99.5607,125.2552,145.6784,123.7444,174.6717,146.0253,159.0,131.6241,155.9804,96.3878
2018-07-10,99.8407,126.4431,145.9626,124.0473,175.618,144.7038,158.1526,130.8539,157.8975,95.6905
2018-07-11,98.2069,123.7964,143.8443,123.3337,174.0538,144.7983,158.8913,130.6103,157.2352,95.4191
2018-07-12,98.0966,122.683,142.5507,122.9861,173.105,144.9902,159.1779,129.6723,155.1861,94.9066
2018-07-13,96.9145,120.7876,139.9214,122.5825,170.2945,145.3093,159.242,127.9844,153.8982,93.6539
2018-07-16,99.5443,126.4124,144.7101,125.5282,174.7289,145.0735,159.172,128.3516,158.2684,93.7727
2018-07-17,97.9909,122.5648,141.4827,122.4453,173.1639,144.8344,159.3344,128.5119,155.9873,94.3612
2018-07-18,96.9625,121.7341,139.5525,121.5428,171.2414,144.2991,159.0438,127.8559,154.7272,93.4728
2018-07-19,96.7354,120.8843,139.614,121.5076,171.0618,144.3937,158.2191,126.7618,155.4342,92.4102
2018-07-20,97.4426,121.3266,140.4873,122.4269,171.2739,144.0768,158.2337,127.0267,156.8772,92.9146
2018-07-23,96.6312,121.3912,141.2246,121.3549,172.4144,144.9193,157.685,126.0648,157.3067,93.0818
2018-07-24,96.584,121.0029,139.6362,120.9227,172.1123,145.1336,158.2128,125.5368,157.2136,92.215
2018-07-25,97.0353,122.2381,140.1999,122.3935,172.6287,145.1715,158.7393,126.1158,158.6313,93.0984
2018-07-26,97.5098,122.5808,141.061,122.4931,172.9483,145.3532,159.3892,126.9659,158.469,93.3674
2018-07-27,97.6373,121.9546,140.2656,122.1959,172.5413,146.7133,160.0216,127.1495,156.9702,92.5429
2018-07-30,98.1158,123.1148,139.8303,123.6981,174.605,146.9691,160.717,126.4884,155.6444,92.7386
2018-07-31,100.3588,127.6189,144.172,126.1958,179.6307,146.1008,160.3933,126.5561,160.1439,92.9922
2018-08-01,99.7329,126.6143,143.1529,126.3838,176.8687,148.2424,160.9447,126.9557,159.1015,94.1543
2018-08-02,97.5358,124.3568,140.2673,125.1316,174.3629,148.2116,161.5949,125.6263,157.3106,92.6318
2018-08-03,100.418,129.2328,144.7941,127.9711,181.2315,147.5752,160.7817,125.5913,160.0014,91.345
2018-08-06,98.5097,128.4647,142.4727,127.0751,181.4007,148.9881,161.3568,126.0934,158.7776,91.9381
2018-08-07,97.5853,128.3988,142.9194,126.8249,179.6371,149.7873,161.1043,124.9554,158.4141,91.7138
2018-08-08,98.0375,128.6168,143.9955,126.8357,179.0862,148.5,160.5107,124.8475,159.8506,92.014
2018-08-09,97.7587,127.5802,141.3637,125.9717,178.3469,148.9785,160.8686,124.5299,160.0075,92.2349
2018-08-10,97.5308,126.5485,139.795,125.7147,178.4365,149.3851,161.2172,124.2681,159.114,91.9
2018-08-13,98.0353,126.8761,142.3293,126.468,180.5001,148.9886,161.1871,124.4872,160.6145,90.6882
2018-08-14,97.9939,126.2155,144.7147,126.8678,181.0983,148.4298,161.0056,125.3244,160.5555,92.3745
2018-08-15,97.1641,126.163,141.0465,125.6394,178.3167,148.7545,161.2266,125.239,156.6658,91.2365
2018-08-16,97.4647,125.1419,142.5091,124.5112,180.0386,147.2827,161.0212,124.1837,159.1615,91.7596
2018-08-17,100.1656,129.3149,147.3951,126.6424,181.8676,146.1339,159.8716,124.2088,161.5151,92.3271
2018-08-20,102.0012,131.7398,149.7096,128.2877,184.0067,145.466,159.7835,123.4623,165.0752,92.6029
2018-08-21,101.576,132.0501,150.5673,126.4036,181.5311,146.2923,160.2926,122.7577,163.4116,91.4702
2018-08-22,99.2575,127.5141,147.5263,124.4674,179.5732,146.0342,160.2984,122.6631,160.8145,92.7644
2018-08-23,98.8076,126.8848,147.3176,123.8788,179.1315,145.8114,160.1153,123.1404,160.0132,92.1888
2018-08-24,100.0368,130.0062,148.3866,125.8299,181.9127,143.7828,158.7322,122.4543,162.1211,91.6746
2018-08-27,99.7722,130.4547,149.2803,125.4015,180.8147,144.4773,159.0266,122.7316,162.1506,92.127
2018-08-28,99.0655,129.3619,149.3228,125.4361,178.5804,144.0654,159.0887,123.3637,162.2739,92.2009
2018-08-29,99.2261,127.691,151.154,126.5161,178.2993,144.2509,158.8303,124.1323,162.0012,92.4023
2018-08-30,100.9347,128.1297,154.4344,127.1555,179.7786,143.8649,158.7027,124.2909,163.0551,92.5258
2018-08-31,100.7246,128.8221,153.92,126.8893,179.6921,144.2224,158.6915,124.9253,162.0298,93.2505
2018-09-03,101.58,129.0413,157.7183,128.2834,177.8069,143.5252,158.7127,124.0807,163.9623,93.8595
2018-09-04,101.8059,128.8236,159.0409,128.4659,178.4722,142.5049,158.7321,125.0621,162.9152,95.7376
2018-09-05,102.987,130.0896,160.7677,129.3812,178.3318,141.5615,158.9603,125.4334,162.8721,94.683
2018-09-06,101.2469,126.7238,157.073,127.58,175.1852,141.5636,159.5006,125.9347,160.6832,95.0652
2018-09-07,101.369,127.4422,155.6792,128.2333,176.8483,140.2569,158.766,125.8461,163.827,94.5127
2018-09-10,102.281,128.6728,155.8527,129.3258,175.8251,140.173,158.1918,126.2209,166.1877,94.5088
2018-09-11,101.1504,126.7204,152.384,126.5653,173.922,139.8367,157.7718,125.778,163.5783,93.9075
2018-09-12,100.3339,124.3819,151.7261,125.0101,172.2689,139.1044,157.8674,125.4766,162.7835,93.0599
2018-09-13,99.0798,121.117,149.937,122.7405,168.9698,140.5396,158.6079,124.3034,161.2527,91.5409
2018-09-14,97.8115,118.224,146.335,121.0523,165.7141,140.0843,158.5934,125.3421,159.6099,90.0883
2018-09-17,97.8727,119.2032,146.766,120.8068,167.7068,140.6457,158.7004,126.4612,160.6224,90.9219
2018-09-18,97.8268,118.8481,145.6108,120.4971,168.9954,140.0446,158.0138,125.3266,160.0921,90.6562
2018-09-19,97.1264,117.114,144.3702,119.1886,168.12,140.6678,158.1148,125.0928,158.4415,89.7088
2018-09-20,96.9213,116.9814,142.6547,117.8991,169.6348,142.5586,159.1284,126.3141,156.0229,89.1931
2018-09-21,96.2113,115.6829,141.6567,116.7073,167.3548,143.2869,159.0688,125.1621,156.2556,89.1702
2018-09-24,96.2977,115.393,141.4655,116.7292,164.8398,142.1377,158.5695,123.0939,155.4408,88.4763
2018-09-25,93.6466,111.6818,136.8205,115.1474,161.1537,141.4585,158.4865,123.9496,151.6502,87.9422
2018-09-26,92.3315,110.2679,135.9984,113.1059,159.7504,142.1335,159.2531,123.6736,148.9324,86.4173
2018-09-27,93.0433,111.3648,136.6748,112.9245,158.384,143.9521,159.8113,122.6579,148.8849,86.0842
2018-09-28,90.7699,108.4502,132.952,112.2676,154.5019,145.5819,160.7098,121.8096,145.3084,84.7353
2018-10-01,90.1145,106.1136,132.2355,111.4312,152.3418,145.9892,160.5076,122.4044,145.3703,85.2828
2018-10-02,89.1406,106.297,131.44,110.8276,151.6089,145.2226,159.9538,122.8356,145.5816,84.2234
2018-10-03,88.7192,105.428,131.3712,110.1385,151.4558,144.3492,159.8545,122.6483,143.6495,84.5721
2018-10-04,89.0434,105.9586,130.7644,110.4966,150.9283,144.2598,159.6465,122.3544,143.473,84.2291
2018-10-05,88.7542,107.5997,131.578,111.6212,151.3109,144.3458,159.8292,123.4378,143.0678,84.4139
2018-10-08,87.4866,106.2118,131.2611,110.2804,147.7908,145.1247,160.3534,123.5903,141.2054,83.8822
2018-10-09,87.8306,107.7914,130.6886,111.3015,147.9511,146.1711,160.5182,124.5595,142.9927,84.5844
2018-10-10,88.6012,109.1195,132.9392,112.5361,148.4306,145.8759,160.3984,124.6201,143.6454,85.6429
2018-10-11,88.9644,110.0893,132.3778,111.9704,148.3131,144.9792,160.284,124.1721,145.1331,84.6961
2018-10-12,89.8616,111.978,137.0255,112.9661,149.5877,143.3795,160.2441,123.4997,146.806,86.141
2018-10-15,90.8106,112.186,138.0942,112.1771,150.1247,142.4588,160.4969,123.3275,148.0823,84.961
2018-10-16,90.7425,113.6424,138.2964,112.2787,150.0361,141.8039,160.566,123.1558,147.8429,85.4648
2018-10-17,89.4818,112.2572,135.8222,112.1869,148.557,142.6342,161.0266,123.1997,146.1938,84.6657
2018-10-18,90.2773,114.1614,137.0679,113.6507,152.5205,142.1945,161.6241,124.6463,147.6072,85.5864
2018-10-19,90.5789,113.2097,137.3634,113.1542,152.4126,141.0204,161.4519,124.3929,148.5285,85.8225
2018-10-22,89.0009,111.7091,133.5856,111.0463,149.4935,141.6816,162.0107,124.1382,146.6313,84.7902
2018-10-23,87.7494,110.2362,131.265,110.5178,147.7926,143.2626,162.8158,123.9378,145.3872,84.2088
2018-10-24,87.634,110.1998,130.4667,109.3264,145.9004,143.8108,162.7433,125.1817,145.346,84.3155
2018-10-25,86.9674,108.2583,129.7343,108.1065,144.9889,144.0572,163.3745,124.8902,143.7493,83.7274
2018-10-26,85.7181,106.3039,127.4304,106.9192,142.7034,145.2082,164.3087,124.94,141.8359,83.3406
2018-10-29,86.4502,106.3846,127.6047,107.1247,141.3111,144.5915,164.9399,125.5057,141.7911,83.4349
2018-10-30,85.5521,105.3182,126.6886,105.9184,138.4454,144.7477,164.7127,125.9495,141.8245,82.3237
2018-10-31,86.6713,105.5091,126.1281,105.8968,138.0288,143.8871,165.0486,124.6503,142.1657,82.4263
2018-11-01,85.3778,104.2363,125.7464,105.7371,136.1634,145.526,165.8124,125.747,141.7603,82.7389
2018-11-02,85.5518,104.756,126.7911,106.3381,136.9224,145.8585,165.7875,125.9455,140.5063,82.6713
2018-11-05,83.8989,101.7944,124.7283,104.3226,134.8397,147.7354,166.8652,126.6108,138.796,81.9883
2018-11-06,84.5998,101.9911,125.4567,103.7357,134.4934,150.6453,168.1267,127.0418,137.9551,81.3606
2018-11-07,85.8695,102.0759,125.996,104.166,135.8206,151.7593,168.5948,127.3359,137.0642,80.8864
2018-11-08,85.7483,100.9487,124.3189,103.566,134.1177,152.6786,169.2247,127.2783,135.9247,80.1602
2018-11-09,83.8833,98.9213,120.2904,101.8951,131.6525,153.8463,169.9826,126.6227,132.6365,78.59
2018-11-12,82.668,98.5769,117.0715,100.7643,129.171,156.4232,171.1005,126.2193,131.6116,77.9743
2018-11-13,82.0585,98.1526,116.4849,100.453,128.9458,157.8346,172.1193,125.4858,132.1058,77.5619
2018-11-14,82.8853,99.7094,118.2531,101.5655,130.6261,156.5142,172.4123,125.6039,131.8658,78.0654
2018-11-15,82.8148,98.8824,116.2838,100.4423,128.5237,157.4205,172.735,125.608,130.8853,78.1543
2018-11-16,81.1474,95.2427,113.0608,99.3931,126.0384,158.0712,173.2411,125.0427,128.635,77.3109
2018-11-19,80.2433,93.2239,112.8925,98.2991,124.8457,157.8272,174.0385,125.5709,125.9514,76.6359
2018-11-20,80.1857,92.4672,112.9987,98.0236,124.6138,159.4018,173.9703,125.5944,126.2561,76.3531
2018-11-21,79.5368,91.9996,112.0374,96.9804,124.9842,161.4382,174.6952,125.7931,126.5808,77.155
2018-11-22,78.9871,90.2243,110.8035,96.2469,123.4642,162.4565,175.3115,125.6891,127.0782,76.802
2018-11-23,77.9743,89.8744,110.1524,95.0091,123.1545,163.1688,176.0911,125.4581,126.3994,76.5143
2018-11-26,77.156,89.0241,108.4601,93.7284,122.425,162.7987,175.3915,124.0957,124.9771,75.9163
2018-11-27,76.0368,87.804,106.4311,93.9506,120.3534,164.2886,176.5016,123.6812,123.7091,75.3332
2018-11-28,73.093,83.5233,101.8119,91.1747,115.259,165.9899,177.2231,123.0739,121.0251,73.7586
2018-11-29,73.3336,83.7803,102.8778,91.9648,115.012,166.6098,177.6495,122.9789,120.6508,74.1708
2018-11-30,73.5182,84.222,103.8903,92.4468,113.8814,166.7266,177.8661,121.8273,121.2137,73.2978
2018-12-03,72.4698,82.6367,101.8531,92.0468,112.8993,167.3117,177.9388,123.0182,118.2362,73.0312
2018-12-04,71.4189,81.1903,100.2493,90.6907,112.1065,168.071,177.355,122.736,117.8945,73.886
2018-12-05,70.8708,80.3943,99.8753,91.2421,112.9429,170.237,178.4489,123.7769,117.9706,73.9847
2018-12-06,70.8578,80.1026,98.7822,91.339,111.6251,171.5187,179.3191,122.6124,115.5593,73.5895
2018-12-07,69.8105,79.3389,97.008,90.1419,110.5398,173.8062,180.394,120.9831,114.046,71.5053
2018-12-10,70.1035,80.617,96.8972,90.8042,111.3552,174.7407,181.082,120.8539,113.1803,72.0438
2018-12-11,68.7045,79.6772,95.8746,89.4408,107.7279,176.5428,181.8606,120.5376,111.0089,71.7459
2018-12-12,68.7685,80.0316,97.1701,89.5919,107.6477,179.0948,182.4305,120.9131,111.3422,71.3532
2018-12-13,68.2555,78.4175,95.0829,88.2686,105.561,180.3045,183.3649,120.7401,109.4683,70.9813
2018-12-14,68.176,78.0821,94.5778,88.4436,106.4863,181.4893,184.3965,120.6702,110.2719,71.7943
2018-12-17,67.0898,76.1427,94.1164,88.526,104.8464,181.6337,184.5854,120.8258,109.5261,72.1736
2018-12-18,67.004,74.9526,94.2819,87.4592,104.5838,181.7341,185.1854,119.8146,108.7838,70.6797
2018-12-19,67.189,75.3512,94.0941,88.3136,104.9065,184.2482,185.8701,119.7352,109.7222,69.8376
2018-12-20,66.474,74.1316,92.8043,87.3012,102.8016,189.9917,187.4066,119.7878,107.9104,70.3505
2018-12-21,66.7258,75.4545,93.4393,88.3793,102.9987,189.1935,186.8712,119.246,108.619,70.4923
2018-12-24,66.4949,75.2075,91.8685,87.4498,103.0721,189.7133,187.1064,119.4309,107.9321,70.1601
2018-12-25,65.9774,74.4201,91.5633,87.2189,102.3616,189.6535,187.261,119.7358,107.3852,69.4134
2018-12-26,66.0565,74.2684,90.5947,86.8143,102.6328,191.4788,189.2683,120.3278,107.5229,69.3806
2018-12-27,64.2751,72.001,87.9491,84.4061,101.0984,191.0543,189.2391,120.4009,105.3087,69.6385
2018-12-28,63.4223,71.2592,86.6857,84.2738,99.5377,191.5621,190.4086,118.9066,103.5047,69.5575
2018-12-31,63.2201,70.7245,84.8485,83.207,97.8282,194.6919,191.6466,118.394,101.9562,70.0539
2019-01-01,62.7478,70.5791,82.8229,82.5844,96.1428,195.2674,192.0078,116.7814,99.8171,69.6758
2019-01-02,63.0842,69.8848,82.8045,81.6094,96.4309,196.7294,192.9063,115.7144,99.9358,68.9818
2019-01-03,63.1969,70.6347,82.6611,81.1541,96.6836,197.4056,193.5776,115.1706,99.3662,68.4155
2019-01-04,62.6821,68.9466,83.0104,80.4428,94.7013,199.0273,193.62,115.6635,98.3711,67.8528
2019-01-07,62.1729,68.0048,82.561,79.0921,93.8661,201.2846,195.6686,116.2094,97.716,67.2828
2019-01-08,61.5883,67.7949,82.063,78.5071,92.5807,200.4116,195.7111,117.302,97.6134,68.1962
2019-01-09,60.7373,67.321,82.7711,77.9574,91.2791,199.466,195.9263,116.7505,97.3471,67.2819
2019-01-10,59.5151,65.0788,81.7093,76.2632,89.8988,200.8696,196.0861,116.9043,95.4129,67.35
2019-01-11,60.0867,65.3697,81.8711,76.6761,92.0027,199.9984,196.7864,116.5345,96.619,67.476
2019-01-14,59.7942,66.1844,80.679,76.8063,92.7813,199.4644,196.7242,115.6084,96.7161,67.586
2019-01-15,59.7729,65.7317,80.764,75.5685,92.1652,198.9321,197.9577,116.5017,95.764,67.5681
2019-01-16,60.1634,66.334,81.1872,75.7048,92.7044,198.9346,198.0377,116.9171,95.4809,68.4918
2019-01-17,61.2866,67.0261,82.3146,76.6441,94.4151,198.7677,198.1967,117.7534,97.3437,69.4923
2019-01-18,60.5962,66.1113,80.67,75.1767,93.9494,201.8968,199.7475,118.206,95.6227,69.7842
2019-01-21,59.7321,64.8459,78.5999,74.427,92.4936,204.1236,200.8697,118.057,93.73,69.5705
2019-01-22,58.9697,62.878,76.6877,73.4577,90.8174,206.7868,202.8152,118.8351,91.9071,69.7265
2019-01-23,58.7076,62.3435,76.4505,72.6157,89.6811,208.5862,203.5323,118.714,91.2927,69.0237
2019-01-24,58.0701,62.331,75.4766,72.0109,89.2439,208.7341,203.8341,118.6056,90.6498,68.3607
2019-01-25,57.3676,62.0078,74.7192,71.9316,89.3461,212.0747,204.451,119.2589,90.3522,68.0001
2019-01-28,56.2796,60.6917,72.5851,70.6022,86.7835,214.5346,205.8043,119.7581,89.0328,67.5629
2019-01-29,56.0757,61.345,72.301,70.2568,86.1362,214.6177,206.5582,119.5189,89.1846,67.465
2019-01-30,54.6103,59.7034,69.5669,69.1532,83.3658,218.4487,207.8165,119.7377,87.0401,67.5224
2019-01-31,53.6924,59.5181,69.4993,68.4332,82.9209,220.4128,208.2399,119.104,87.4551,67.9606
2019-02-01,52.7757,58.4568,67.8584,67.6215,80.8664,222.0879,208.6634,118.3929,85.9621,67.6574
2019-02-04,52.9288,58.951,67.9214,67.3233,80.2168,222.1251,208.9989,118.8413,86.7002,67.0887
2019-02-05,52.7708,58.8076,68.5493,66.9794,80.5077,225.1757,210.3527,119.0065,85.7464,67.0313
2019-02-06,53.1308,57.9028,68.3165,67.0589,80.2966,225.8469,211.0919,118.8694,84.8227,66.97
2019-02-07,53.5584,58.5732,68.6282,66.6061,80.8013,223.6439,210.4279,120.0477,84.6721,67.6248
2019-02-08,52.5632,57.4632,67.8081,65.5908,79.9382,225.8137,211.9898,119.8486,83.5456,66.5588
2019-02-11,51.5466,56.5085,66.1552,65.1255,79.6464,229.1793,212.1058,119.0905,83.2684,66.4109
2019-02-12,50.7588,55.1185,65.3401,64.19,78.0502,233.0788,213.267,119.613,81.2434,65.5873
2019-02-13,49.995,53.7995,64.9743,63.481,77.1346,232.2337,213.5812,120.1721,80.2183,66.1674
2019-02-14,49.4839,52.2155,64.1534,62.3111,75.8448,234.6394,214.3391,119.9619,79.2432,66.0357
2019-02-15,49.3779,52.0536,62.0351,62.0614,75.8053,235.0517,215.1822,120.6037,78.6243,66.0427
2019-02-18,48.7985,51.9328,61.5766,61.7133,75.4186,234.6333,215.1661,120.407,78.2395,65.14
2019-02-19,48.5034,50.5619,60.4317,61.436,74.6447,236.3105,216.1817,120.5282,76.9756,64.2441
2019-02-20,48.675,50.2118,60.7017,61.373,74.5759,237.7419,216.9605,121.2706,76.8564,64.0328
2019-02-21,48.0845,49.4428,59.9467,60.2768,74.2232,239.2307,217.6424,120.1453,75.9175,62.2703
2019-02-22,46.7366,48.2226,58.8589,59.7261,73.0445,240.5171,218.489,121.4047,75.0896,62.5146
2019-02-25,46.4653,48.4989,58.2429,59.5066,72.8754,240.0593,217.7413,121.8561,75.2301,63.4443
2019-02-26,46.927,49.8083,59.9629,60.7447,75.0844,240.9186,217.8486,123.2791,75.6525,64.3285
2019-02-27,47.1441,49.4994,59.9826,61.2822,75.9302,241.1376,217.8582,122.7812,75.9721,64.286
2019-02-28,46.2261,48.1253,59.2568,60.5111,75.0275,241.9695,219.3842,122.4166,74.6691,64.0722
2019-03-01,45.3535,47.6284,58.9454,60.1058,74.2701,242.1324,219.5825,122.6011,73.6,63.744
2019-03-04,45.481,47.4481,59.4434,61.1515,74.2471,242.4432,219.864,123.3525,73.6485,63.185
2019-03-05,45.7272,47.107,59.317,61.2216,73.2786,240.1536,218.8216,123.1601,73.9589,63.1493
2019-03-06,46.1808,47.4043,60.5158,61.7554,74.3781,238.1853,219.1988,122.5527,74.4629,63.6699
2019-03-07,46.3851,47.426,61.027,61.9283,74.6565,236.9947,218.8734,122.4116,73.7162,63.8626
2019-03-08,45.2522,46.1578,60.0483,60.3888,72.1687,240.7409,219.8836,122.5597,72.0328,63.4575
2019-03-11,44.932,46.3668,59.9763,60.6475,72.5483,240.5339,220.9233,121.265,71.4202,63.1663
2019-03-12,44.3851,45.801,59.1548,59.8904,71.6428,242.4874,221.6694,121.9413,70.8861,63.756
2019-03-13,43.7043,45.1342,58.3229,59.3667,70.4328,242.9381,221.314,121.0449,71.1193,63.7878
2019-03-14,44.7515,46.2296,60.3325,60.821,71.1016,241.6558,220.6634,120.6511,72.3747,64.6795
2019-03-15,45.2601,46.8778,61.3007,61.4145,71.8553,240.7072,220.9915,119.6997,72.3044,64.1032
2019-03-18,44.494,45.8083,60.1604,60.3044,70.9688,244.4962,221.5061,120.8823,71.1026,64.0298
2019-03-19,44.2412,45.0684,58.6116,59.5759,70.1005,244.5298,221.488,119.9297,70.4781,63.7053
2019-03-20,44.199,45.6883,58.9761,58.7178,69.8628,243.2546,220.8679,119.022,70.8234,63.7671
2019-03-21,43.8819,44.9929,58.3525,58.6346,71.0938,243.3641,220.8335,118.2449,71.3482,63.7269
2019-03-22,43.9244,44.3699,58.2874,58.8102,70.3884,243.6306,221.4955,118.8416,71.7411,64.1041
2019-03-25,43.9919,44.5256,58.2786,58.8223,70.1445,242.1466,220.9084,118.704,72.2896,63.935
2019-03-26,44.4695,44.9217,58.2465,59.0403,71.0271,240.0674,220.237,117.899,72.8292,64.2331
2019-03-27,44.7883,45.2384,59.2944,59.6289,71.4384,239.2892,220.6848,118.1452,74.2872,64.7597
2019-03-28,45.7042,45.5935,60.991,60.5612,71.5879,239.932,221.3805,117.4914,74.6368,64.7916
2019-03-29,45.3805,44.7198,60.1329,60.016,71.4697,240.5756,221.9018,117.8037,73.9817,65.2752
2019-04-01,45.2701,44.9282,60.3465,60.5473,71.6599,238.4567,220.788,117.1791,73.936,64.9087
2019-04-02,45.3506,45.6198,61.8032,60.7673,72.477,239.5906,221.0141,119.1375,73.4377,66.2819
2019-04-03,45.36,45.8313,61.8138,60.528,72.1418,239.7493,221.8296,118.0118,73.5461,66.0138
2019-04-04,45.334,45.638,61.8267,60.6064,72.0516,237.6157,219.9448,117.268,74.3271,66.0238
2019-04-05,45.921,45.344,62.0454,61.3957,72.0555,237.3502,219.4317,116.844,73.4788,65.8624
2019-04-08,46.4649,45.7621,63.3017,62.1942,72.9687,237.7091,218.9863,116.1262,74.7537,65.909
2019-04-09,46.2085,45.3481,62.9318,62.2038,72.4962,241.6412,219.704,115.9688,73.7989,66.0047
2019-04-10,45.8768,45.1192,62.9874,61.7015,72.2268,241.2895,219.5242,116.0809,73.8592,65.8326
2019-04-11,46.4437,45.3949,62.1208,62.5033,72.1427,239.8433,218.9847,116.0525,74.2574,66.0564
2019-04-12,46.7628,46.0527,62.4967,63.1006,73.2735,240.5337,219.5359,116.0526,74.1948,66.4632
2019-04-15,48.0097,47.5693,64.3584,64.8175,74.2291,238.8957,218.1721,115.6949,75.8773,66.8563
2019-04-16,49.0918,48.3224,65.2759,65.3846,75.3332,238.1602,218.7969,114.9513,76.4347,67.3995
2019-04-17,49.4196,48.6879,63.8634,65.728,75.0096,237.9491,218.526,115.9624,76.1706,68.4368
2019-04-18,49.8169,48.7874,63.7356,65.5182,74.772,240.4632,217.9785,117.0997,76.786,68.3159
2019-04-19,49.7866,48.4967,63.8575,65.7752,76.0302,239.3818,217.4678,118.5321,77.2753,69.0111
2019-04-22,50.0809,48.9953,64.0303,65.6196,75.7528,239.2301,216.4513,118.5409,78.5157,70.1812
2019-04-23,50.0367,48.4401,63.0633,65.2056,74.8158,239.8987,216.2175,117.7584,78.0081,70.3097
2019-04-24,49.6829,48.2956,62.7687,65.3724,74.7811,240.3306,215.0536,118.8008,77.5321,69.7924
2019-04-25,49.0167,47.291,61.7531,64.6156,73.316,243.0649,216.6247,118.0659,76.6284,69.3669
2019-04-26,48.5963,47.1016,61.0475,63.824,72.9595,246.1103,218.1378,117.6472,75.6815,69.2591
2019-04-29,48.1746,46.598,60.9486,62.6481,73.0159,246.5697,217.9877,118.0919,74.8737,69.0731
2019-04-30,48.874,47.1498,61.9426,63.5628,74.3199,245.2336,217.1803,118.3236,76.0403,68.9493
2019-05-01,49.1167,47.7706,62.1786,64.5685,74.6606,243.7463,216.1735,118.3909,76.5047,69.323
2019-05-02,48.5185,47.2253,60.9163,63.6315,73.8064,242.933,217.6068,117.068,75.5619,68.9082
2019-05-03,49.1213,48.0851,61.6155,64.9698,74.8554,239.5696,216.5617,116.8111,75.694,69.4034
2019-05-06,48.732,47.9427,61.5896,64.6103,74.7592,241.8671,216.9554,117.8609,75.6226,69.5202
2019-05-07,50.0842,48.953,62.6127,64.9991,76.1441,239.7507,216.6984,117.5898,76.7906,69.6768
2019-05-08,49.8368,48.5748,62.1543,63.8709,75.5489,239.9722,216.9905,117.7631,76.3665,69.2588
2019-05-09,50.4415,48.6918,62.9426,64.6372,76.3743,241.2078,216.181,116.1354,77.0785,68.3092
2019-05-10,50.5246,49.0045,64.1791,64.8517,76.5013,240.521,215.9176,114.9288,77.7143,68.1325
2019-05-13,50.4457,49.0565,64.5176,65.5403,76.3963,239.5566,215.3724,116.2259,77.906,68.6286
2019-05-14,50.5963,49.0968,63.7405,64.8405,76.4623,240.0859,215.8808,116.6223,77.4401,68.9514
2019-05-15,50.5578,49.2865,64.3787,65.1474,76.9863,240.0402,215.4792,117.1096,77.1782,69.1549
2019-05-16,50.9652,49.9458,65.2639,65.5701,76.3991,239.6898,214.6805,117.5875,77.4719,69.4204
2019-05-17,51.2837,49.683,65.3859,65.6283,76.0429,240.7919,214.893,116.1927,77.6548,68.7536
2019-05-20,51.5556,49.9883,65.3673,65.87,76.2722,241.9863,215.7667,116.2407,77.6288,68.4658
2019-05-21,51.497,49.9277,65.9006,65.9987,76.5155,242.7694,216.0577,116.372,78.0534,68.7681
2019-05-22,50.8833,50.2392,65.2512,65.5524,76.4664,239.8453,214.9173,116.152,78.4469,68.4505
2019-05-23,50.56,49.78,64.2989,65.4639,77.9705,242.3323,215.5235,116.3284,77.9301,69.0699
2019-05-24,50.2432,49.6159,64.2064,65.4194,76.4596,242.2591,216.3679,115.9615,77.112,69.6228
2019-05-27,49.7056,48.5951,62.6656,64.9241,75.4315,243.0326,217.4783,117.0131,75.9725,70.3147
2019-05-28,49.8616,48.2776,62.2304,64.7091,75.7402,242.3434,216.8644,116.9892,75.5778,70.6795
2019-05-29,49.574,47.901,61.855,63.9574,75.5,243.5648,217.8097,116.9924,76.0718,71.6863
2019-05-30,49.9999,48.5111,62.9809,64.7456,76.3631,242.8227,217.5968,116.7593,76.5931,72.3558
2019-05-31,50.0927,48.4635,63.3978,64.2951,76.264,243.4443,217.2992,115.8963,76.0598,72.2161
2019-06-03,49.4395,47.0622,62.9653,63.5395,75.235,245.8508,216.8719,115.9158,75.148,72.3881
2019-06-04,49.4548,46.6597,62.7659,63.0805,74.8988,244.6403,217.485,115.0878,74.3714,71.8522
2019-06-05,47.7998,45.338,61.0342,61.4974,73.3949,245.1326,218.2541,116.5173,73.4853,73.2252
2019-06-06,47.5306,44.8721,60.2804,60.4339,72.8476,244.9013,218.4208,117.3342,73.6709,72.9424
2019-06-07,48.4521,46.3326,61.1528,61.2212,74.255,245.1098,218.1998,117.3517,74.0418,73.3228
2019-06-10,48.0954,45.6462,60.23,60.976,73.2879,243.6719,217.0108,115.4762,74.0553,72.7979
2019-06-11,47.5293,45.5438,59.368,60.5358,74.153,242.7435,216.7987,114.9297,73.5682,72.1882
2019-06-12,45.742,43.7306,57.7265,59.02,72.0231,242.296,217.0652,114.5397,72.3086,71.4115
2019-06-13,46.1447,45.1175,59.2838,59.7381,73.6212,241.8638,215.6171,113.9904,72.5723,72.152
2019-06-14,45.9842,45.1325,58.8318,60.0268,73.3393,240.9515,215.2012,113.2111,72.7533,72.0934
2019-06-17,46.2007,44.6463,58.9604,59.9139,73.4875,241.1504,214.656,111.9999,72.6247,71.7452
2019-06-18,46.2182,45.1754,59.1217,59.4902,73.9268,241.2234,214.5442,112.1427,73.266,72.5403
2019-06-19,45.4607,44.5413,58.4344,59.1075,72.258,240.5015,214.3022,112.871,72.7096,71.7799
2019-06-20,44.5251,43.5247,57.1204,58.548,70.8052,240.3199,214.59,112.3185,71.8431,71.1732
2019-06-21,45.6486,44.5632,59.5037,59.7764,72.361,239.8217,214.1378,113.6575,73.3689,71.906
2019-06-24,46.4587,46.1615,60.7839,61.0378,73.1727,236.4537,212.3689,112.1861,75.1074,71.5785
2019-06-25,46.7169,46.3555,61.3058,61.0892,73.0642,234.9528,212.8938,111.8021,75.4023,72.1588
2019-06-26,47.1205,47.0501,61.6562,61.465,73.2847,234.6385,213.6075,112.1598,75.8805,72.1119
2019-06-27,48.2169,47.9284,62.4133,62.9189,75.1677,232.6286,212.9948,113.064,77.1591,72.5684
2019-06-28,48.3632,47.2607,61.9536,62.5124,74.6457,231.8627,212.8334,112.4786,77.1391,72.0623
2019-07-01,47.9313,47.5913,62.3221,62.4162,74.0037,231.818,212.7442,113.2011,76.7243,72.2618
2019-07-02,47.8947,47.7722,63.1839,62.5445,73.6667,231.7618,212.5599,113.2054,77.3292,71.8784
2019-07-03,48.4515,48.2317,63.2761,63.5813,74.1151,232.8238,212.9984,113.7012,78.0962,71.9115
2019-07-04,48.7454,48.3446,63.1744,64.0788,73.8008,232.193,212.8883,113.0784,77.9292,71.2626
2019-07-05,49.3301,48.6619,63.7761,65.276,74.5481,232.3501,212.7971,113.6987,78.2894,71.9005
2019-07-08,48.9711,48.2852,63.6651,64.9376,74.7147,233.1986,213.4094,114.7406,78.8724,72.0182
2019-07-09,49.9478,48.6188,64.6911,65.3425,75.2013,232.443,212.7387,114.3681,79.4828,72.0278
2019-07-10,50.6864,49.0336,65.7109,65.6816,75.9415,231.9563,211.8941,114.6421,79.9725,71.8679
2019-07-11,49.5317,47.2117,62.994,64.136,73.6804,233.5642,212.649,114.3446,78.4917,72.4582
2019-07-12,49.5454,47.3612,62.9178,63.5518,73.5088,235.2553,213.3159,114.7326,78.2337,72.0115
2019-07-15,49.7101,48.0487,62.2208,63.5816,73.8474,235.2093,212.2692,115.946,78.5565,72.0758
2019-07-16,50.8784,49.4733,63.8969,64.7301,75.1544,233.1256,210.2652,116.3689,80.084,72.8239
2019-07-17,50.1049,48.742,62.3789,64.4147,74.2313,234.4206,211.2217,117.2204,79.7475,73.0137
2019-07-18,50.3332,49.4648,62.7641,64.9433,73.1908,233.9095,210.6027,117.6564,79.5549,72.58
2019-07-19,50.4354,49.2179,63.3354,64.9109,73.1706,233.4702,210.2875,118.6377,80.4652,73.2022
2019-07-22,49.8664,48.5642,62.6633,63.7346,73.0646,232.2231,210.764,120.3078,80.1074,72.805
2019-07-23,50.5237,48.8527,62.4784,63.8529,73.9975,229.0974,209.5745,120.1825,80.7209,74.4238
2019-07-24,50.4381,48.85,62.7372,63.9785,74.8218,229.3023,210.4484,120.0425,81.1584,74.1702
2019-07-25,50.0419,48.9136,63.6718,64.1039,74.622,231.2782,212.7351,119.0893,80.2644,74.1772
2019-07-26,50.9156,49.9865,64.7935,65.3118,75.8956,231.6564,212.4509,119.3374,81.8051,73.3874
2019-07-29,49.7944,49.1067,64.1541,64.7812,74.2102,233.8815,213.4818,119.5047,80.1204,72.662
2019-07-30,49.5653,49.2236,63.6713,64.8978,74.3178,233.2734,214.929,119.1816,80.3965,72.4769
2019-07-31,49.2153,49.0677,62.6695,64.3597,74.5696,231.912,214.6948,117.5676,80.7276,73.1355
2019-08-01,49.0998,48.877,62.3433,64.4828,74.4971,235.3318,216.5821,117.23,80.0009,72.8152
2019-08-02,49.3634,49.095,61.5567,64.1645,75.326,234.5643,215.5775,116.6428,79.9074,72.4823
2019-08-05,50.5149,50.7329,63.9932,65.5453,76.3429,233.9233,215.8612,115.6429,80.9535,72.3335
2019-08-06,51.0758,50.884,64.6774,65.9636,76.9591,232.3893,215.4491,115.8416,81.9202,73.9747
2019-08-07,51.0564,51.9399,65.3289,65.6285,76.6926,233.2864,215.6669,115.1835,81.512,73.6602
2019-08-08,51.144,51.7808,65.1442,65.858,76.7399,234.0543,216.3771,115.287,81.4191,74.3481
2019-08-09,50.6055,51.4321,64.1892,66.2435,76.7536,231.8363,215.5532,115.6845,81.34,74.9263
2019-08-12,50.7012,50.6667,64.4005,65.7829,76.355,231.5721,215.6069,116.1013,80.405,74.5389
2019-08-13,50.3683,50.2849,63.9053,66.3542,76.1173,230.5501,215.5061,115.9413,79.9102,74.5811
2019-08-14,51.3147,51.8973,65.5668,66.9322,77.3634,227.4967,213.9557,115.2903,81.3444,75.1641
2019-08-15,50.7919,52.4017,65.4688,66.3419,77.356,225.5689,213.2365,116.0053,81.3366,75.9568
2019-08-16,51.0397,52.7652,66.112,66.7336,77.8285,224.3467,213.0204,116.0166,81.519,74.8943
2019-08-19,51.7721,53.8552,66.7759,67.3241,78.0849,220.8039,211.9683,116.0676,82.5647,74.7086
2019-08-20,51.0602,53.1972,65.8062,66.356,76.0706,220.4889,212.026,115.6228,81.4341,73.593
2019-08-21,50.3245,52.2122,63.8693,65.3252,74.3797,219.1852,212.1396,115.6043,80.995,73.4
2019-08-22,50.4906,53.1401,64.3507,65.1791,73.6656,218.8529,211.7185,115.4979,81.0531,72.2803
2019-08-23,50.3644,53.634,64.6035,65.086,73.2929,221.6123,212.6322,115.3094,81.5807,72.4696
2019-08-26,49.9519,53.047,64.0228,64.7487,72.5207,223.0309,212.2627,115.1251,80.2051,71.987
2019-08-27,51.3839,54.7523,65.3896,65.7246,73.9357,221.5283,210.7783,115.5803,81.9724,72.1325
2019-08-28,50.8414,53.964,65.1939,64.8227,72.4872,222.3938,210.8334,115.9872,81.3137,70.9684
2019-08-29,49.7343,52.8405,63.3999,63.73,72.5312,224.1824,211.695,117.3464,80.1724,70.9722
2019-08-30,49.1179,51.8724,62.0498,62.7843,71.1938,224.9395,211.1315,117.5393,79.2338,70.1344
2019-09-02,50.3488,53.0831,63.6201,64.2039,73.2655,223.1602,210.2129,117.0497,80.4825,69.3982
2019-09-03,49.7477,52.5897,62.4734,63.9856,72.1245,223.5177,209.9801,116.6841,80.002,68.5578
2019-09-04,49.9954,53.6778,63.6894,64.932,72.5222,223.803,210.3057,117.0694,80.0253,68.6073
2019-09-05,49.8895,53.226,63.547,64.7043,72.3852,224.0089,210.4483,116.3466,79.9276,68.2926
2019-09-06,49.932,53.6582,63.9249,64.7684,72.5086,224.2482,210.0818,116.5711,80.4679,68.2417
2019-09-09,50.1526,53.9366,64.0287,64.6006,72.0298,224.4543,210.7635,117.7666,80.1468,67.8237
2019-09-10,49.721,52.6118,63.3905,64.3052,72.0903,223.852,210.5561,117.5958,79.3323,66.9741
2019-09-11,49.7615,52.8586,64.8075,63.8836,71.4481,225.2896,211.364,118.9714,79.6641,66.498
2019-09-12,48.5738,52.1288,63.322,62.5983,69.8729,227.0566,211.9095,118.2946,79.1066,66.6005
2019-09-13,49.5283,53.6746,64.6678,64.0832,71.5309,226.4801,211.378,118.6015,80.6346,67.7712
2019-09-16,49.3037,52.9353,64.3453,63.3671,71.821,226.6219,212.204,118.4733,79.7648,67.9713
2019-09-17,49.4975,53.2926,63.5262,63.8175,72.0062,225.393,212.0134,119.4813,80.0649,68.2706
2019-09-18,48.3584,52.466,62.2217,62.999,72.1624,224.8694,212.1757,119.5594,78.3999,68.6031
2019-09-19,47.8632,51.3632,62.4477,62.3321,72.3335,224.8655,212.7126,120.0197,77.1957,68.7745
2019-09-20,47.2899,50.4652,61.6819,61.6476,70.2481,225.534,213.53,121.0983,75.7317,68.6273
2019-09-23,48.106,51.3271,62.9563,62.3081,70.6424,225.3971,213.8093,120.7467,76.7026,68.891
2019-09-24,49.0093,51.9412,64.569,63.402,71.9676,225.8289,213.2221,121.07,78.3574,68.9861
2019-09-25,49.2677,52.2267,65.3289,63.8578,71.6588,224.2187,212.4959,121.8913,79.312,69.376
2019-09-26,49.3337,52.4668,66.2865,64.2114,72.196,222.9262,212.5729,121.8653,79.0419,69.508
2019-09-27,49.288,52.3114,66.3963,64.2168,71.9791,224.0793,213.1858,121.6776,78.4668,69.9896
2019-09-30,49.8947,52.1734,66.2699,64.3742,71.4663,223.8825,213.5075,122.0855,78.0188,70.2717
2019-10-01,50.2107,51.8657,65.2304,64.033,71.0531,224.3481,213.2925,123.0352,77.0713,71.3032
2019-10-02,50.2551,51.5261,65.8039,64.1501,71.6241,222.0702,211.5992,122.6728,77.3776,71.5522
2019-10-03,49.7846,50.8468,65.5254,63.5183,70.1713,223.1156,211.7688,123.2974,77.299,71.4533
2019-10-04,48.7737,50.7058,65.0796,63.4889,70.2113,221.5219,212.1987,123.3806,76.7168,71.0842
2019-10-07,48.858,50.5642,64.5116,63.5313,70.5083,220.6998,212.2555,123.2435,75.8575,70.907
2019-10-08,49.6234,51.308,65.7641,64.3549,71.0298,217.4777,209.8788,122.8928,76.3882,70.3946
2019-10-09,49.5901,51.0684,65.8076,65.1142,70.5431,217.1797,209.856,123.5814,76.3864,70.4388
2019-10-10,49.5353,51.3298,66.2108,65.2414,71.0907,217.8249,210.9132,122.9442,76.9536,70.9131
2019-10-11,48.5323,50.6176,65.0651,64.2504,69.8824,219.1783,212.4161,122.3865,75.9462,70.1071
2019-10-14,48.3554,50.4281,64.8282,63.7499,68.664,221.0184,212.8395,121.3652,75.6941,69.5223
2019-10-15,48.0841,49.9433,63.9134,62.9337,69.2646,219.2155,212.3816,121.6782,75.4358,69.7445
2019-10-16,48.0684,48.8694,63.9013,62.2334,68.6089,218.9701,212.5986,122.4676,75.2573,70.1178
2019-10-17,47.9674,48.5087,63.3783,62.273,67.6754,218.9652,213.3995,122.5325,74.638,69.9662
2019-10-18,48.3324,48.5571,63.237,61.8717,67.8477,217.1184,213.0471,122.5105,74.5078,70.1916
2019-10-21,48.025,47.7694,63.0374,61.1235,67.3448,217.2241,213.8542,121.9706,73.4764,70.4478
2019-10-22,47.4907,46.7313,61.5456,60.3356,67.1393,219.5769,215.4977,121.9292,72.7392,70.8714
2019-10-23,46.5618,46.4281,61.2112,59.652,66.2504,219.3517,215.138,122.5185,72.0008,70.6865
2019-10-24,45.894,45.9228,60.667,59.4975,65.5385,220.8551,215.4446,121.8155,69.8029,71.026
2019-10-25,45.6737,46.057,59.7119,59.3311,65.4329,219.129,213.8808,121.1528,70.0544,70.9595
2019-10-28,46.3811,46.1862,60.9585,59.618,66.1902,216.9949,212.4927,121.6436,71.3044,71.7794
2019-10-29,47.4527,46.8837,62.0663,60.6774,67.2327,216.4378,211.6129,123.2777,71.8095,72.2701
2019-10-30,47.7758,46.7539,62.7441,61.2296,67.715,213.4199,210.7802,121.9503,72.4046,71.8366
2019-10-31,47.6748,46.6713,63.2254,60.8151,67.8485,211.7424,210.3872,122.2612,72.4573,72.1006
2019-11-01,46.1827,45.0582,62.2895,59.7992,66.3103,214.6398,211.556,122.8099,70.1852,71.1584
2019-11-04,46.3718,45.421,62.3859,59.5907,66.7434,214.8112,212.6202,122.0131,70.9825,71.2536
2019-11-05,46.8129,46.2393,63.512,59.9602,67.3243,212.6657,212.0697,122.0685,71.6472,71.8704
2019-11-06,47.3719,46.4073,63.4872,60.4418,67.5465,212.3738,211.678,121.7753,71.6383,71.2869
2019-11-07,46.6681,45.626,62.5088,59.8635,67.4264,213.7874,212.5228,121.6348,70.5694,70.2897
2019-11-08,46.9712,45.1328,61.5445,59.5204,66.7322,214.3195,212.4378,121.6426,70.0463,69.899
2019-11-11,46.7872,44.401,61.1148,59.1573,67.3855,217.5457,212.3376,121.2403,69.5563,70.138
2019-11-12,47.5393,45.6431,63.2025,60.5497,68.4628,216.3116,211.8957,121.8112,70.3835,70.7258
2019-11-13,47.8256,46.4574,63.818,60.607,68.492,215.0972,212.1291,123.6799,71.4649,71.2159
2019-11-14,47.5387,46.0198,62.623,59.9323,68.1083,213.7591,212.0771,123.2202,71.3434,71.0564
2019-11-15,47.8128,46.3023,63.6074,60.4643,68.725,214.9143,212.4065,122.0103,71.7776,71.2911
2019-11-18,47.2624,45.3364,62.3733,59.2114,67.809,216.8643,213.3598,123.0442,70.6702,70.8924
2019-11-19,46.8065,44.5552,60.5149,58.8618,67.3547,219.4574,214.1724,123.1886,69.6083,70.6908
2019-11-20,47.4237,45.7242,61.6907,58.8452,68.1179,221.3354,215.2795,122.9764,70.3634,71.0568
2019-11-21,46.98,45.5395,60.6638,58.359,68.6156,223.7317,216.4357,124.8548,70.0448,70.8604
2019-11-22,46.7765,45.686,61.4978,57.9503,68.7119,222.9692,215.9003,124.4447,70.0771,71.0266
2019-11-25,46.6291,45.5567,61.7933,57.4814,68.1124,224.7357,216.1034,124.2464,69.3833,70.9587
2019-11-26,46.6952,45.6564,61.7576,57.9846,68.0069,223.2018,216.0341,124.5163,68.7858,72.2568
2019-11-27,46.6735,46.3035,62.551,58.7055,68.7341,221.7145,215.9767,124.4661,69.2359,71.6272
2019-11-28,46.8337,46.3388,63.7668,59.1732,69.0814,221.2624,214.9788,123.9166,69.3677,71.2584
2019-11-29,46.5509,45.7496,63.8239,58.4663,68.8777,224.6092,215.8954,123.694,69.4786,71.5881
2019-12-02,46.3862,46.2214,64.1136,58.2308,68.5731,223.5579,216.6972,123.6714,69.9846,71.5921
2019-12-03,46.3515,46.2882,65.4381,58.3436,69.0959,220.6225,215.9624,123.309,70.1251,71.5014
2019-12-04,46.4779,46.8236,65.8057,58.758,70.2974,221.1817,215.1736,122.4065,70.2435,71.3004
2019-12-05,46.8888,47.3177,65.9661,58.4327,70.1713,219.3554,213.6698,121.4342,69.9195,71.1845
2019-12-06,46.1513,46.4673,64.2851,57.4821,70.0515,220.195,213.5751,122.213,69.5411,70.8618
2019-12-09,46.4481,46.6478,63.6285,57.2533,70.655,218.6902,212.7293,122.0387,69.8223,71.5743
2019-12-10,46.4392,47.6379,63.5523,57.8226,71.8745,218.0044,212.696,122.5224,70.0387,72.4678
2019-12-11,45.7033,47.2919,63.0593,57.3132,71.6035,218.1507,213.1113,122.7655,70.0746,71.5313
2019-12-12,45.8935,47.0004,63.2498,57.417,71.8084,216.4381,212.1575,123.9448,70.1209,71.8587
2019-12-13,45.3145,46.3795,61.9096,56.8964,71.4312,215.8704,211.8477,122.417,69.1515,70.7953
2019-12-16,45.7044,47.4302,62.9669,57.7816,72.0045,215.5536,212.7747,123.1514,70.6589,71.1005
2019-12-17,45.3298,46.8294,62.3716,57.404,72.1144,215.1293,212.2136,123.4232,70.975,72.6482
2019-12-18,46.3219,47.866,64.1911,58.7614,74.1867,216.1076,212.3833,122.7648,71.8159,71.9387
2019-12-19,46.2481,47.8079,64.1012,58.0202,74.131,216.3872,212.8372,122.8128,71.9857,71.3157
2019-12-20,45.9513,47.0664,63.1288,57.8707,73.3935,216.9829,213.2206,122.4992,71.246,71.6895
2019-12-23,46.3938,47.1495,62.8218,57.4262,73.6094,215.6316,212.8682,122.9322,71.5989,71.5014
2019-12-24,46.9656,47.6949,63.8019,57.6458,74.3944,215.5676,213.22,122.6941,71.6238,72.4614
2019-12-25,46.5682,47.5638,64.2548,58.183,74.7939,214.9455,213.0978,121.6456,71.75,72.1774
2019-12-26,46.4328,47.2882,64.5073,58.4985,75.3076,214.7196,212.4853,120.4585,71.7607,72.0652
2019-12-27,45.2347,45.8657,63.8493,57.7059,74.1294,216.4034,212.9035,119.2385,70.3469,70.5236
2019-12-30,45.2308,45.8616,63.6274,57.2298,73.4672,216.4591,213.4325,120.1518,70.4176,70.8195
2019-12-31,44.8498,45.6415,62.9712,56.7719,72.7892,216.0079,213.2285,120.7428,69.9258,71.0347
2020-01-01,44.3793,44.957,61.9704,56.8318,72.5485,220.1486,214.1118,121.3482,69.6803,71.1165
2020-01-02,44.8381,45.2503,62.7045,57.5625,73.8108,219.0746,212.2668,122.0865,70.4477,71.3393
2020-01-03,45.4056,45.7766,63.8243,58.3731,74.9466,218.2215,211.8862,122.1843,70.2661,71.6423
2020-01-06,45.2877,46.3658,64.7763,58.6538,74.9631,217.39,211.3441,123.2927,70.8855,72.3804
2020-01-07,44.7208,45.7327,64.3268,58.2321,74.4189,217.8859,212.8243,122.0014,70.5739,71.7755
2020-01-08,44.3037,45.0085,64.1667,57.9802,73.0966,218.8175,213.5655,122.026,70.9529,71.1044
2020-01-09,44.9976,45.2032,64.781,58.5691,73.0878,219.2737,213.182,122.2591,71.635,71.9325
2020-01-10,45.551,45.7626,65.3772,59.2663,74.2286,221.1058,213.2482,124.4388,72.6594,74.1927
2020-01-13,45.5619,46.1003,65.0639,59.0057,75.2001,220.3338,212.4913,124.8185,73.1821,74.6555
2020-01-14,45.9034,47.7756,66.206,60.26,76.6298,220.676,212.8281,125.7544,74.6317,75.4035
2020-01-15,46.3676,48.1918,65.9928,60.6077,77.9238,220.0628,212.2085,125.9023,75.4032,74.8029
2020-01-16,46.4596,48.4971,67.3615,60.7224,78.2993,222.4843,212.6544,125.5199,75.8424,75.0925
2020-01-17,45.7207,48.1487,66.7312,60.4996,77.4144,221.8579,212.5836,125.0604,75.0826,73.7037
2020-01-20,45.7396,48.8887,67.3413,61.0557,77.5502,223.2828,211.6948,125.623,76.141,74.1566
2020-01-21,45.12,48.3002,67.6249,60.7706,76.8273,223.6266,211.4948,124.8314,75.5906,74.258
2020-01-22,44.9854,49.1367,67.121,61.1207,76.2497,222.5612,211.6558,125.9916,75.0909,74.1352
2020-01-23,44.2099,48.148,65.8062,60.4601,74.1951,223.9028,212.6835,125.9087,73.3194,73.163
2020-01-24,44.0824,48.4053,66.9421,60.6688,73.7209,223.3367,212.7411,125.1474,73.25,72.5303
2020-01-27,44.5375,49.1356,67.6315,61.1277,74.4993,224.6266,213.2966,126.0564,73.7332,72.8655
2020-01-28,44.6084,49.4015,69.0524,61.9566,74.3698,225.572,214.3899,126.4126,74.8307,72.4058
2020-01-29,44.7619,49.4356,68.8487,61.356,73.6348,226.1252,214.8151,126.497,74.3909,72.1305
2020-01-30,44.0825,48.8042,68.8976,61.2659,73.3998,226.5639,214.7278,126.7111,74.1395,73.0646
2020-01-31,44.801,49.9934,70.811,62.0661,73.7165,228.7375,215.0976,127.1572,74.7137,72.9369
2020-02-03,45.4627,50.924,71.9424,62.9156,74.6732,229.1985,215.4415,126.3138,75.692,72.4496
2020-02-04,45.4878,51.6053,72.1422,63.6276,75.5055,230.3455,215.655,126.5434,76.1724,72.6695
2020-02-05,45.8294,51.9989,72.6678,63.8264,76.3979,230.9962,215.6948,126.2088,76.0196,71.8388
2020-02-06,46.3714,52.4191,72.794,64.4262,77.1705,229.3768,214.6769,125.8206,76.1171,71.7804
2020-02-07,46.4131,52.6642,72.8441,64.6479,77.3648,228.397,214.9071,128.1119,75.9604,72.9464
2020-02-10,46.99,53.1539,73.3266,64.7582,77.4787,228.5785,215.171,128.4596,75.8837,72.5317
2020-02-11,46.6424,53.049,74.4937,65.4344,77.7825,230.0321,214.4541,129.9068,75.8903,73.342
2020-02-12,46.8423,54.0659,75.5356,66.1744,79.3673,231.1212,214.9459,130.9222,76.4059,73.362
2020-02-13,47.2805,54.4699,76.9765,66.149,79.6962,229.2579,215.0618,131.7608,76.2912,73.3272
2020-02-14,47.458,54.4151,75.7367,66.4425,79.4689,228.8147,214.9738,132.4451,76.9122,73.6902
2020-02-17,47.8396,54.6215,75.5512,66.4215,80.1455,228.4239,214.4281,131.1309,77.7614,72.9548
2020-02-18,48.66,55.5167,76.3018,67.0274,80.9912,226.8484,214.6911,131.4233,78.4169,73.4224
2020-02-19,47.2503,54.3719,75.3145,65.7139,79.5401,228.6865,215.717,130.9874,76.6691,73.3773
2020-02-20,47.2225,53.4883,74.8901,65.8205,79.2164,228.5833,215.5481,132.086,76.5225,73.7689
2020-02-21,47.573,53.7638,74.3522,65.7705,79.1578,230.9848,216.723,131.8859,76.3666,73.2846
2020-02-24,47.4117,53.9566,74.2444,66.0784,79.8025,232.2633,216.838,132.1291,76.2158,73.4074
2020-02-25,48.0113,53.1293,73.599,66.2793,78.6823,232.9235,216.8615,131.568,76.0825,73.1432
2020-02-26,48.0665,53.2135,72.8887,66.1399,78.9305,234.004,216.279,131.5949,75.6062,73.0816
2020-02-27,48.1945,54.3558,75.0091,67.5094,79.5819,232.5083,215.9957,131.9051,76.4342,73.455
2020-02-28,49.0323,55.6278,76.165,68.0752,79.597,235.613,216.7126,131.0731,77.0029,73.0729
2020-03-02,48.432,55.2852,75.487,67.1245,78.4987,234.6237,216.5205,131.5536,76.4855,73.9639
2020-03-03,47.9195,54.0575,74.0175,66.5122,77.2705,235.8919,216.1469,131.2103,75.6387,74.4072
2020-03-04,48.2277,53.9568,74.2067,65.8866,77.4926,236.4616,217.5,129.8754,75.5858,73.9488
2020-03-05,47.9087,53.086,73.4491,66.1507,77.5337,238.3843,218.1007,129.0516,75.2207,73.5758
2020-03-06,48.3402,53.5898,73.4351,66.2207,78.0084,240.3825,218.8433,128.5031,74.9075,72.711
2020-03-09,48.024,53.0811,72.6846,65.1356,76.4151,240.8017,219.1514,129.7967,74.4256,71.6878
2020-03-10,47.5793,53.1102,72.9824,64.5805,76.3547,241.3834,219.5992,129.6878,73.7986,72.3723
2020-03-11,47.8398,53.2657,73.9982,64.3486,77.2019,243.6226,219.747,129.521,73.5565,72.7216
2020-03-12,48.4733,54.2713,74.2424,65.046,78.0573,241.014,218.2923,130.15,73.8683,72.963
2020-03-13,48.7697,54.2819,75.4013,64.9758,78.8458,240.4717,218.4245,129.104,74.0228,73.2382
2020-03-16,49.1475,54.6093,76.4914,65.6227,78.4026,242.8691,220.3288,129.3018,73.6581,72.5562
2020-03-17,48.5751,53.8502,75.1286,64.822,76.9284,244.5943,221.6389,128.4633,72.0332,72.1894
2020-03-18,48.0483,53.6898,74.719,64.3517,77.2688,243.2499,222.2116,129.0944,71.9563,72.8515
2020-03-19,47.5842,54.35,75.0771,64.6036,77.2079,242.5986,222.2265,129.2979,72.7624,73.4645
2020-03-20,48.2275,55.1251,76.1263,65.4182,79.2028,241.4101,221.1897,128.7566,73.6755,73.6454
2020-03-23,48.4288,55.7643,77.5898,66.5873,79.5026,241.698,220.3779,129.6485,74.2347,74.4157
2020-03-24,49.1204,56.7746,78.7849,67.3915,81.7561,240.0331,219.3028,129.3179,74.6024,73.9467
2020-03-25,47.7585,55.1368,78.1309,66.3087,79.9804,242.7338,220.7413,130.3281,73.4632,74.1453
2020-03-26,47.6594,56.3643,77.5876,66.3594,80.8244,242.7429,220.4537,129.9462,73.0046,73.5528
2020-03-27,47.2862,55.9306,77.0268,65.9003,79.9697,243.1414,220.7072,130.0482,72.4049,73.2084
2020-03-30,47.4093,56.5924,77.558,65.8236,80.3098,245.3899,221.0955,129.8476,72.1516,73.0282
2020-03-31,47.6122,56.8922,78.3853,65.9883,81.0777,244.0279,220.5771,129.7897,71.4992,74.0113
2020-04-01,46.8885,56.2402,77.2145,65.3841,80.1218,244.5378,221.3705,129.3157,71.6553,73.9606
2020-04-02,47.0955,57.0352,78.5026,65.9032,81.1394,245.2209,221.1243,129.7856,71.5739,73.3431
2020-04-03,47.6086,57.4615,79.2926,66.5064,81.8538,245.3347,220.2961,131.2901,72.0042,73.6369
2020-04-06,47.1311,56.6576,77.7291,66.1117,81.1486,244.465,220.0775,131.3114,71.4249,73.5727
2020-04-07,47.2522,56.3024,77.0034,66.0235,79.5767,244.4331,220.5459,132.6432,71.2396,73.536
2020-04-08,47.1857,55.7005,76.547,65.5168,78.9971,245.7916,220.9202,133.5773,71.1018,72.8214
2020-04-09,46.9285,55.4476,75.2635,65.2731,79.2348,243.6795,220.28,132.3648,70.643,71.732
2020-04-10,46.5728,55.252,76.2898,64.9891,79.6531,243.3805,219.4255,131.6787,70.9281,71.637
2020-04-13,46.497,55.4853,77.0306,65.3211,80.3459,242.411,219.8548,132.4815,71.1752,72.1639
2020-04-14,45.7486,54.5107,76.5855,64.3265,79.1274,243.0036,219.6214,132.33,69.7039,71.5389
2020-04-15,45.6092,54.4738,77.6001,64.4842,80.2221,244.9016,220.1063,132.7811,69.7815,72.1378
2020-04-16,45.69,54.6502,78.0189,64.9057,80.8577,246.1278,220.3584,131.9855,69.5913,72.3358
2020-04-17,45.677,54.6464,77.4575,65.4376,80.4243,242.5148,219.8649,131.8615,69.2025,72.1809
2020-04-20,46.1076,54.315,75.8089,65.4073,80.6694,242.7827,219.7057,131.8884,69.1489,71.8085
2020-04-21,45.9931,54.3151,75.5819,65.4416,81.215,241.465,219.0188,130.7952,68.9757,71.6907
2020-04-22,45.6291,54.1706,75.7675,64.7609,80.9442,240.673,218.1,129.3866,68.9226,72.0204
2020-04-23,45.4187,53.8331,75.4861,65.1646,80.8958,240.2271,218.2765,130.0645,69.1916,72.0246
2020-04-24,45.6643,54.5284,75.3707,65.1297,81.1882,243.1569,219.281,130.9021,68.5269,72.1554
2020-04-27,46.0645,54.8065,75.4477,64.8651,82.37,240.5687,219.0021,131.557,69.2275,72.5538
2020-04-28,46.5403,55.3987,76.1773,65.1337,83.1141,240.0435,218.4765,132.4743,69.7458,73.0912
2020-04-29,46.9615,55.2986,77.0732,65.3137,82.4001,240.197,218.6884,131.4524,69.5426,73.1267
2020-04-30,47.6381,56.8399,77.7545,65.9816,83.4194,244.1277,219.2571,130.8176,70.2179,74.0303
2020-05-01,47.2071,56.2328,76.3739,65.5779,82.5386,245.8603,219.4051,131.2619,70.1789,74.8377
2020-05-04,47.5581,56.0165,77.0973,65.5458,82.1028,247.0794,219.6129,131.3094,70.0372,75.1954
2020-05-05,46.9436,54.6791,76.0902,64.693,79.7584,250.6608,221.3121,131.8608,70.0891,75.0845
2020-05-06,46.6525,54.9002,76.3155,65.3272,81.0909,250.6005,221.4884,131.8513,70.9743,74.4438
2020-05-07,46.9711,55.3459,77.6554,65.1937,81.0706,250.287,221.6679,132.8597,71.3561,74.4343
2020-05-08,46.5701,55.0136,76.4016,65.563,80.1223,250.9149,222.421,132.6478,70.8697,74.6273
2020-05-11,46.7151,54.9188,76.7585,65.4741,78.9082,250.3717,220.94,133.3104,70.8077,74.4959
2020-05-12,47.2807,55.3469,77.6201,66.2668,80.198,247.3779,221.07,134.1359,71.112,74.1151
2020-05-13,46.8258,54.9809,77.8105,66.2441,80.0461,246.6443,221.0909,134.1156,71.1763,74.7644
2020-05-14,47.7202,56.0189,78.1263,66.6632,81.2766,247.2148,221.4226,135.1392,72.4251,75.3877
2020-05-15,47.7617,56.1854,77.931,66.2514,81.0355,245.8712,220.7929,133.9939,71.9021,75.7451
2020-05-18,47.9785,56.6086,78.5931,66.2662,81.6697,244.3833,220.4422,135.1797,72.3779,76.0594
2020-05-19,47.762,56.3665,77.9345,66.2587,80.9252,246.0008,221.154,135.6546,72.3058,75.8717
2020-05-20,48.0696,56.3085,78.5339,65.7207,79.726,244.5536,220.8485,134.9723,72.5282,76.0754
2020-05-21,49.4852,58.3775,81.7058,66.9696,81.1062,244.4165,220.44,135.1184,74.0858,77.1117
2020-05-22,49.2323,57.918,80.7005,66.7612,79.9978,244.6431,221.3203,135.5927,73.9396,77.0437
2020-05-25,49.7956,57.6935,81.7229,67.1892,80.4867,244.8581,223.414,134.3205,74.5597,76.9083
2020-05-26,48.8857,55.536,78.4885,65.703,78.8165,246.8747,224.0488,134.2044,72.7235,76.7703
2020-05-27,49.3264,55.7036,78.9522,65.6362,80.0392,248.8294,224.3425,135.1514,72.9243,77.2628
2020-05-28,49.2285,55.1232,78.9967,64.9194,78.8917,247.6518,223.3054,135.6317,73.9431,77.0055
2020-05-29,49.9538,55.8157,79.607,65.7137,80.0086,243.9716,221.4679,134.1133,74.8933,76.0647
2020-06-01,49.205,54.7286,78.5492,65.3259,78.4592,243.973,221.3038,134.0552,73.4823,76.4636
2020-06-02,49.6042,54.8717,78.9944,65.6279,80.6781,243.886,221.2325,132.96,74.259,75.3976
2020-06-03,49.1299,53.2666,76.8671,64.1178,79.9217,244.4143,222.0272,132.5447,73.2898,74.989
2020-06-04,49.1522,54.0803,77.5999,64.1794,81.1832,243.3022,221.8225,131.8054,73.185,75.0238
2020-06-05,49.9706,54.2503,78.1199,64.9284,82.5164,242.4279,221.9319,132.0192,73.3533,75.1441
2020-06-08,49.5955,53.7195,77.0202,64.4445,82.16,242.2599,223.1228,130.9785,72.9664,74.7706
2020-06-09,49.2729,53.3565,77.6131,64.9482,81.9315,242.8279,223.0552,130.8005,72.9748,74.8411
2020-06-10,48.3936,51.9662,76.161,64.343,80.2921,245.555,224.4003,131.6441,71.4094,74.3553
2020-06-11,47.9643,51.4848,74.8816,64.0643,79.378,246.7501,224.9339,132.1752,70.8197,74.4623
2020-06-12,47.673,50.5815,74.5326,62.9653,79.1243,244.9637,224.102,132.2558,70.5111,75.1978
2020-06-15,48.0568,51.2381,74.9641,63.2055,80.6962,242.8742,223.3679,132.8299,71.1219,76.0162
2020-06-16,47.6785,51.482,74.0125,62.9011,80.35,244.9727,224.6139,134.058,71.0935,75.8493
2020-06-17,48.1558,51.9584,72.9514,62.769,80.0923,244.3281,224.782,133.9705,70.4658,75.6171
2020-06-18,48.2661,52.0979,73.1825,62.7109,79.1028,246.1103,225.0376,133.9975,69.7578,76.7595
2020-06-19,48.1554,50.9796,71.9264,62.2984,78.5739,247.4108,225.2169,134.2782,69.0476,76.6472
2020-06-22,48.3393,51.0624,71.5107,61.9073,79.5034,247.1526,224.2292,134.4712,69.899,77.7769
2020-06-23,48.4594,51.3879,72.0778,62.2741,80.373,249.9062,225.4237,132.6523,70.7552,76.3707
2020-06-24,48.6601,51.718,72.5364,62.3575,81.2834,248.063,224.717,133.6062,70.914,76.4315
2020-06-25,48.599,52.4056,72.2758,62.5654,81.6581,247.9818,225.3595,134.7175,70.9516,76.2174
2020-06-26,48.689,52.8689,72.8148,62.8071,81.6657,249.9333,225.3939,133.4905,69.8048,75.9635
2020-06-29,49.2463,54.0285,74.8452,63.0912,83.1517,248.6662,225.1595,131.4292,70.8441,75.3456
2020-06-30,49.6172,55.9742,76.8105,64.2939,83.6146,247.649,224.1406,132.0356,71.844,76.0755
2020-07-01,49.8543,56.3157,77.8043,64.3964,83.5475,249.1112,225.0528,131.3909,72.0173,75.2677
2020-07-02,50.148,56.7582,78.718,65.4023,85.2868,250.0779,226.1089,132.3641,71.8616,75.6276
2020-07-03,50.3287,57.1775,78.8963,65.2762,84.8887,251.0592,226.1731,130.4932,72.8158,74.821
2020-07-06,50.0522,56.3178,78.2015,65.3933,84.3063,251.066,226.4691,129.9016,73.1231,75.7557
2020-07-07,50.9277,57.1386,79.4657,65.6684,85.5433,252.8876,227.1772,129.8639,73.7457,75.0992
2020-07-08,50.2939,55.9017,78.0042,66.1114,84.9253,251.8163,227.0376,130.2636,73.7443,74.8503
2020-07-09,51.4912,57.4895,79.8616,67.1704,87.6481,250.5109,227.0362,129.6695,75.167,74.641
2020-07-10,51.1181,57.1922,78.7359,67.3245,88.2538,249.6622,227.1919,129.5177,75.2844,74.6329
2020-07-13,50.8886,57.4938,78.827,67.2207,88.6154,249.6246,227.6226,129.2985,74.7217,74.6075
2020-07-14,50.7448,57.8738,78.9208,67.6116,89.7475,251.8501,227.9771,130.3805,73.7652,76.4649
2020-07-15,50.7909,57.6256,78.7409,67.7652,89.4301,251.1462,227.9005,130.9237,73.3753,77.0867
2020-07-16,50.8157,58.2631,78.9196,67.1605,88.9745,248.3621,227.2373,130.4266,72.9157,76.7514
2020-07-17,50.847,58.2313,78.3024,66.1452,90.519,250.2891,228.5005,129.4672,72.4526,77.158
2020-07-20,50.2048,57.745,77.2829,66.6767,91.2492,251.4222,230.3159,130.9462,72.1764,77.467
2020-07-21,50.2571,56.7718,77.2447,66.3726,89.9203,254.8347,230.9046,130.3918,71.5881,76.9983
2020-07-22,51.7023,58.2561,79.8876,66.6275,91.8964,254.9246,230.5273,130.9871,72.8724,77.1717
2020-07-23,51.283,58.3765,79.0669,66.5369,91.6668,252.5954,229.3217,131.83,72.2898,77.6482
2020-07-24,51.4253,58.2252,78.8806,66.5564,91.5587,252.3613,229.9503,131.7819,71.4995,76.8119
2020-07-27,51.2723,57.9166,78.0341,66.1191,92.124,250.7,229.5082,134.0724,71.4842,77.0744
2020-07-28,51.5494,58.432,78.4991,66.2549,93.9711,249.8738,229.6205,134.0903,71.5729,77.8927
2020-07-29,51.8146,58.1258,78.875,66.4553,94.3254,249.392,229.4539,134.4858,71.8248,78.15
2020-07-30,51.6482,57.8698,78.8628,66.7023,94.7631,249.0169,228.8451,133.8399,72.0165,77.2386
2020-07-31,50.7848,56.9813,77.2985,65.6895,93.5515,251.2196,229.649,134.514,71.6575,77.0488
2020-08-03,50.6305,57.1188,77.0605,65.9287,93.0607,250.6277,230.1364,134.321,71.3853,77.2172
2020-08-04,50.6856,57.2712,76.6947,66.466,92.1361,246.9399,229.6774,134.7052,72.4106,77.1326
2020-08-05,50.715,58.6142,77.7944,66.9584,93.6847,244.5419,229.162,134.3323,73.2617,77.0835
2020-08-06,50.5543,57.7211,77.5653,66.0673,93.5608,245.3251,228.9562,133.5866,73.2643,76.2924
2020-08-07,51.2452,58.4504,79.3458,66.9052,95.3064,244.0451,228.7767,134.5,74.6662,76.7254
2020-08-10,51.7786,59.6408,79.5534,67.518,95.3283,245.0589,228.6392,134.7131,75.4804,76.7455
2020-08-11,52.2881,60.446,80.6975,67.9124,97.2128,242.6354,228.0446,133.8232,75.6199,76.7491
2020-08-12,52.6644,60.9862,80.7831,68.7113,98.2412,242.4762,228.158,135.1089,76.764,77.4226
2020-08-13,53.5631,61.8877,81.6664,69.6993,98.4971,242.872,228.3117,135.0565,77.1253,77.0437
2020-08-14,53.3246,61.1578,80.9485,69.5415,96.9987,240.7756,228.0869,135.442,77.0638,76.4881
2020-08-17,53.5948,61.5772,80.6764,69.7194,97.9375,243.6014,229.004,135.7734,77.2145,77.3288
2020-08-18,53.6513,61.8033,80.6484,69.9525,98.4582,243.4123,228.9395,135.8372,77.7669,76.5062
2020-08-19,53.8571,61.4666,80.3654,70.5962,97.832,242.3345,228.88,136.6569,77.854,76.6471
2020-08-20,54.3372,61.9506,80.4653,70.76,99.283,238.9166,227.8411,136.5208,77.9764,76.7573
2020-08-21,54.684,62.6566,81.0102,71.4585,100.5883,241.7493,228.3269,136.4212,79.3808,77.006
2020-08-24,54.9094,63.2202,80.9594,72.825,101.7237,241.2525,228.8388,135.825,80.5316,77.7774
2020-08-25,56.2566,64.4531,84.1163,73.6653,103.2688,242.2806,229.5516,135.0621,81.4808,78.6196
2020-08-26,56.4206,65.4329,84.8325,74.4641,104.6366,244.3426,231.4439,135.661,81.1454,79.3094
2020-08-27,56.3444,66.4432,84.9754,74.9641,105.314,245.1653,231.5062,135.0144,81.7039,80.4186
2020-08-28,57.2505,68.858,86.9209,75.5429,107.596,243.0551,231.0672,134.0448,82.4198,80.0086
2020-08-31,57.7115,69.7834,88.11,76.4331,107.964,242.4668,231.5028,134.8812,83.346,80.9772
2020-09-01,57.7417,70.2262,89.3734,76.7717,107.6602,242.7217,231.1177,135.4472,84.4046,81.0965
2020-09-02,57.1767,70.2693,88.5059,76.8339,107.8632,242.8412,231.5321,135.9727,84.1525,82.2969
2020-09-03,57.1797,70.2095,89.1628,76.7226,108.6996,243.6102,232.8667,137.4985,83.6818,83.55
2020-09-04,55.8945,68.9341,88.6121,76.4278,108.1517,244.425,233.2086,137.3703,82.6888,82.254
2020-09-07,56.4957,70.092,89.2447,76.8383,109.3367,244.3085,232.6367,137.3312,82.6407,82.8427
2020-09-08,56.7631,68.9477,88.8535,76.378,108.5198,245.0814,232.8625,136.6968,82.4389,82.2081
2020-09-09,56.0551,67.7987,85.8027,75.4563,106.7491,245.7118,233.3708,136.7812,81.7998,82.4436
2020-09-10,55.3925,66.6239,83.2688,74.1793,104.9194,245.5655,232.4942,136.6108,81.1873,82.0302
2020-09-11,56.1799,67.4464,84.9032,74.6671,106.357,242.55,231.6821,137.6658,81.9426,82.8834
2020-09-14,57.1327,68.1177,86.5577,74.9728,107.9916,246.882,232.9626,137.228,82.4557,81.8925
2020-09-15,55.9363,66.777,85.1176,73.8127,105.6884,249.5937,234.8103,136.9226,80.6544,81.0882
2020-09-16,54.7459,66.606,84.08,73.2728,104.2532,252.3148,236.1063,136.0194,80.2254,80.4083
2020-09-17,54.5681,65.7958,84.9061,73.6334,105.6033,250.7117,235.0879,136.6242,79.5682,81.1412
2020-09-18,56.1026,66.8202,87.4503,74.9316,108.7171,251.6343,235.342,135.1054,81.4229,81.6854
2020-09-21,56.304,66.4728,87.3462,74.8428,108.2363,254.36,235.895,136.1953,81.1085,81.9033
2020-09-22,56.0874,65.6768,88.5448,74.4144,109.3571,254.8864,235.5972,136.5155,81.4363,82.7595
2020-09-23,55.9636,64.7533,87.4584,74.2549,108.0122,254.5103,235.2916,136.5481,81.541,81.8504
2020-09-24,55.7592,63.6663,85.767,73.6882,106.8542,257.647,236.3784,136.5931,80.1947,82.2577
2020-09-25,54.3027,62.1195,82.9938,72.0375,104.0004,259.3292,236.9842,137.2176,78.8811,81.2731
2020-09-28,55.0886,62.1551,82.6725,72.1294,103.8678,260.9004,236.8577,136.4345,78.5903,80.8143
2020-09-29,55.0978,62.3873,82.6863,72.4403,104.4692,258.4011,235.8786,136.3198,78.5567,80.576
2020-09-30,55.4738,62.1365,83.366,72.6938,104.8138,259.7081,235.9751,136.0462,78.2138,80.7591
2020-10-01,55.8423,62.6106,83.6284,72.8503,105.6467,259.1028,235.3249,135.8262,79.2661,81.5719
2020-10-02,53.9208,60.9299,80.6263,70.5659,102.1356,260.89,237.2194,135.0347,76.5904,79.4678
2020-10-05,53.6807,60.4114,80.4158,70.1109,102.0118,262.299,237.9637,133.0129,76.4772,78.4449
2020-10-06,54.3776,61.7165,79.8464,70.8673,102.7518,260.5383,237.9991,132.2103,76.5937,78.5825
2020-10-07,55.0768,62.7986,80.0829,71.4694,102.9678,260.2632,236.7319,132.055,78.0932,80.2074
2020-10-08,55.1663,62.8167,79.8169,70.9242,103.2375,257.2127,236.1245,131.4344,79.3824,80.1503
2020-10-09,53.9749,61.8852,78.0911,70.5351,101.9659,257.5053,237.297,131.7415,78.1516,78.7576
2020-10-12,54.7096,62.8601,78.8432,70.7889,102.4053,253.8103,236.1744,132.3835,79.1088,78.9845
2020-10-13,55.6204,64.8391,81.0085,71.7055,103.5495,253.3974,236.7039,132.1923,79.8152,79.1251
2020-10-14,55.4141,64.7874,80.6432,71.6509,102.8507,255.6068,237.2935,132.0525,79.9929,79.2311
2020-10-15,56.7606,66.8685,81.9512,72.9498,104.7173,254.5702,236.8418,130.9966,81.1953,79.119
2020-10-16,57.1463,67.4034,82.3238,72.5611,106.9976,255.2747,236.7904,132.9994,82.3076,79.0721
2020-10-19,57.4892,68.535,84.135,73.2203,109.4155,253.729,236.0402,132.8027,82.6371,79.3902
2020-10-20,56.6684,66.9767,83.7899,72.9372,106.0355,257.6076,237.7107,132.508,82.7099,79.3404
2020-10-21,56.262,66.6187,83.6199,72.9123,105.8322,256.8428,236.5896,132.9588,81.3464,78.8251
2020-10-22,56.5872,67.4832,82.238,71.7885,106.0482,256.6092,236.261,133.8066,81.3261,79.1477
2020-10-23,57.8444,67.8509,84.1027,73.7439,107.7422,257.1658,235.9284,133.9218,82.4905,79.5164
2020-10-26,56.9028,66.9837,83.1489,72.4236,107.0911,254.9723,235.4726,132.1716,81.6969,78.6888
2020-10-27,57.956,67.8156,83.9809,72.5331,109.2458,256.1992,234.8712,131.2845,82.3786,78.6431
2020-10-28,59.1768,69.6581,85.8771,74.3666,110.7544,253.0193,233.6516,131.9712,84.2033,79.8476
2020-10-29,58.7641,68.9562,84.8998,74.0877,110.0587,249.2234,232.0571,131.858,84.0925,80.3179
2020-10-30,58.4247,68.1271,83.5114,73.5069,110.5533,247.8358,232.5071,131.2288,83.8327,79.6195
2020-11-02,59.0233,69.7092,84.7222,74.5193,111.6459,245.716,231.6758,131.064,86.1869,80.6455
2020-11-03,58.7879,69.5561,85.2319,74.8893,111.2756,244.891,231.241,131.2684,84.6122,80.8849
2020-11-04,59.2973,70.3187,86.8669,75.6422,112.1993,241.1953,230.7134,132.0595,86.5524,81.3795
2020-11-05,59.1786,70.9975,86.3618,74.7765,112.6195,241.3006,231.1693,132.2662,87.7575,81.091
2020-11-06,59.4828,71.1776,86.8973,75.4745,113.9036,241.2278,231.7358,132.681,86.9927,80.6074
2020-11-09,60.3121,72.7309,88.536,76.4568,115.5167,240.3227,230.4999,133.6906,88.0642,80.003
2020-11-10,60.4132,72.6163,90.1997,77.0785,115.8062,238.7666,231.2771,134.7723,89.0965,79.8298
2020-11-11,59.93,71.8809,89.3379,76.4145,112.876,240.6621,231.3105,134.4511,88.7448,78.4812
2020-11-12,61.2982,74.1316,92.0948,78.8693,116.4698,240.7532,230.6492,134.5726,91.1819,78.6617
2020-11-13,61.199,74.1627,91.8867,78.6386,116.0018,239.6594,230.0367,134.5587,91.4942,78.2181
2020-11-16,62.0956,74.9536,93.0596,79.5624,117.3834,239.3374,229.505,133.7002,91.3547,79.0071
2020-11-17,63.3116,75.5744,95.0616,80.6109,119.4027,235.42,228.3868,134.2068,93.1166,78.9443
2020-11-18,62.7374,75.4831,94.3365,79.7655,118.3372,233.8877,227.2104,134.3144,92.9656,78.6922
2020-11-19,63.7406,76.8123,95.8196,81.4834,121.5179,234.6474,226.8316,136.1583,95.3576,80.4357
2020-11-20,63.8124,78.1455,97.2381,80.8697,123.1501,233.2481,225.9059,136.0217,95.2323,80.8335
2020-11-23,61.9851,75.5418,95.3613,79.3087,120.7268,235.6813,227.023,136.1904,92.6443,79.958
2020-11-24,61.142,74.9309,92.7614,78.5891,119.8758,236.0027,227.6027,138.0558,91.9987,80.3646
2020-11-25,60.0598,73.0133,90.3155,77.3189,116.8399,238.5257,227.9025,136.7839,91.428,79.6596
2020-11-26,60.1151,72.8847,90.8917,77.184,117.0903,237.3611,227.2867,136.4465,92.6944,80.7812
2020-11-27,61.2617,74.1059,91.489,78.7451,120.0294,234.9904,227.1155,136.7063,93.5553,81.6245
2020-11-30,61.0375,73.7125,90.3387,78.5656,119.3934,239.0387,227.5827,136.9649,93.1398,82.5084
2020-12-01,60.6528,73.7111,89.9507,78.5991,118.7175,236.4889,226.6384,137.7541,94.983,84.3863
2020-12-02,60.3086,72.989,89.3212,77.864,116.7047,237.0761,226.3839,136.2882,93.7432,83.1579
2020-12-03,60.6867,72.4581,89.6051,77.9531,116.5923,237.325,226.5954,135.1321,93.8242,82.8361
2020-12-04,61.0686,73.5095,91.7657,79.3272,119.022,234.5614,225.5721,135.2759,94.6203,83.4345
2020-12-07,62.2714,74.6562,93.7538,80.6423,121.5432,232.5145,225.3974,134.8047,96.3103,83.9763
2020-12-08,60.863,73.7037,92.0267,80.0402,118.0638,232.6504,225.3313,134.7644,94.7259,83.01
2020-12-09,60.9598,74.9163,92.1049,80.6592,119.5156,233.7976,225.7723,134.7417,94.7503,82.2955
2020-12-10,61.7892,76.4532,93.5705,81.5605,120.9806,230.2103,224.9222,134.4006,95.8852,82.4571
2020-12-11,62.1785,76.6547,94.082,81.6114,121.605,229.4735,223.2403,134.2245,95.9499,83.5659
2020-12-14,62.6389,78.6345,95.7554,82.2148,122.6558,229.6692,222.92,134.8306,96.6326,83.9391
2020-12-15,63.0749,79.6106,97.1429,83.2766,123.2672,229.6007,223.2168,136.4504,97.8471,85.1919
2020-12-16,63.1353,79.1873,97.5826,83.4213,123.3696,228.8076,221.8873,137.0281,99.2403,85.6332
2020-12-17,64.1665,81.0943,100.2611,84.1986,124.8497,228.0636,222.3074,137.0012,100.1894,86.2688
2020-12-18,63.9661,80.5637,100.3675,84.1364,125.1738,229.3299,222.0152,137.7602,99.6566,86.554
2020-12-21,64.1552,79.7881,100.5407,82.9758,123.5965,228.1841,221.5457,138.1319,99.1501,86.3652
2020-12-22,63.9687,79.2985,99.8851,82.7903,122.471,230.6977,222.6343,138.006,98.262,86.0775
2020-12-23,63.9231,78.8382,99.6239,82.6225,122.77,228.8607,222.3543,137.8964,97.2156,84.8291
2020-12-24,64.5737,79.911,100.6583,84.2595,125.0932,229.3009,222.119,137.3311,98.7639,84.7879
2020-12-25,65.7364,81.977,103.0732,85.9788,127.435,229.0583,222.5343,136.5522,99.8211,84.6665
2020-12-28,67.4059,84.5674,104.6163,86.8871,129.1425,229.0987,223.2371,136.8762,101.4131,85.5253
2020-12-29,68.7128,86.2758,105.7068,87.8152,129.8321,226.6924,222.8638,137.2378,101.1932,86.509
2020-12-30,67.6259,85.1657,102.859,86.9364,127.5575,225.7855,224.4967,136.833,99.7206,85.8002
2020-12-31,67.5822,84.3905,102.5767,86.3747,127.6107,226.4012,225.4489,137.352,98.2823,86.5784
2021-01-01,67.8616,83.2567,103.6036,86.4132,127.0395,226.8144,224.9659,136.6848,98.5648,86.9258
2021-01-04,68.1579,83.4133,104.207,86.2407,127.825,226.6747,224.7311,136.7079,98.6811,87.6381
2021-01-05,68.4337,82.6146,105.4188,87.4799,129.06,229.8925,226.1858,138.0984,98.7303,87.5985
2021-01-06,68.8981,82.3351,107.0274,87.9343,131.3376,231.2615,226.6698,138.2227,98.8256,87.6241
2021-01-07,69.5731,82.7509,108.2768,88.5608,133.1783,232.7543,228.0322,138.22,98.4678,87.7924
2021-01-08,70.1892,83.3189,109.2336,87.7314,134.3232,231.5118,226.8532,137.3517,98.9598,89.2731
2021-01-11,70.8105,83.2204,109.8601,88.168,132.9713,230.5198,225.9999,137.2382,99.3259,88.9084
2021-01-12,70.9667,84.2112,109.4679,88.7445,133.518,229.3767,226.107,136.7377,99.0135,88.1475
2021-01-13,70.0427,83.125,107.7501,87.3623,132.1613,229.8117,226.8426,137.5547,97.5338,88.341
2021-01-14,70.4052,84.7819,109.8926,88.3636,133.8855,227.4686,225.2558,136.7245,98.3796,88.4082
2021-01-15,70.5039,86.5461,110.8242,89.1884,136.2141,229.0671,226.3316,135.8885,98.264,88.3739
2021-01-18,71.3905,89.0217,111.4034,90.3082,137.9407,226.8808,225.773,136.5129,99.3527,89.9891
2021-01-19,71.114,89.4368,110.6659,90.7617,137.8653,226.9151,226.635,137.8429,98.9,90.8896
2021-01-20,71.3628,88.9573,110.7421,90.5196,138.7485,226.6867,226.2694,136.6989,98.5589,90.7264
2021-01-21,69.9295,87.1008,109.6441,90.3527,136.5171,227.2993,226.9116,136.6611,98.2557,90.9916
2021-01-22,69.9021,86.4757,109.9737,90.2084,136.3099,228.5439,228.259,136.2235,97.9142,91.0137
2021-01-25,70.5394,87.6493,113.5901,92.5026,136.8802,228.4098,228.2209,135.987,98.1591,91.511
2021-01-26,70.8046,86.8721,112.5015,92.8269,135.5115,226.2103,226.7686,135.1879,96.6719,90.4622
2021-01-27,70.9714,87.2473,113.4991,93.7227,135.5819,224.7039,223.9361,135.9653,98.4886,91.4448
2021-01-28,71.0054,87.2034,114.2656,93.0894,135.9942,223.1809,223.0664,136.5663,99.2195,91.9438
2021-01-29,70.331,84.9408,113.766,92.7539,133.7671,225.7913,224.2089,136.4287,98.4574,90.8968
2021-02-01,71.1436,84.9884,115.2189,93.6444,132.9556,226.0912,223.83,137.0304,99.7781,91.0159
2021-02-02,73.0821,87.1291,119.1526,94.4831,136.3298,223.1003,223.1027,138.7116,102.1832,91.9202
2021-02-03,73.716,88.0303,120.4416,94.5584,137.0362,223.4801,223.602,140.5681,102.8849,93.1837
2021-02-04,73.8994,88.9072,123.3901,95.6105,138.4546,226.0258,224.2247,141.174,102.7059,92.8984
2021-02-05,73.4851,88.2204,123.8545,95.2824,139.3308,224.671,223.7564,142.3024,103.7877,93.4131
2021-02-08,72.7372,86.6793,121.7505,94.2648,138.2153,226.3876,224.2091,142.0572,102.533,93.2053
2021-02-09,72.4944,85.3663,121.3397,94.3898,138.9804,227.6192,223.8119,141.6047,101.8152,93.2016
2021-02-10,70.9095,83.1039,117.5235,92.4998,136.551,228.0871,224.0917,140.7868,100.2868,93.468
2021-02-11,71.0741,82.6518,118.3057,92.0551,137.1606,226.3758,223.7693,140.4864,100.2485,94.0537
2021-02-12,71.4496,82.9744,119.2848,92.2645,137.5942,226.6005,224.3484,142.6928,100.9275,95.5498
2021-02-15,70.7384,82.4531,119.6376,92.0801,136.9717,227.7451,224.3393,141.8208,100.7061,96.0838
2021-02-16,70.9328,83.1553,120.2481,91.7357,136.9589,226.5438,223.7894,141.4371,100.9425,96.1727
2021-02-17,72.5159,84.8981,120.3877,92.4016,137.624,224.7041,222.6133,141.4717,102.042,96.2984
2021-02-18,73.6339,85.8419,124.2812,92.4792,138.9405,222.1789,222.0304,140.9282,103.5046,96.4046
2021-02-19,73.8486,84.734,124.0956,92.1368,137.3274,224.1689,222.6071,141.2104,102.7484,95.4036
2021-02-22,72.6954,84.2738,121.7199,91.7577,136.2862,223.2072,222.9135,141.3931,103.0612,95.8915
2021-02-23,71.689,83.3994,121.1483,91.1873,134.3906,222.2346,222.059,139.9783,102.0434,95.2299
2021-02-24,72.5514,84.4406,125.0601,92.1318,136.8163,219.7282,221.712,141.9972,104.5513,97.4283
2021-02-25,72.5248,84.4994,124.6635,92.1325,135.0476,221.4348,222.1071,139.6208,103.1734,95.2224
2021-02-26,72.4213,84.9924,124.5495,92.0752,135.8318,223.2084,222.6196,140.0661,103.4613,96.0506
2021-03-01,73.2068,87.3961,126.6139,93.7288,139.0553,223.5757,222.8422,139.8418,103.9092,97.029
2021-03-02,72.9011,87.2488,125.3372,93.5118,140.3127,224.0276,223.6055,139.7006,103.1391,98.2016
2021-03-03,73.3158,88.874,126.1467,92.8363,143.661,224.5607,224.3358,140.6407,104.4581,96.8365
2021-03-04,73.7668,88.9223,128.7634,93.9221,144.8371,226.4343,223.7282,141.4581,105.0066,98.9398
2021-03-05,74.1919,88.8928,128.7811,93.8492,144.8333,227.5867,224.597,142.923,106.7083,100.3842
2021-03-08,73.2942,88.1266,127.3712,93.3935,144.837,228.7353,224.8401,144.7693,106.5333,99.3136
2021-03-09,73.1781,87.9586,126.4937,93.3046,144.1476,229.1097,225.0287,146.522,105.7487,98.7702
2021-03-10,73.7691,89.0434,127.6312,92.6777,142.5175,230.0812,225.4884,146.7648,106.1323,99.3451
2021-03-11,74.6898,90.6742,127.8453,93.7612,145.1643,230.9842,226.309,146.7939,106.9486,99.7327
2021-03-12,74.6394,90.3291,128.2982,94.2043,145.206,229.099,225.2268,147.4811,107.9011,99.8219
2021-03-15,77.0311,92.6407,134.6953,96.6548,147.6145,228.3929,225.0748,148.1166,109.9455,100.9175
2021-03-16,76.8113,93.9026,136.8134,96.3626,147.032,227.1237,224.219,145.8135,110.3236,100.3548
2021-03-17,76.8452,94.312,137.3334,96.852,146.693,224.4905,222.987,145.3005,110.7267,99.7548
2021-03-18,76.3239,94.3861,138.2582,96.1501,146.3613,223.3075,222.5378,145.9925,110.669,99.461
2021-03-19,76.2057,95.0611,140.6793,96.4203,147.3777,224.0732,221.1228,144.9882,112.1232,100.1534
2021-03-22,75.6105,94.3692,139.384,95.8222,147.9107,223.1983,220.3572,144.8061,110.4572,100.1213
2021-03-23,74.3178,92.46,138.4773,95.0732,145.0242,223.0441,220.3728,144.1947,109.5591,99.1073
2021-03-24,74.2845,92.6269,140.1726,94.9154,144.9096,224.0617,221.0823,145.0574,108.9806,98.9595
2021-03-25,75.713,93.4307,141.2502,96.8709,146.358,224.4263,221.6949,148.7337,109.38,100.2792
2021-03-26,76.4975,93.3694,142.0523,97.1122,147.8141,225.8,222.6368,147.9365,108.735,99.6424
2021-03-29,76.0048,92.184,141.2674,96.5417,146.1769,226.1017,222.8208,147.512,107.5908,98.1036
2021-03-30,76.6895,90.7406,141.9664,96.8752,146.0863,226.7619,221.9006,146.1959,107.582,97.32
2021-03-31,75.9787,89.2708,140.1133,96.3455,145.6194,227.1597,221.9393,146.1494,107.0024,97.7836
2021-04-01,76.7138,89.9998,142.2392,97.4975,148.788,227.082,222.0803,147.0075,108.3743,98.1586
2021-04-02,76.1795,90.1015,142.974,96.8155,150.8569,227.377,222.5223,147.4169,108.2525,98.317
2021-04-05,77.9072,91.7869,146.4018,98.5408,151.0159,225.3594,221.4219,149.0674,110.8906,98.4405
2021-04-06,78.3877,94.1692,148.8105,99.4686,153.0041,226.5997,222.4797,149.0651,111.247,97.3973
2021-04-07,78.003,93.0132,146.5881,98.8209,151.5139,225.0261,222.2346,148.4193,109.0131,97.5781
2021-04-08,76.9518,91.3293,143.0767,97.3134,149.2734,227.6943,223.2205,149.7443,107.3709,97.0271
2021-04-09,76.2649,91.1354,141.8907,96.0064,148.7217,227.6487,223.9525,150.0953,107.0362,96.6092
2021-04-12,74.1929,88.3927,137.423,92.5058,145.9401,229.0047,223.7955,149.7463,102.5821,95.4924
2021-04-13,74.7656,88.3785,136.3092,91.7872,146.5434,226.8181,223.4906,149.2072,103.0865,95.6668
2021-04-14,75.8375,89.3082,138.2544,92.5439,148.3481,225.927,223.1164,148.7856,103.5663,95.4693
2021-04-15,75.7363,89.8561,138.7706,93.2846,148.6948,225.1839,221.5736,148.0821,103.1831,96.9023
2021-04-16,76.5135,89.9349,142.1199,94.6092,153.2736,224.6382,221.333,147.6974,103.7419,98.0584
2021-04-19,76.299,90.8169,140.8734,93.7443,152.1796,224.6251,221.0417,147.5744,104.0403,98.2955
2021-04-20,77.4884,93.6656,142.6322,94.5984,152.6488,221.9037,220.0202,147.2107,106.0807,98.277
2021-04-21,78.4617,94.6343,144.7476,95.7017,152.9883,220.5783,218.9494,146.8289,106.2678,97.0636
2021-04-22,77.1879,91.4572,141.5626,93.4331,150.1696,221.3829,220.0346,146.2128,103.778,96.6561
2021-04-23,76.5022,92.077,141.2236,94.4823,151.5482,221.3063,220.2886,146.0062,103.934,96.6992
2021-04-26,76.1818,90.9191,140.8609,94.9465,150.1311,223.9377,220.6722,146.9533,103.6398,95.6053
2021-04-27,76.7115,92.1248,142.8035,96.6568,151.732,225.843,221.1584,146.4754,104.4331,96.0424
2021-04-28,76.5371,91.0949,141.1202,96.58,149.6332,227.0408,222.0175,146.5828,103.7698,95.4823
2021-04-29,77.3915,93.5649,144.0983,97.2531,152.2783,226.9492,221.3553,147.1021,104.6217,95.6615
2021-04-30,78.4961,93.6806,145.0042,98.1039,153.4679,224.4154,220.0266,148.2921,105.4939,96.0198
2021-05-03,79.3652,94.5165,147.6936,98.9285,153.6559,223.1603,219.6726,147.157,106.4699,94.9083
2021-05-04,79.0914,93.1987,146.3792,98.7095,156.2695,221.7657,219.8871,148.585,107.5472,96.5965
2021-05-05,79.1885,93.3246,146.9613,98.3239,157.8431,220.2695,219.9291,149.7975,108.8842,97.4707
2021-05-06,78.9984,93.018,146.6967,98.2309,156.7985,218.4373,219.7126,150.4931,110.0562,98.1449
2021-05-07,77.8194,92.8894,143.5373,97.2782,155.7087,218.6067,219.4832,149.5943,110.764,98.6588
2021-05-10,77.3961,92.06,143.3421,97.5312,158.0217,217.1038,218.6183,149.9572,111.1525,98.7096
2021-05-11,77.7866,92.3086,140.7426,96.8715,159.5945,216.0633,217.7648,151.2508,110.5893,98.783
2021-05-12,76.9207,91.3376,139.9893,96.7297,160.3099,216.3629,218.2765,150.2097,111.4466,99.841
2021-05-13,77.3752,91.867,142.0057,97.6955,159.0157,214.7015,217.5256,150.1061,110.9909,98.9986
2021-05-14,76.8752,91.0123,140.4439,97.7966,159.4433,216.562,216.9584,148.5287,111.9845,97.9221
2021-05-17,76.3041,90.3008,138.0854,97.2004,157.4262,214.2124,216.2994,148.8087,110.836,97.9203
2021-05-18,75.3548,89.6304,137.5501,96.7605,157.7199,214.9253,215.873,149.1799,110.9445,97.8098
2021-05-19,74.577,89.638,136.7552,96.0111,156.5345,212.4621,214.8458,150.1419,111.7859,98.9814
2021-05-20,75.5007,91.9706,139.4031,97.9587,159.6219,213.8415,215.8486,148.911,113.1603,97.1525
2021-05-21,75.4349,91.5379,139.433,97.9828,157.711,213.2063,215.8971,149.6534,111.0582,96.745
2021-05-24,75.0374,90.9504,138.1627,96.9269,157.1358,212.0257,216.2634,150.3788,110.4551,96.3385
2021-05-25,74.0558,89.9384,135.9859,97.0675,156.4343,212.3825,215.546,151.2516,110.1977,98.1381
2021-05-26,74.7505,90.785,136.6582,96.6636,154.9114,212.1192,215.8381,152.5833,110.6782,98.9391
2021-05-27,74.9799,90.5787,136.4216,97.3988,158.218,209.6008,214.9346,151.391,111.183,98.5194
2021-05-28,74.9915,90.6967,137.8068,97.342,156.8711,208.3131,213.668,151.3265,111.4266,99.5183
2021-05-31,76.5207,92.8112,140.0554,98.572,157.9601,208.962,214.121,150.6375,111.4706,98.9621
2021-06-01,75.8955,92.1777,138.8001,97.3449,156.6425,210.1912,215.1658,151.084,111.3914,99.563
2021-06-02,75.2102,92.316,139.1753,96.5756,157.5969,209.4107,215.4863,150.7498,110.9162,98.8337
2021-06-03,74.2674,91.327,137.5948,96.0301,155.7449,211.2,216.3169,148.4906,110.2603,98.6186
2021-06-04,73.5949,90.3892,135.4572,94.9906,152.9384,211.0966,216.0728,148.4638,110.2361,98.4233
2021-06-07,74.9093,90.8657,136.7992,95.0979,153.4063,212.4776,216.0344,149.0493,110.1165,99.4153
2021-06-08,74.8026,90.9143,137.7647,94.6695,152.4132,211.3857,215.9669,148.0697,110.3911,99.6668
2021-06-09,74.2491,89.5893,135.9872,93.486,151.7284,211.2192,215.6312,146.7193,109.8824,99.0979
2021-06-10,75.5618,92.2285,137.2977,94.4339,153.8599,211.3406,216.0406,146.1775,110.8535,99.2213
2021-06-11,76.2829,93.2545,139.6737,95.2425,155.3195,208.9004,214.7705,148.6304,112.5222,99.7649
2021-06-14,78.1251,95.1116,142.2211,96.5857,158.8359,206.7348,213.3722,150.4134,114.2612,100.8796
2021-06-15,77.6217,94.9954,142.1184,96.9141,159.4124,205.3811,212.6092,151.2735,114.3408,101.1048
2021-06-16,78.8589,97.9377,144.9624,98.3483,161.6961,205.134,213.1013,151.1784,115.5504,101.4487
2021-06-17,77.7652,96.7383,142.3539,96.9174,158.5195,207.9676,214.567,151.6758,115.5362,101.2423
2021-06-18,78.6747,96.8227,144.6844,97.3651,159.4898,207.314,214.1174,151.8215,115.4854,101.4966
2021-06-21,78.6244,94.9113,144.6649,98.1809,159.5822,207.6496,213.3707,152.8317,116.2041,102.0155
2021-06-22,77.9589,94.1545,142.9267,96.7674,158.6082,208.7671,213.2978,153.252,116.6316,101.3681
2021-06-23,77.3128,93.1922,142.0744,97.451,157.4985,207.1087,213.3922,154.568,116.0292,102.4597
2021-06-24,78.7655,94.7116,143.116,98.7321,159.5908,205.6954,213.776,155.2944,117.0127,101.5176
2021-06-25,78.624,94.9634,142.0307,98.6235,158.1286,205.0097,213.8863,156.1666,116.3718,102.0184
2021-06-28,80.6015,98.0345,144.707,100.9364,160.5994,202.7591,212.866,156.884,116.9995,103.2025
2021-06-29,80.6398,99.2208,146.3897,100.7,161.7258,203.5403,212.361,155.5424,116.3523,103.1061
2021-06-30,80.0169,99.0313,145.6916,100.0665,158.9822,204.1327,212.3816,154.2577,115.0473,102.1994
2021-07-01,80.4032,101.7083,147.3256,100.717,161.8133,204.2295,211.94,152.0035,115.6547,101.9921
2021-07-02,79.2852,102.2081,147.6102,100.7851,159.3019,202.8771,211.5033,151.0411,115.0443,101.166
2021-07-05,78.619,101.3273,143.5542,99.2132,155.441,202.9403,212.0739,151.8569,113.8962,101.6326
2021-07-06,78.9923,101.8571,145.6136,99.5441,154.4025,203.6251,212.4466,152.9106,113.5493,101.6701
2021-07-07,78.7505,100.518,146.2096,99.4586,153.7042,204.5632,212.8633,151.3285,113.1895,100.1172
2021-07-08,77.8685,101.4774,147.6299,99.5817,153.7567,205.4388,212.7117,151.694,113.4099,100.1419
2021-07-09,78.144,102.5022,150.0104,99.8747,156.471,203.6785,211.6563,152.3501,115.27,102.1306
2021-07-12,79.2344,104.4542,151.9577,101.0435,159.1586,202.7908,211.6858,153.1068,115.9849,101.996
2021-07-13,80.0111,104.2615,153.5063,100.6246,160.3113,203.0058,211.2206,152.7613,116.9411,102.1078
2021-07-14,79.3484,104.2167,151.8896,99.0222,158.5705,201.99,211.124,152.5104,115.972,101.8169
2021-07-15,79.6169,102.5437,151.4866,98.779,157.9509,201.0786,210.4536,152.9894,116.159,104.6374
2021-07-16,79.8475,102.5481,151.753,99.2687,158.8719,200.2933,210.5153,151.0245,116.2243,102.9672
2021-07-19,79.5328,102.0687,152.5245,98.9373,159.8426,199.0825,209.4695,150.8002,115.8326,102.6701
2021-07-20,81.0998,103.7413,153.4166,99.5512,160.2717,197.8246,209.4969,151.2003,116.1066,102.9601
2021-07-21,81.2969,105.0444,153.1942,100.0574,162.6398,195.7537,209.7676,150.8964,117.3831,103.0955
2021-07-22,83.3954,106.8607,156.8884,101.7794,163.5058,193.7482,208.5164,151.1137,118.8177,103.2255
2021-07-23,83.2534,106.8423,157.0338,101.7994,163.3806,194.2136,207.9157,150.7564,117.9678,103.3121
2021-07-26,80.6206,103.4247,150.6781,98.3081,158.6126,197.1912,209.6263,152.6408,115.7092,103.6018
2021-07-27,81.1993,105.1104,151.3903,98.2472,158.317,196.4642,208.9546,151.7061,116.2769,103.0549
2021-07-28,80.4791,104.1713,151.1386,97.6302,157.2323,197.4128,210.2693,153.6165,115.4838,104.9117
2021-07-29,80.5424,103.9995,152.5812,97.1,156.6287,196.4018,209.8838,154.1618,114.9075,104.4426
2021-07-30,80.8235,102.7369,152.3902,96.0876,156.5751,196.5956,209.806,153.5137,113.6502,103.2501
2021-08-02,80.0699,101.9745,149.6497,94.659,154.3973,199.1092,211.469,152.9433,112.3749,102.2834
2021-08-03,80.3609,102.2129,151.0364,94.4043,154.8989,197.5434,211.5076,151.5121,112.4963,101.5559
2021-08-04,78.1863,101.0949,149.5096,93.705,155.3278,197.397,211.7818,151.1136,111.9565,101.074
2021-08-05,77.0107,97.8786,147.5186,92.108,153.0338,198.0123,211.9283,152.1939,110.2139,100.9609
2021-08-06,76.9205,97.0169,149.1477,91.6324,151.8089,199.2022,212.3644,151.4699,109.6352,101.1303
2021-08-09,76.8391,97.3156,149.8639,91.3127,150.3439,200.2247,211.9512,150.2017,109.4501,101.3995
2021-08-10,75.9421,95.7548,146.3583,90.3301,150.0786,201.7812,213.0505,150.1672,107.1956,101.4541
2021-08-11,76.1482,94.7493,145.2561,90.9643,151.7386,200.8706,211.9521,149.2929,107.421,100.9732
2021-08-12,75.5034,93.748,143.0311,88.9588,150.9452,203.8666,213.1178,148.8712,105.2401,100.2164
2021-08-13,74.7172,91.7444,142.2214,88.5086,149.5726,204.8246,214.3741,148.418,103.5781,100.0795
2021-08-16,75.258,92.517,142.7528,88.5236,150.6383,205.4712,215.1597,148.2261,103.4653,101.5337
2021-08-17,75.9942,93.3442,145.9968,89.1528,152.7548,205.7002,215.7339,146.7105,103.8911,101.151
2021-08-18,76.0312,92.8227,146.0377,89.5322,151.6966,205.8216,215.2966,147.0066,103.9501,100.6291
2021-08-19,77.4103,95.2787,148.2586,90.323,153.8766,204.2705,214.1492,146.9433,104.6829,101.0883
2021-08-20,77.8405,95.5285,147.0011,90.6785,152.4034,203.3726,213.2832,146.4468,103.4413,100.7105
2021-08-23,77.5846,95.3951,146.7779,89.3538,150.8687,203.8386,213.867,146.4927,102.5807,99.4127
2021-08-24,77.688,95.6345,147.1097,89.6479,153.0169,203.8357,213.8722,147.9656,101.6516,100.7626
2021-08-25,77.503,94.8746,144.3406,88.9654,153.0763,203.9517,214.0011,146.8224,101.7133,100.6454
2021-08-26,76.9719,93.8184,142.9738,88.3404,151.9035,203.2061,212.9186,146.2642,100.5943,100.8691
2021-08-27,77.8267,94.1366,142.3568,88.1403,149.6258,203.1677,213.1021,148.4024,102.2098,101.3938
2021-08-30,79.4225,96.9399,144.4581,89.5971,151.3538,201.8,213.2284,150.2518,102.9104,101.6626
2021-08-31,79.9699,97.8164,146.1232,91.1223,152.8855,201.1893,213.2759,150.3934,103.9134,101.5586
2021-09-01,80.5679,97.7716,144.5707,90.3162,152.0154,200.8627,213.6498,148.8078,102.9674,101.0769
2021-09-02,77.7637,94.1687,139.9995,88.4929,148.4822,202.5753,214.9982,148.2512,100.5627,99.2343
2021-09-03,79.2547,94.7401,141.8763,90.2054,151.224,202.9479,214.6682,149.2177,102.0824,100.0542
2021-09-06,80.9914,97.8635,145.3268,92.0243,154.3547,201.0158,214.3902,148.8104,104.5897,101.5619
2021-09-07,80.8036,96.6831,142.4352,91.8934,152.8767,201.2305,214.1852,149.9668,104.493,102.4045
2021-09-08,81.435,97.3598,143.0801,92.3258,153.9859,201.5887,213.8707,151.0507,105.6664,103.7616
2021-09-09,82.5387,98.5327,144.9978,93.5933,155.6467,200.9083,213.0276,149.3433,107.8543,103.3171
2021-09-10,81.4751,97.3115,143.6222,92.1052,155.7925,202.3788,214.2334,148.304,106.2634,103.1583
2021-09-13,80.6848,96.7354,142.704,91.6211,154.1836,202.9399,213.3175,147.7076,106.2531,102.4636
2021-09-14,80.3712,95.8677,143.4911,91.4763,151.4854,204.7631,212.5146,148.1861,105.8921,102.8524
2021-09-15,80.0451,94.7371,144.9089,91.5836,152.9961,203.8719,211.8785,149.2076,106.4752,103.0972
2021-09-16,78.5771,92.857,143.0502,90.0616,149.7811,204.328,211.366,148.9836,105.323,102.4316
2021-09-17,78.0095,92.2822,142.0719,88.9888,149.3058,206.3479,210.6111,146.861,104.7429,102.2235
2021-09-20,77.8743,92.1421,142.156,88.841,147.843,205.7361,211.387,144.8644,104.4918,101.6791
2021-09-21,77.2148,91.1888,141.9803,89.2318,147.9099,205.2662,211.4533,144.6677,104.7421,101.8827
2021-09-22,77.7823,93.0415,144.5392,90.6607,149.9191,204.5211,211.6873,144.4387,105.3472,101.7714
2021-09-23,77.9645,93.6751,144.6703,91.6089,151.0661,206.1698,212.3354,144.9444,104.1683,101.7121
2021-09-24,78.2012,92.9715,143.7968,92.0215,151.1617,205.7438,213.2482,147.0703,104.8004,102.3003
2021-09-27,78.2605,92.6841,144.1784,92.0558,150.054,207.95,213.6601,148.4268,105.363,102.243
2021-09-28,78.5579,93.6399,144.291,92.444,150.3888,207.8354,213.6712,147.6927,105.3819,101.818
2021-09-29,79.6996,93.6466,146.8737,93.7889,151.0713,206.9148,212.9521,148.8885,106.7239,102.313
2021-09-30,80.1154,94.429,147.863,94.3204,148.8045,206.5831,213.9429,148.1845,105.2928,100.5725
2021-10-01,80.8277,94.931,146.5354,93.4839,147.6794,206.1514,214.2275,147.8734,104.5869,100.6234
2021-10-04,82.2808,95.1102,148.3355,94.1636,151.2414,208.474,215.5246,147.2136,104.8086,100.7712
2021-10-05,82.0097,95.4705,146.6757,94.7998,150.2589,209.313,216.2321,147.8567,103.9573,102.4896
2021-10-06,83.487,99.5654,153.5865,97.1076,154.8249,205.7369,214.7007,147.9489,105.5754,104.6922
2021-10-07,84.4864,100.9299,154.2322,97.1943,156.3691,204.6354,214.1407,147.7818,106.8496,105.2917
2021-10-08,86.1411,101.4947,157.8351,97.8592,161.1518,204.1977,213.8371,147.813,107.9466,106.011
2021-10-11,86.0467,101.3234,158.176,97.6251,159.8217,205.2395,214.1491,148.2631,107.6194,106.5095
2021-10-12,86.0631,101.1992,158.8398,96.6724,159.6276,204.7503,213.9018,149.6262,107.1955,108.3603
2021-10-13,86.4962,102.5152,159.5773,96.9435,161.195,205.3104,213.2463,149.1478,106.8196,108.5159
2021-10-14,87.3054,103.5405,159.5478,98.3735,162.9599,205.1888,213.6529,148.9817,107.6069,107.6634
2021-10-15,87.8829,104.5675,160.84,98.7844,163.3698,205.0846,212.8513,147.1265,108.3242,108.0645
2021-10-18,88.5703,106.4138,162.1738,99.4905,164.5222,204.5274,212.3812,146.6801,108.575,108.3602
2021-10-19,89.7681,107.6201,161.5758,99.7209,165.6395,203.7244,211.7501,147.1026,109.1576,110.255
2021-10-20,88.3569,104.7702,159.1113,98.7264,163.1242,204.1904,212.5751,146.584,107.8323,109.6243
2021-10-21,89.4846,107.4927,160.435,100.2041,166.4199,202.244,212.3148,147.8949,109.852,110.4646
2021-10-22,89.5982,107.1325,160.8695,99.3379,166.7095,202.2877,211.8508,147.375,109.7211,110.9789
2021-10-25,90.0352,108.6972,161.6571,99.3647,168.1456,202.5722,212.2064,146.5172,108.7293,110.0439
2021-10-26,91.6103,109.3634,166.096,99.5931,170.2105,202.9191,211.9749,145.5402,108.7643,108.926
2021-10-27,91.4536,109.6675,166.2351,100.0514,171.6741,201.1669,211.389,144.738,109.7454,109.0641
2021-10-28,91.5058,110.8997,167.8432,100.5395,173.9782,202.5986,211.537,144.2268,109.5947,107.2674
2021-10-29,91.5786,110.742,167.4604,100.4326,173.463,202.5037,211.6098,144.2616,109.3597,106.1834
2021-11-01,91.0656,108.8588,164.103,99.7096,173.1817,203.2644,211.6151,144.9312,110.0842,106.5203
2021-11-02,90.5376,106.9665,163.511,99.7092,171.2321,204.3844,211.7216,145.3295,110.3873,106.5979
2021-11-03,90.5362,107.0892,163.1783,99.5608,167.9863,204.1207,212.1545,147.2639,108.7972,109.171
2021-11-04,90.0298,105.2914,161.0792,97.9946,167.6682,205.997,212.8362,146.5458,108.2665,108.521
2021-11-05,89.6489,105.8998,160.5244,97.6589,167.3082,205.0325,212.7559,147.9057,108.4992,109.4592
2021-11-08,91.2155,107.9049,160.7656,98.4473,169.1694,204.6615,213.0732,147.6976,109.5256,110.3148
2021-11-09,91.4001,110.1215,164.0431,99.6062,170.1696,204.2718,213.0139,149.0884,111.1126,111.5005
2021-11-10,92.0995,110.2158,164.9785,100.9372,169.0579,204.0884,212.8193,149.4394,111.9447,111.4319
2021-11-11,91.637,110.4466,165.7561,100.6227,167.9918,205.4731,213.6362,149.3463,111.7275,111.1139
2021-11-12,92.1033,111.5052,165.5445,100.8674,168.9599,205.7256,213.155,150.0803,110.7026,111.8204
2021-11-15,90.3192,109.4801,160.8954,99.8609,166.0357,207.7402,214.0305,149.4645,109.3526,111.2558
2021-11-16,90.0554,110.4528,161.0052,100.4928,165.4458,206.1797,214.2418,151.5278,108.4252,111.146
2021-11-17,90.1718,110.0737,161.9494,100.5361,165.4717,206.3446,213.6829,151.202,110.2002,111.495
2021-11-18,89.8978,108.6546,163.1296,101.0621,166.4585,207.3513,213.603,151.2941,109.6768,111.151
2021-11-19,90.8712,109.6267,163.5227,101.1122,167.7147,208.8662,213.828,150.7237,109.6592,110.9039
2021-11-22,89.9967,107.8177,161.7002,101.6396,165.5614,209.6111,213.3606,150.9349,108.4148,110.0492
2021-11-23,91.9363,110.8219,164.1793,102.7392,167.9533,209.2452,213.0799,151.3046,109.665,110.2853
2021-11-24,91.2206,110.9851,162.3311,101.468,166.5246,210.4433,213.7188,150.7249,109.3609,108.478
2021-11-25,92.7106,113.3838,163.3171,102.1869,167.6729,211.1341,213.9164,152.3224,109.6474,109.3069
2021-11-26,91.5796,113.3835,162.3467,102.6133,167.0625,211.3598,214.1075,153.0411,109.8211,111.1496
2021-11-29,90.8049,111.7086,159.9728,102.0154,166.6344,210.0104,213.6282,153.3125,109.202,110.3755
2021-11-30,90.7539,110.8096,160.0289,102.0802,165.7095,208.4383,213.2948,152.0097,109.258,109.9075
2021-12-01,89.9777,109.6818,159.2029,101.0768,163.7443,207.7337,214.0096,152.0113,107.4005,109.2663
2021-12-02,90.7206,109.5976,161.7079,101.5564,167.912,208.3128,214.1758,151.7692,109.6748,109.666
2021-12-03,89.0569,109.5966,160.4436,100.6253,166.5708,208.4805,215.2441,151.0107,109.581,108.0246
2021-12-06,87.6085,108.6898,160.3275,99.2479,165.007,209.571,215.9226,150.8998,109.0329,108.8303
2021-12-07,86.2215,107.1372,157.3516,99.2501,163.1933,209.8035,216.4095,151.7965,108.9631,109.0174
2021-12-08,88.2151,109.8931,163.5385,100.2755,166.9208,207.5737,215.6538,152.6266,110.9861,110.1831
2021-12-09,89.661,111.9433,165.2974,101.4401,166.9816,205.9498,214.8016,154.8704,112.0212,110.2777
2021-12-10,88.4515,110.1335,165.2618,100.571,166.8656,205.4503,216.0877,153.041,108.9124,109.1997
2021-12-13,89.0787,112.5443,169.3842,101.3171,169.3817,203.5897,215.2657,152.5873,108.8844,107.5036
2021-12-14,88.5166,112.1842,165.4395,99.8042,167.0479,204.1312,214.6605,152.762,109.5269,107.9808
2021-12-15,89.6921,114.916,170.7322,100.9373,170.2495,201.2106,214.4065,154.0324,112.2371,108.9894
2021-12-16,89.9693,114.5463,170.6345,101.3932,169.9647,203.0622,215.1158,154.4594,112.4261,109.9309
2021-12-17,90.65,116.3614,171.0754,101.4275,171.1763,203.3893,215.2864,154.4575,111.7156,110.05
2021-12-20,92.3413,117.691,175.673,102.0497,174.6155,203.836,215.0359,154.7117,113.9495,111.5758
2021-12-21,91.0865,115.7676,171.3227,100.8482,172.1654,205.361,214.8025,155.2693,112.1575,110.8515
2021-12-22,93.238,119.7158,176.4454,102.284,174.5096,204.3237,214.3975,154.651,114.6696,111.5384
2021-12-23,92.6185,117.6999,173.4662,101.9232,172.5977,203.4711,214.1342,155.2839,113.2605,112.7373
2021-12-24,90.5199,116.0312,170.4132,100.3731,171.2509,205.9585,215.1189,154.6708,111.3131,111.8091
2021-12-27,90.247,115.0859,170.8978,99.867,169.9832,207.1985,215.6477,155.1971,111.4559,114.1706
2021-12-28,90.495,114.3733,170.9006,99.6515,166.3467,209.6315,214.5852,153.6957,112.4494,113.815
2021-12-29,90.458,114.8104,170.0592,98.8742,165.8418,210.2816,214.7555,154.2104,111.8501,113.7785
2021-12-30,90.9103,114.3155,171.0456,98.5599,168.8949,209.3851,214.5222,153.3482,111.3552,112.9398
2021-12-31,90.8724,114.9748,169.3702,98.4438,169.9479,208.8654,214.2081,152.7561,112.1729,113.0132
2022-01-03,90.5778,112.4529,166.8769,97.1482,167.8656,209.86,214.4732,151.6657,110.5622,112.5529
2022-01-04,90.6282,112.7015,166.4015,97.5091,167.76,211.1005,214.6396,151.6085,109.6861,112.33
2022-01-05,88.9901,110.9769,164.8347,96.2333,166.3698,212.8681,215.0068,150.9083,108.6709,112.6293
2022-01-06,87.083,107.0786,160.4631,93.5044,160.5205,213.1279,215.2472,151.7079,108.1705,112.563
2022-01-07,87.5939,109.1717,163.6851,94.3791,161.8141,212.4241,215.7521,151.7688,108.6777,113.8107
2022-01-10,86.7445,107.5913,161.6128,93.5615,160.628,212.97,217.1154,152.444,107.3234,112.7669
2022-01-11,86.196,107.7026,159.9713,92.997,161.8311,214.3064,219.2938,152.1651,106.7367,113.9959
2022-01-12,87.6071,110.6312,165.0079,94.616,164.0237,211.7781,217.8828,151.8683,108.0778,113.4284
2022-01-13,86.5474,109.1621,161.7807,93.8601,163.8117,214.4533,218.4652,151.6219,105.6779,114.3388
2022-01-14,86.8905,110.3717,163.5557,95.735,164.1771,213.5478,217.9308,151.1496,107.2186,115.2905
2022-01-17,87.6326,110.8218,164.6094,96.9249,161.4468,214.4714,217.9673,153.5752,107.9329,114.789
2022-01-18,85.751,107.5972,161.1173,94.3073,158.9683,216.588,218.8622,153.8494,106.3071,115.2123
2022-01-19,85.6294,108.012,160.6599,94.1522,159.5693,215.8993,218.8942,153.2025,106.2411,114.4831
2022-01-20,85.7015,107.1478,160.7488,93.5309,159.444,214.8567,218.9514,153.2485,106.7675,113.7377
2022-01-21,85.7579,107.8877,162.2069,93.7642,160.1051,214.2488,219.5527,154.5237,106.3427,113.8938
2022-01-24,87.2649,109.8833,166.0784,94.4931,162.6611,212.3574,219.8141,156.0562,106.8428,115.1831
2022-01-25,86.6511,108.2688,163.5596,93.0885,160.1426,211.2593,218.9968,155.936,106.8531,114.9553
2022-01-26,86.3272,105.9336,160.9704,91.5295,157.9827,209.8777,218.4397,154.3158,104.606,114.6173
2022-01-27,86.563,106.5819,164.0875,91.2187,157.4157,209.2702,217.5637,153.8816,104.6072,114.8521
2022-01-28,87.4829,107.7695,165.2201,91.9157,158.862,208.6147,217.7293,153.1653,105.6639,116.0905
2022-01-31,85.6056,105.1015,163.3744,90.5312,154.4396,208.8782,218.9249,151.9993,104.2206,114.5359
2022-02-01,84.9952,105.1799,162.1907,89.2521,151.7404,210.3295,220.2787,151.6017,102.3534,113.9886
2022-02-02,85.9275,106.4083,163.1789,90.118,152.2971,210.381,220.8546,151.6961,101.8629,113.3188
2022-02-03,86.1635,107.2379,163.602,90.3527,149.8912,211.7175,221.4591,151.2192,102.2058,111.6728
2022-02-04,87.2591,111.6031,168.5165,91.7778,151.6245,209.1218,220.754,149.8116,105.3575,111.2112
2022-02-07,85.1519,107.5877,163.552,89.6345,147.3241,211.5288,221.0914,150.4253,102.7576,110.7253
2022-02-08,85.0533,106.6607,162.8334,88.3583,146.1827,212.6306,222.7395,149.7852,101.4014,110.1202
2022-02-09,84.7711,106.9649,165.4691,88.8263,145.5082,212.4625,222.7952,147.8561,100.1876,108.9598
2022-02-10,85.4126,108.1173,167.2227,89.843,143.5118,211.1393,222.8005,148.4657,101.0748,110.0826
2022-02-11,85.9513,108.5129,168.3736,90.073,145.5379,209.7608,222.3324,150.1336,102.202,110.0817
2022-02-14,85.4817,109.6901,168.6388,89.4616,143.7035,211.6993,222.9983,149.7178,100.0467,107.9872
2022-02-15,87.2885,111.6025,173.7289,90.2158,144.7786,209.506,222.3234,147.2786,99.5237,107.0333
2022-02-16,87.7442,112.1801,174.7872,90.8168,144.9272,210.3904,221.3447,146.5104,100.4207,106.7095
2022-02-17,86.9858,109.7576,172.8568,90.1426,145.1474,209.1249,221.2294,145.3954,100.0173,107.0825
2022-02-18,86.8079,108.3591,170.3678,90.7369,145.4753,210.6002,221.9424,145.3256,99.505,107.0773
2022-02-21,87.4563,109.6707,173.2109,91.9417,146.2192,211.6405,221.9057,143.059,100.1507,105.2696
2022-02-22,88.3662,110.7508,175.914,93.0776,146.7556,210.7859,220.9433,143.5048,100.8632,104.8519
2022-02-23,90.3386,113.4765,177.8284,94.3655,149.0231,208.2789,220.4931,143.7285,102.1605,104.1665
2022-02-24,90.13,112.2417,177.9,93.2196,146.7604,208.1676,220.8555,144.9594,101.1326,105.0666
2022-02-25,89.4117,111.2393,174.686,91.9458,145.5898,210.4736,220.936,146.1228,100.1927,104.8332
2022-02-28,87.7008,109.7021,172.0787,91.1652,143.6281,211.1341,222.1165,146.4042,98.8993,105.385
2022-03-01,85.5511,107.1847,168.6024,89.2733,141.8693,211.2572,222.1364,147.6427,97.2808,104.8615
2022-03-02,83.5881,103.6591,165.7708,87.5019,138.8921,212.5482,223.2204,147.9878,94.1554,102.9179
2022-03-03,83.3877,104.3172,164.3434,87.7528,138.0888,212.4316,223.2956,148.6233,93.9936,104.535
2022-03-04,81.8232,101.1391,161.5845,86.8466,134.1109,212.448,224.5219,149.8803,93.3134,105.1212
2022-03-07,81.3497,99.4729,159.626,85.9299,131.8624,213.7987,224.9936,148.9014,91.987,104.1454
2022-03-08,79.3667,96.304,155.5579,83.2114,127.2704,213.4409,225.0623,148.3357,90.134,102.6504
2022-03-09,78.3485,94.9299,153.432,82.7155,125.4793,214.1691,225.8344,147.5484,89.7289,102.9906
2022-03-10,78.5813,94.7251,153.8024,81.8652,124.9345,212.2285,224.1,148.7339,90.4412,103.9545
2022-03-11,77.799,93.5527,151.3243,81.003,123.0085,212.74,223.6114,146.8296,90.664,102.3134
2022-03-14,77.246,91.104,149.6654,80.0028,119.7719,212.7376,223.4124,148.2573,90.7744,102.0685
2022-03-15,76.2064,90.8716,148.0199,79.6296,119.928,214.5126,223.1117,149.7343,90.3081,102.8916
2022-03-16,75.6888,90.4123,147.0966,78.8725,119.2002,215.0986,222.8156,149.209,89.5184,103.6188
2022-03-17,72.3803,87.0737,141.7903,75.8314,116.7865,216.9835,224.0296,150.6098,86.4832,103.4693
2022-03-18,71.5727,85.1894,138.1963,74.7684,114.8104,220.7782,225.5132,150.6991,85.3808,104.1993
2022-03-21,71.3449,84.4309,137.4344,74.5571,114.4106,222.9773,226.5938,150.1065,85.5354,103.5709
2022-03-22,69.144,81.3441,132.3599,72.3922,111.5186,226.2805,228.7942,151.1268,83.0015,103.4254
2022-03-23,70.2292,83.6911,137.7614,73.7361,113.8218,226.4173,228.7936,150.4167,84.384,103.9976
2022-03-24,69.119,81.0465,136.3581,71.7461,112.2605,226.3088,229.1515,150.2957,82.5411,103.9815
2022-03-25,67.3501,78.3355,132.0407,70.3724,110.3493,228.0432,230.6414,150.5539,80.6009,103.3688
2022-03-28,67.4991,77.8719,131.8316,69.8096,108.5988,228.9326,231.1298,150.7384,80.2731,103.3787
2022-03-29,66.7366,76.9357,130.1956,69.2546,108.2705,229.6098,231.8152,150.9103,79.823,103.5793
2022-03-30,65.8672,75.6082,127.6103,68.33,107.1098,234.1559,234.4099,151.759,79.7227,104.2953
2022-03-31,65.4329,75.0537,126.4877,68.2686,106.2609,233.3602,233.6622,151.8775,79.5079,103.3863
2022-04-01,64.1275,73.5196,123.9065,67.3471,105.7485,233.1673,233.014,151.9959,78.3701,102.749
2022-04-04,64.0688,74.2804,122.5347,67.0258,106.8408,234.4359,233.1433,150.7478,77.8719,102.1102
2022-04-05,62.5371,72.7697,120.18,66.1367,105.7184,237.1566,234.0603,151.1934,76.662,101.3152
2022-04-06,61.8737,72.7885,118.3664,66.2524,104.2,236.7893,234.472,151.9774,75.6294,102.2323
2022-04-07,62.0249,72.6721,118.4883,66.5126,103.3507,235.7453,234.5212,152.2622,75.6542,101.7557
2022-04-08,62.3056,73.0866,118.3745,66.5296,103.9843,236.3743,234.5444,154.3533,74.673,102.6188
2022-04-11,60.8979,70.3983,114.6308,64.7807,102.441,240.4073,236.8529,155.0172,72.8529,101.7787
2022-04-12,60.1944,70.0678,113.8535,63.982,99.9557,241.1799,237.2283,154.8671,72.2526,101.9256
2022-04-13,59.9105,68.695,112.6297,63.5486,99.5367,241.9941,237.7238,154.0317,71.1619,101.2309
2022-04-14,59.6411,68.1344,112.5351,62.82,98.608,241.9768,236.1078,153.7418,70.7465,101.9799
2022-04-15,58.9408,66.4492,110.5555,61.8631,95.7073,243.254,237.2732,153.5053,70.1819,101.7317
2022-04-18,59.7692,67.2196,111.2787,62.7331,96.6991,242.117,236.4513,154.0916,71.1592,103.0061
2022-04-19,59.7153,67.1081,111.6649,62.718,97.175,239.717,236.3286,153.6117,70.9004,102.8813
2022-04-20,59.8901,66.8395,110.2848,62.4301,97.0772,239.9049,236.9977,154.3508,71.1646,102.2221
2022-04-21,59.8441,66.3417,111.3078,62.9385,95.9607,240.1086,237.0609,155.0334,70.3222,101.861
2022-04-22,58.2736,65.2574,108.8464,62.4478,95.2809,240.2747,236.8794,154.6737,69.1031,101.4707
2022-04-25,57.1558,64.3051,108.7492,61.9432,93.7116,239.138,237.2989,156.6503,68.5946,102.1463
2022-04-26,55.9032,62.4941,106.1259,61.5922,93.1844,239.5547,236.8406,157.5451,68.5449,102.5266
2022-04-27,56.2108,63.4082,106.0391,61.8297,92.7434,241.3343,237.5093,158.1912,69.3656,102.6886
2022-04-28,55.177,61.721,104.2514,61.1567,91.478,243.1935,237.8297,157.2226,68.4146,103.5757
2022-04-29,54.3109,61.3458,103.4433,60.4979,90.8376,244.5232,239.1752,156.7608,67.349,102.137
2022-05-02,53.5933,60.5405,101.9173,59.226,89.9081,244.8229,239.3738,156.4322,67.1682,101.3294
2022-05-03,52.909,59.8339,100.6025,59.4767,89.8963,244.5504,240.7396,156.5233,66.4726,101.6232
2022-05-04,51.9568,58.7757,97.4329,57.8614,87.4069,247.179,240.4909,156.1099,65.4918,100.0814
2022-05-05,51.3569,56.9156,94.105,56.9178,85.9839,249.0739,241.2581,155.4309,64.2805,99.6562
2022-05-06,50.5194,55.8134,92.3084,56.134,83.7177,251.3492,242.1306,155.5146,64.085,100.1131
2022-05-09,50.1695,55.9975,91.1636,56.1662,82.7363,255.787,244.7991,156.1221,63.5632,100.8355
2022-05-10,50.2627,55.6709,90.1407,56.095,82.3221,253.5194,244.3,155.733,63.9686,101.3246
2022-05-11,49.5453,54.4118,88.3939,55.387,81.4252,252.5871,244.8379,155.7471,63.2785,101.1048
2022-05-12,48.7165,53.2442,87.0745,54.7128,81.2196,253.3863,245.5418,157.0622,62.7176,100.6844
2022-05-13,47.5782,52.0716,86.2842,53.969,80.8017,253.0043,244.7329,157.4824,62.5608,101.2273
2022-05-16,47.0328,50.9937,85.9245,53.5659,79.925,255.4062,243.5981,157.9572,61.455,101.2213
2022-05-17,45.858,49.6177,84.399,52.5005,78.3787,256.991,244.5829,159.3167,60.291,101.0053
2022-05-18,45.1471,47.9721,82.9175,51.2819,77.4843,258.4112,247.1677,160.066,58.9653,100.8202
2022-05-19,44.998,48.0546,82.5343,51.4968,77.282,257.8737,247.4951,159.3867,58.7238,99.1859
2022-05-20,45.4861,48.3184,84.177,51.7916,77.4532,257.0414,247.4484,160.6092,59.2077,100.9642
2022-05-23,45.3878,48.6038,82.8505,51.5826,77.0247,257.3347,246.6025,160.2709,58.808,100.8131
2022-05-24,46.2087,49.8045,84.099,52.0743,78.0537,254.6825,245.4746,158.995,59.3708,100.3627
2022-05-25,46.7656,50.5417,85.2281,52.3931,78.9565,254.7415,245.9632,159.5127,60.0,99.9508
2022-05-26,45.9159,49.4392,84.4538,52.0627,77.8145,257.2607,245.6197,158.9193,58.9138,99.578
2022-05-27,45.612,49.2674,83.5336,51.8497,77.481,259.7543,246.9409,158.4276,58.7226,100.7418
2022-05-30,45.8001,49.7281,84.6629,52.3343,77.7527,258.4978,245.6818,158.3612,58.8331,100.6438
2022-05-31,44.8422,49.5539,84.1333,51.6124,76.5709,259.6042,245.5543,160.2766,58.8486,101.7232
2022-06-01,45.1541,49.987,85.7432,52.5622,77.8885,257.8246,245.2633,160.9629,58.9485,101.2286
2022-06-02,45.19,50.23,85.5121,52.436,77.5126,258.5321,246.3848,159.6222,58.25,99.2895
2022-06-03,44.1412,49.0655,83.9506,51.3269,76.7407,259.5049,247.4936,159.3482,56.8828,99.0198
2022-06-06,43.4899,48.219,82.6249,50.8532,75.906,258.7226,247.1825,159.8773,56.2258,99.3458
2022-06-07,42.6702,47.5218,80.9491,50.1647,74.2074,258.0549,248.2637,159.8639,55.7858,98.241
2022-06-08,42.5043,47.6095,81.0378,50.0202,74.2268,257.7118,247.7312,159.1216,56.2807,97.7215
2022-06-09,42.644,47.7971,80.6354,50.5272,74.3149,257.0507,247.5597,159.176,56.229,98.0002
2022-06-10,43.5715,48.3125,83.08,51.3425,75.7377,255.4254,245.9015,159.1729,56.7879,99.6189
2022-06-13,43.6893,49.0846,82.9286,51.3331,75.9276,255.1411,245.2765,159.4127,57.3286,100.6366
2022-06-14,43.1983,48.3861,83.0488,50.9147,74.9575,256.4922,247.0,158.8025,56.7086,100.9141
2022-06-15,44.3158,49.6172,85.9989,52.3853,76.5034,252.3652,245.9338,158.4751,58.0506,101.0509
2022-06-16,44.729,49.6062,86.9968,52.574,76.7148,252.2812,246.0427,157.5236,57.977,100.2417
2022-06-17,44.2295,49.2499,84.8157,52.1627,76.2422,256.1621,247.4342,156.6282,57.1758,99.1115
2022-06-20,43.7869,49.3631,85.0016,52.0064,75.164,254.0327,246.621,156.818,57.3133,98.2821
2022-06-21,44.252,49.3385,84.879,51.7266,75.3161,254.7568,246.0517,157.9223,57.1327,99.0316
2022-06-22,43.7702,49.3518,84.0357,51.6958,75.162,252.4482,245.4366,158.0815,57.4029,98.9828
2022-06-23,43.9689,49.6615,84.4529,51.8926,75.3363,251.6467,246.625,158.6092,58.3827,99.1862
2022-06-24,43.1051,48.8896,83.6191,51.1963,73.8965,254.0251,248.2657,158.0186,57.7739,97.9536
2022-06-27,42.9533,49.5005,84.1911,51.9391,73.6521,254.6301,248.3674,158.0384,57.8118,97.9128
2022-06-28,42.4126,48.7779,83.1072,51.701,72.9608,256.3115,248.815,156.3691,57.6547,97.8326
2022-06-29,42.8721,49.0038,83.1569,52.3083,74.0889,255.6386,248.5473,157.1094,57.711,97.7269
2022-06-30,43.1421,49.1489,82.5632,53.0953,74.7551,256.5793,248.7577,158.8894,58.2013,98.6427
2022-07-01,42.6057,48.7249,81.9836,52.749,73.4583,257.268,248.0844,159.2653,57.4767,99.2353
2022-07-04,42.9641,49.5529,82.5109,53.4526,74.4257,255.9114,248.003,161.7833,59.0362,100.1096
2022-07-05,43.2091,50.0717,82.7819,53.4581,73.6081,256.0357,248.0459,162.3758,58.9641,101.5685
2022-07-06,42.714,49.1285,83.017,52.7172,72.7384,258.299,248.5553,163.2434,58.4758,100.6888
2022-07-07,42.8238,49.2694,83.3466,52.1733,73.0664,255.0075,245.9962,162.7522,58.1306,101.4287
2022-07-08,43.297,49.9762,84.7345,52.8558,74.6272,255.1468,246.7962,161.5517,58.4668,102.1887
2022-07-11,42.6078,49.0973,82.6377,51.8351,72.665,255.0926,247.5311,161.5393,57.3537,101.1845
2022-07-12,43.6266,51.0856,84.0908,53.0928,73.6343,252.6138,245.985,161.3614,57.9977,100.8002
2022-07-13,43.6761,51.3381,84.7394,53.161,73.8276,253.149,246.0102,162.1958,58.5128,100.4838
2022-07-14,43.4151,50.5423,83.4477,52.6479,72.1123,250.4732,245.7587,161.1907,57.5612,100.1789
2022-07-15,43.3322,49.9209,82.902,52.0648,71.3191,251.9069,245.7468,160.9183,56.7132,99.6759
2022-07-18,43.798,50.8583,83.9287,52.932,72.3755,251.0161,245.3183,161.2699,56.9237,100.3886
2022-07-19,43.8087,51.1348,86.03,53.2838,71.7203,249.6725,245.3992,162.5229,57.38,100.4262
2022-07-20,43.6642,51.0883,85.2944,53.043,71.4282,249.7917,245.9129,163.2353,57.45,98.6887
2022-07-21,43.2582,50.1955,84.9317,52.5181,70.422,250.774,246.6981,162.9995,57.5644,99.0486
2022-07-22,42.9269,48.7018,83.3131,52.236,70.2639,248.7795,246.3266,161.0698,56.8281,99.2453
2022-07-25,42.3982,48.22,82.585,51.3284,69.4116,249.4377,247.425,159.6049,56.6023,99.3463
2022-07-26,42.1865,48.1631,82.6075,50.8239,68.9956,250.3758,246.4106,161.0316,56.3245,99.9269
2022-07-27,41.78,47.3152,80.8069,50.3534,67.4855,253.0659,247.6431,161.2217,55.367,98.9327
2022-07-28,41.564,47.2004,80.2197,50.5015,67.4198,256.1853,247.9331,161.3455,54.8983,98.7427
2022-07-29,41.0542,47.3299,80.3467,50.0885,67.6277,257.3078,248.4002,161.7784,54.32,98.1937
2022-08-01,40.7051,47.1666,80.0933,49.7622,66.5851,255.7584,247.8435,160.9686,54.0451,99.6268
2022-08-02,40.7101,47.4213,79.2109,49.5552,66.1985,253.1932,247.0807,160.6493,53.7672,98.9843
2022-08-03,40.6282,46.7499,78.4082,49.4876,65.4676,254.1006,248.7474,161.0284,53.5831,99.6725
2022-08-04,40.7627,46.4795,79.4039,49.729,66.1143,254.981,249.3959,159.5459,52.5707,99.7004
2022-08-05,40.6316,45.6143,79.0746,49.5315,65.0199,253.9536,248.3515,159.065,52.6338,99.7478
2022-08-08,39.689,44.6002,77.3461,48.3721,64.3052,256.8059,249.8534,158.1862,51.2603,98.3684
2022-08-09,40.104,45.5026,78.8772,48.4496,64.8188,255.4327,249.023,159.1437,51.5758,99.5304
2022-08-10,39.9595,45.5416,77.7293,48.4916,64.4969,256.6317,249.6616,160.5199,51.1578,99.0782
2022-08-11,40.0264,45.6933,77.2297,48.1963,64.3551,256.9079,249.5239,161.9512,51.4382,99.8203
2022-08-12,40.0696,45.6261,77.0414,48.2853,64.4433,254.9348,248.5496,162.3973,51.7066,99.5411
2022-08-15,39.8483,45.1749,77.291,48.2381,63.733,256.592,249.4994,161.5759,51.2857,98.3786
2022-08-16,40.0311,44.9203,77.8674,48.0864,64.1756,257.7656,250.0245,160.711,51.0065,97.9067
2022-08-17,39.8567,44.8,78.2172,48.0215,64.6542,257.7722,249.2661,159.8568,51.2244,99.0623
2022-08-18,39.4825,43.3284,76.2757,47.4661,63.0045,257.3085,248.7813,160.8229,51.1258,98.2287
2022-08-19,40.252,44.6964,78.2915,47.8771,64.2128,255.3783,247.1519,160.2196,51.8076,99.9063
2022-08-22,39.6743,43.8112,77.4823,47.2919,63.5379,258.9394,248.6893,161.3189,50.8292,99.2312
2022-08-23,39.618,43.6092,77.6645,47.1949,63.5299,257.4672,248.8638,162.281,50.5547,99.9531
2022-08-24,40.5271,44.0894,79.9216,48.3127,65.4187,255.9762,247.0942,163.57,51.5851,101.1063
2022-08-25,40.015,43.5668,79.9,48.2791,64.428,255.4167,247.923,163.0459,50.9767,101.0304
2022-08-26,39.8849,43.7801,80.2808,48.4128,65.0895,255.7692,246.6907,162.5408,50.8509,101.6017
2022-08-29,39.6677,43.6524,80.0758,48.2092,65.2682,255.1143,246.4014,163.0057,50.5761,102.046
2022-08-30,40.9262,44.979,83.509,49.6474,66.899,250.2898,245.0596,162.8995,51.8331,103.7227
2022-08-31,41.5024,46.2601,86.5336,50.1534,68.5114,247.9156,244.3308,163.5764,52.3754,105.0245
2022-09-01,41.3631,46.2852,86.6636,50.4262,68.9749,248.9587,244.0612,164.4346,52.5024,105.7334
2022-09-02,41.6027,46.4356,86.3204,50.5381,68.5766,246.4377,242.5349,164.9127,52.7892,105.5533
2022-09-05,41.5254,46.9888,86.9875,50.8567,68.2144,244.2306,241.8523,165.3548,52.7371,105.4259
2022-09-06,41.4739,47.1792,86.2181,51.2904,67.7564,243.4619,241.8882,163.1934,52.5145,105.8252
2022-09-07,41.6426,47.7025,85.9416,51.3745,68.1651,245.0581,242.807,164.1356,53.1331,108.0128
2022-09-08,42.0541,48.5734,87.4892,52.1794,69.9446,242.0475,242.5998,165.4202,53.5469,109.5877
2022-09-09,41.7556,47.743,86.6212,51.6402,69.6791,244.3929,243.0959,165.405,53.212,107.839
2022-09-12,41.7039,47.8862,86.2474,51.6933,69.1826,244.3725,243.3204,164.5619,53.5869,106.7851
2022-09-13,41.8528,49.0381,86.9983,52.1679,69.5103,245.0359,242.8351,164.9161,53.9374,107.4382
2022-09-14,41.9067,48.9255,87.0783,52.0539,69.581,243.8219,241.3423,165.6418,54.4422,107.5042
2022-09-15,41.6665,48.755,86.3415,51.9357,69.6995,242.9941,241.1889,165.5359,53.8963,107.8418
2022-09-16,41.2642,48.1371,86.8983,51.8214,68.7695,242.8562,240.7252,164.3945,53.1758,106.7799
2022-09-19,41.3436,47.9542,88.3391,52.7801,68.9618,243.3441,240.8665,166.3964,53.468,108.0687
2022-09-20,41.5075,47.8368,89.2576,52.9518,69.0634,243.0959,240.5005,164.7872,54.6161,108.0523
2022-09-21,41.257,48.1718,87.7492,52.7613,69.0478,246.3591,241.7654,165.8016,54.5094,107.7827
2022-09-22,41.0244,48.1588,86.5272,52.344,69.015,244.6984,240.9538,164.9216,54.7427,107.6741
2022-09-23,40.9897,48.9274,87.1982,52.9885,68.8636,242.831,239.4652,165.5948,55.2148,108.0915
2022-09-26,41.2739,49.2097,89.0732,53.5111,70.3209,244.3843,240.5077,166.4907,55.5453,109.5013
2022-09-27,40.8097,47.6166,87.097,53.013,69.5143,246.149,240.4914,167.4336,55.4126,109.6124
2022-09-28,40.7972,47.2123,87.1391,53.0353,69.6286,248.969,241.4844,169.2399,54.6759,110.38
2022-09-29,40.8512,46.9387,85.7242,52.8777,68.9265,249.0092,240.4087,168.7897,54.6171,109.8011
2022-09-30,40.932,46.9164,85.159,53.07,69.4396,248.9983,241.014,168.3702,54.7631,108.652
2022-10-03,41.1429,47.2342,85.8242,53.624,70.1664,249.0364,241.2799,168.0212,55.4578,108.968
2022-10-04,41.5825,47.4998,86.205,54.3672,70.7028,250.8349,240.8739,168.1088,55.2893,109.2852
2022-10-05,41.5205,47.6897,85.2332,54.3514,69.9936,252.6274,239.9933,169.1242,54.8751,110.2339
2022-10-06,42.0752,48.3275,85.6984,55.4296,71.3236,252.9344,241.0346,168.3375,55.0401,108.8373
2022-10-07,42.3716,48.4716,84.6141,55.7938,71.763,252.421,241.0871,167.8714,55.4097,108.3235
2022-10-10,41.1529,47.0523,82.4708,54.5966,70.5611,254.2672,242.1679,168.2987,54.5479,108.0906
2022-10-11,40.9717,46.6701,82.3625,53.9194,70.3022,252.2431,241.393,170.8595,54.1242,108.1272
2022-10-12,41.4566,46.7713,83.2241,54.1591,70.5419,251.0869,240.5693,169.7927,55.0349,108.392
2022-10-13,41.6158,46.7766,82.929,54.7104,70.587,253.3805,241.1892,168.4733,55.1431,108.6152
2022-10-14,42.1975,48.2812,84.9951,55.2457,72.8585,251.7374,239.5655,170.566,56.0567,110.4106
2022-10-17,42.2453,49.2151,86.2989,55.6719,73.1447,250.4744,238.4916,169.104,56.4026,109.6535
2022-10-18,41.2593,48.7616,85.0279,55.1391,71.681,251.9388,239.075,169.2021,56.2606,109.9975
2022-10-19,41.2225,47.8458,83.8894,54.9302,70.7977,254.0861,239.9761,167.6363,55.8872,111.2939
2022-10-20,41.5296,47.74,84.1055,55.1186,70.9826,255.8495,240.0315,168.0257,56.7727,111.8349
2022-10-21,40.8701,47.2953,82.9361,54.2451,70.7159,256.949,240.7995,166.8695,55.7578,111.4193
2022-10-24,41.1353,47.8512,84.3455,54.6522,70.3953,257.8366,240.7407,168.2244,55.4133,111.4981
2022-10-25,40.6286,47.4167,84.274,54.0938,69.6409,259.9084,240.5259,167.6146,54.7595,110.4249
2022-10-26,40.525,47.2528,83.9788,53.503,69.6274,259.4632,239.0068,168.1041,55.024,109.7258
2022-10-27,40.0667,46.4067,83.6473,53.691,69.7527,263.576,240.0938,167.3937,54.4061,108.2598
2022-10-28,40.7102,48.0085,85.2257,55.0195,71.6555,262.5255,240.0444,167.6187,55.77,107.7895
2022-10-31,39.7367,47.5456,84.2561,54.8885,71.4563,263.3441,240.2719,167.322,54.998,106.0408
2022-11-01,39.3161,47.1557,83.4814,55.0258,71.4578,264.4524,240.7075,167.4486,55.2736,104.7114
2022-11-02,39.2393,46.5213,83.2054,54.8953,70.867,265.1515,241.015,167.005,54.6846,103.9413
2022-11-03,39.1933,47.1122,85.2439,55.1727,71.5259,261.8564,239.8366,166.6656,55.3789,104.7147
2022-11-04,39.2977,46.9075,84.8964,55.1768,70.9306,259.0702,239.484,168.0891,56.041,105.5436
2022-11-07,39.7695,47.8822,87.3721,55.6981,70.6067,258.3188,240.0957,167.3528,56.1923,105.8885
2022-11-08,40.0435,48.2458,88.3463,55.8902,71.616,256.5202,239.3442,169.4113,56.7735,107.2082
2022-11-09,40.0758,48.2752,88.057,55.622,71.7653,254.4273,238.7841,168.7283,56.9976,107.7646
2022-11-10,40.3054,48.5989,88.0359,55.7652,72.5946,253.1463,237.3185,168.637,57.5614,109.6935
2022-11-11,40.7717,49.3139,90.8596,56.7534,72.9935,251.862,236.3093,168.1715,58.6101,109.4964
2022-11-14,40.6045,49.0568,90.1603,55.9144,72.9963,255.15,238.3697,167.7273,58.4098,109.0316
2022-11-15,41.2416,49.7624,90.4283,55.7974,73.6749,252.8285,237.5304,166.7356,58.8958,108.1962
2022-11-16,41.097,49.4587,89.188,55.4991,72.9552,252.0263,237.39,166.3615,58.7734,108.8054
2022-11-17,40.1518,48.737,88.0994,54.7296,72.087,252.9216,237.0383,166.1262,57.6992,107.8343
2022-11-18,40.4768,49.2083,89.1159,55.3662,72.9914,252.2984,236.6581,166.3644,58.219,108.3595
2022-11-21,40.208,48.789,88.644,55.3635,72.1195,253.9773,236.3331,166.7922,57.5306,108.3926
2022-11-22,40.4107,48.8235,90.0204,55.6259,72.0987,253.3154,237.0915,167.8528,57.6363,107.7692
2022-11-23,39.9091,49.0291,88.8914,55.2569,72.0118,254.8995,238.2276,167.5472,57.8531,106.4119
2022-11-24,39.122,48.6447,88.084,55.103,71.0124,253.1801,238.4673,167.7745,57.4122,105.9301
2022-11-25,39.4535,48.7439,88.2376,55.4277,70.4199,253.2429,238.0812,166.4998,56.6591,107.0503
2022-11-28,39.891,49.2926,89.316,56.0597,71.4445,251.2821,237.766,166.5907,56.858,107.932
2022-11-29,39.3727,49.4168,89.3947,55.7742,71.4782,253.6103,238.741,166.5351,56.6916,108.2465
2022-11-30,39.4271,49.8771,89.1486,56.2051,72.4714,253.6676,238.3772,166.7436,56.8663,108.2373
2022-12-01,38.8679,48.835,86.0753,55.3437,71.6337,255.9802,239.0866,166.5164,56.3894,107.2692
2022-12-02,38.7518,49.3736,86.3188,54.9567,72.2131,254.0262,239.4502,166.9002,56.0691,109.1309
2022-12-05,38.6631,48.9871,85.9061,55.0399,72.5269,254.5769,239.5688,169.3139,56.0289,108.6161
2022-12-06,39.6247,50.6903,88.0369,56.6858,74.7081,253.9186,239.7242,170.4347,57.5351,110.1126
2022-12-07,38.9109,49.9919,86.0154,55.5476,72.9524,254.9733,239.6677,171.1557,57.4321,111.3936
2022-12-08,39.3552,49.8468,87.6066,55.8953,73.8302,254.8029,239.0961,170.0004,57.3951,111.3814
2022-12-09,39.715,50.4039,88.6154,56.7379,73.8079,253.3213,239.7639,170.2422,57.886,110.7723
2022-12-12,39.3814,49.7254,87.9333,56.0629,72.7373,255.9791,240.7119,170.2248,58.0683,111.232
2022-12-13,39.126,49.2848,88.8767,55.8744,71.9393,257.612,239.9713,170.9026,57.0908,111.5387
2022-12-14,39.3823,49.0313,89.4303,55.7702,73.1304,257.5419,239.611,171.1941,57.0716,111.3502
2022-12-15,39.9878,49.6031,91.8174,56.8833,74.2498,256.39,237.9228,171.6462,57.0691,113.0682
2022-12-16,39.6076,48.421,89.4863,56.4458,72.5604,258.8658,238.556,170.1131,55.9641,110.0967
2022-12-19,39.2809,48.1799,88.1491,55.8666,71.7379,261.0606,238.5598,167.3533,55.3734,109.4121
2022-12-20,39.6924,48.7562,89.5299,56.423,72.3655,260.0458,238.0861,166.7311,55.8213,108.8457
2022-12-21,40.0515,49.1948,90.4717,57.5284,73.2137,256.6555,236.0915,167.578,56.5539,110.1398
2022-12-22,40.2284,50.417,91.964,57.6024,73.7071,256.9418,235.808,165.5493,57.0945,109.3052
2022-12-23,39.9706,49.9887,90.3064,57.3017,72.8012,258.0368,236.9845,166.5747,56.8643,108.5726
2022-12-26,39.5157,49.6534,89.8483,56.9989,72.2992,260.3325,239.142,166.8279,56.5799,107.7804
2022-12-27,40.5315,51.3458,92.9917,58.0208,73.7368,258.5275,238.9139,166.6339,57.2264,109.4048
2022-12-28,40.7631,52.1205,94.8703,59.1114,75.0183,258.8632,239.3536,165.9838,58.0751,108.9488
2022-12-29,41.3587,52.998,95.8596,59.4997,75.7915,259.3911,239.218,164.5419,57.3586,108.6197
2022-12-30,40.6091,51.7201,94.0333,58.0129,73.881,263.1673,239.6954,163.6892,56.8363,107.0625
2023-01-02,40.2517,51.2859,92.6397,57.4588,73.6663,263.0739,238.6912,163.0487,57.0683,106.9502
2023-01-03,40.7202,51.708,93.4002,58.0799,74.4359,260.5543,236.0161,161.8147,57.8111,106.831
2023-01-04,39.7328,50.0601,90.3916,56.8183,72.7854,263.9287,237.7549,163.9662,57.559,106.8176
2023-01-05,39.2911,49.5611,89.0907,56.5575,72.6621,265.2014,237.2057,165.07,56.6249,107.9346
2023-01-06,39.4965,49.0911,89.1889,56.8299,73.1196,265.9555,237.187,165.8177,56.985,107.6169
2023-01-09,39.765,49.8162,89.2589,56.6582,74.0248,266.0904,237.6623,165.8831,57.3069,107.7456
2023-01-10,39.7053,50.5744,88.9086,56.5354,74.4811,267.1449,239.3676,164.9024,57.3296,107.914
2023-01-11,38.8734,49.4851,86.2511,55.762,73.07,267.6575,239.5674,165.7251,56.1196,107.3739
2023-01-12,38.0783,48.47,85.4724,55.0935,70.9499,268.1247,239.4243,167.2158,55.4638,108.5
2023-01-13,37.8996,48.6827,84.9759,54.8466,70.9212,268.0323,240.5406,168.083,55.4805,109.1337
2023-01-16,38.3427,48.5172,85.6087,55.0872,71.3833,267.6761,240.6651,167.3124,55.3203,109.085
2023-01-17,38.3471,48.7252,84.399,54.9439,71.314,266.8669,240.4512,166.6861,55.3386,109.9655
2023-01-18,38.0682,48.1515,84.4673,54.774,69.249,268.7858,242.4942,166.4075,54.4651,109.233
2023-01-19,37.6937,48.5436,84.0559,54.6695,69.222,271.004,243.8159,165.6001,53.9977,108.098
2023-01-20,37.8988,48.5902,83.9865,54.6551,68.9173,271.6925,244.5602,165.3166,54.3593,108.7833
2023-01-23,38.2117,49.5563,84.8126,55.3468,70.0388,269.3247,244.7819,168.3423,55.2336,108.3303
2023-01-24,37.8178,49.0506,84.5962,54.9018,70.4222,268.1224,244.1285,170.3457,55.2774,106.2885
2023-01-25,38.3605,50.4053,83.8859,55.5682,71.0646,266.9028,243.8829,171.8764,56.1503,107.6167
2023-01-26,38.5688,50.4582,83.7314,55.8817,71.5281,266.6348,243.2912,171.7022,56.691,108.1427
2023-01-27,38.0867,50.8049,83.616,56.58,71.5202,265.7341,244.2955,171.2378,56.4058,108.3969
2023-01-30,38.7436,52.1547,85.2943,57.3538,73.0451,264.9571,244.0195,172.1762,57.2586,109.8235
2023-01-31,38.5001,51.8382,86.0932,56.9834,72.6325,264.975,244.5996,173.682,57.3593,109.8092
2023-02-01,38.7832,52.4943,86.7551,57.2467,73.0232,264.1883,244.1848,173.9813,57.4115,110.4119
2023-02-02,38.4189,51.5781,86.3757,56.505,71.987,266.5239,245.0105,174.7667,56.4476,111.5267
2023-02-03,38.3847,51.1931,88.2875,56.8031,73.4613,268.007,244.9311,176.1302,56.3223,112.115
2023-02-06,37.33,50.62,87.3152,56.3802,72.8216,270.8307,246.3498,175.773,54.994,112.1872
2023-02-07,36.7541,49.7775,85.8286,56.0767,72.4869,272.3202,246.6411,174.4746,54.1126,111.8803
2023-02-08,37.0989,50.6744,85.8116,56.4974,73.1444,272.0205,246.3165,172.8063,54.254,111.6571
2023-02-09,36.3147,50.434,85.6575,56.0758,73.1459,272.5723,246.2221,172.2243,54.4266,110.4658
2023-02-10,36.4308,51.2965,87.3626,56.2457,73.1377,271.9186,245.8765,171.8491,54.5083,109.8683
2023-02-13,36.1065,51.5767,87.736,56.0031,73.2408,270.7159,246.4014,173.0641,53.994,109.3857
2023-02-14,36.1654,50.9196,88.8067,55.9878,73.7457,271.1292,247.2997,171.7592,54.0826,109.0582
2023-02-15,36.5475,51.1931,90.5576,55.6155,74.4508,274.5718,248.4831,169.8258,53.858,109.4845
2023-02-16,36.4336,50.9415,90.8624,55.9316,75.736,276.5859,247.985,170.4985,53.5103,109.3737
2023-02-17,36.435,51.3576,90.2493,56.5195,76.0131,277.1106,249.3086,169.8055,53.2476,109.4308
2023-02-20,36.3696,51.1865,89.622,55.6493,75.2076,274.0369,248.4913,169.4772,53.4854,108.4948
2023-02-21,36.5428,51.6861,90.9654,55.9449,74.8838,275.5964,249.8166,170.0731,53.1463,110.0393
2023-02-22,36.8792,52.2262,91.9423,56.5898,75.2854,277.32,250.7138,171.0846,52.9794,110.6281
2023-02-23,37.0557,51.9415,92.9259,56.6386,74.8389,275.7763,250.7734,170.0435,53.0907,109.4176
2023-02-24,36.7092,51.0461,91.6307,55.8881,72.4821,272.8177,250.7776,169.3674,52.3761,108.8898
2023-02-27,36.7475,50.4408,91.7711,56.1294,72.0146,271.5325,250.7822,168.3313,52.8256,107.6223
2023-02-28,36.6308,50.0813,91.2685,56.1628,72.2543,269.8832,251.9009,169.2283,52.758,108.3458
2023-03-01,35.8262,48.3452,89.2269,55.501,70.897,270.138,252.4422,168.2485,51.8694,106.8854
2023-03-02,35.8066,47.6008,88.8146,55.038,70.406,270.1399,252.6428,167.9466,51.9741,107.489
2023-03-03,36.3504,48.6419,89.5102,55.4036,70.6968,268.476,252.4011,169.2998,52.143,108.5212
2023-03-06,36.5008,48.69,89.0629,55.4765,71.1562,269.3796,253.488,171.6186,52.1761,108.7753
2023-03-07,36.4358,48.875,88.6309,55.3467,71.6427,271.8945,252.4813,170.5956,52.1854,107.8574
2023-03-08,36.8052,48.8848,88.7617,55.8759,71.9825,274.0583,254.605,171.9924,52.5897,108.1126
2023-03-09,37.2439,49.1742,89.2129,55.6713,71.4699,272.634,254.1517,171.819,52.821,108.2733
2023-03-10,37.6715,50.0768,91.4809,56.2678,72.2592,271.2806,253.4588,171.7911,53.5861,107.659
2023-03-13,37.7843,49.8282,92.231,56.1295,72.5723,274.1476,255.0815,171.5187,53.3812,107.1069
2023-03-14,37.5567,49.6056,92.3136,55.9503,72.4719,275.5943,255.6071,173.0472,53.4074,108.4916
2023-03-15,37.4174,48.873,91.109,55.846,72.3112,275.7079,255.6824,173.5227,53.0914,108.4034
2023-03-16,37.7139,49.726,92.1374,56.4447,73.3622,275.9813,254.927,175.4878,53.5176,108.4861
2023-03-17,37.2415,48.8087,89.9989,56.0615,72.5937,275.0613,255.6995,174.3504,53.6546,108.5909
2023-03-20,37.0424,48.34,88.846,55.7689,72.1468,274.9435,255.6331,172.1025,53.1228,107.6045
2023-03-21,36.3805,47.4108,87.1037,54.6718,70.1722,277.7311,255.565,172.2317,52.3505,105.9523
2023-03-22,35.5336,46.4296,85.907,54.5116,68.4852,279.9962,256.045,173.4859,52.4239,106.7119
2023-03-23,34.6811,45.5751,84.2981,53.9977,67.4145,281.4692,257.4939,172.1174,51.6799,106.1431
2023-03-24,34.6823,44.8803,84.9416,53.8802,67.7225,284.2038,257.9329,172.7208,50.8044,106.7621
2023-03-27,35.0344,45.2281,85.8492,54.1791,68.4113,281.1247,256.5707,170.8586,51.0347,107.5121
2023-03-28,34.9608,45.6206,85.8058,54.126,68.53,278.9462,256.2614,171.0526,50.7035,107.4827
2023-03-29,35.2413,45.7847,86.3647,54.2553,68.4108,281.4166,255.9328,171.1291,50.9822,106.7174
2023-03-30,35.5196,46.5683,87.3086,54.1377,68.7462,282.0492,256.853,171.7072,51.0316,107.1865
2023-03-31,35.8962,47.8796,88.3427,54.5906,69.9185,276.619,256.0126,173.5787,52.0977,108.4719
2023-04-03,35.6926,47.8222,88.3438,53.9285,70.1134,273.4433,254.9497,175.8138,52.3827,109.2262
2023-04-04,35.4834,47.4584,87.6608,53.5933,71.0893,274.5621,254.8293,175.949,52.4084,109.6255
2023-04-05,35.4441,47.2081,86.3961,53.8945,70.5741,268.8142,252.7317,177.0549,52.256,109.9635
2023-04-06,36.037,47.6788,87.7372,54.3371,72.9452,271.3701,253.6134,177.7386,52.769,109.2941
2023-04-07,35.783,46.8546,85.7797,53.7495,71.4635,272.9491,255.3416,176.6879,52.6382,109.0622
2023-04-10,35.7089,46.5323,85.7811,53.7446,71.5476,275.9395,256.3686,176.4891,51.992,110.3199
2023-04-11,35.5309,45.7783,84.0757,53.0639,70.3632,277.6411,257.2279,175.5052,51.4457,109.9051
2023-04-12,35.7556,46.0251,83.8908,53.1899,70.7006,278.6472,257.3845,176.173,51.6269,109.9481
2023-04-13,36.0729,47.0321,84.4906,53.8266,71.7699,280.057,257.5165,174.6369,51.8712,108.7311
2023-04-14,36.347,47.6546,85.7315,54.1647,72.1482,279.4599,256.393,174.7931,52.587,110.152
2023-04-17,36.2903,47.2929,84.9625,54.2386,72.3232,278.71,256.7026,174.2104,52.6504,109.6401
2023-04-18,36.4035,47.6689,84.3489,54.5866,72.0374,277.9135,256.3279,172.2738,52.8286,108.0596
2023-04-19,35.8822,47.1439,83.4907,54.2962,70.284,274.9275,255.7858,171.7569,52.7811,108.2401
2023-04-20,35.6347,46.9113,83.0143,53.928,70.3665,276.7591,256.1656,171.9749,52.8686,108.9045
2023-04-21,35.8611,47.3491,84.1386,54.1496,70.8152,273.6947,254.0003,172.3674,53.3641,109.8136
2023-04-24,35.6035,47.0537,83.1846,54.5666,70.368,274.4737,254.2619,172.3743,53.1224,109.7227
2023-04-25,35.9063,48.1757,84.8273,55.3905,71.2219,271.7674,254.5834,170.8459,54.0394,110.0054
2023-04-26,34.9609,46.4614,83.3393,53.9957,69.3181,272.4938,255.71,172.1724,52.4622,108.3924
2023-04-27,35.0903,46.3395,83.4187,53.8956,69.1582,272.4037,256.1756,174.1927,52.5544,109.908
2023-04-28,35.7005,47.5014,85.8129,54.9149,70.8287,271.9072,255.8401,174.165,53.0865,110.1649
2023-05-01,35.5093,47.351,84.4116,54.8974,71.0846,271.9238,257.0707,174.7947,53.0583,109.6567
2023-05-02,35.4443,47.4199,83.8105,54.8831,72.1065,274.438,257.1909,175.5394,53.5003,110.7276
2023-05-03,35.942,48.0903,85.3478,55.383,73.8114,272.3612,256.5673,176.2404,53.8358,110.9252
2023-05-04,35.2669,46.9278,83.7767,54.6431,72.9021,271.1613,255.5746,177.3421,53.2736,110.8471
2023-05-05,34.8315,46.9675,83.5416,54.7058,72.5941,271.0521,256.1376,178.3182,52.8819,110.7101
2023-05-08,34.747,47.0103,83.2749,54.6156,71.9354,269.8287,255.8565,177.679,52.9871,109.7452
2023-05-09,34.9201,47.1328,83.6804,55.3219,72.4886,268.2833,255.856,178.1797,53.94,109.4829
2023-05-10,34.6707,47.1649,83.7301,55.2338,72.65,271.2547,256.2198,178.3004,53.5041,110.2309
2023-05-11,34.0546,46.1299,81.5126,54.1575,71.4508,275.4545,259.183,178.4039,51.6759,109.6162
2023-05-12,34.3911,46.7747,82.0815,54.7745,72.4551,275.7876,257.869,180.912,52.5104,112.4969
2023-05-15,34.584,47.3793,82.5962,55.3093,72.2752,275.5107,257.741,182.0657,52.8207,113.9673
2023-05-16,34.9637,48.0869,83.7923,55.37,73.1761,275.522,257.6909,180.5522,52.9673,114.6532
2023-05-17,34.9644,48.8679,83.9723,56.0187,73.5375,275.7786,257.5725,179.9855,53.488,114.1523
2023-05-18,35.2643,49.2236,84.4478,56.3282,74.293,276.2237,258.4365,180.0055,53.4647,112.6905
2023-05-19,34.6143,48.3847,83.8642,56.3027,73.5119,272.8842,257.5567,181.2997,53.1932,113.2621
2023-05-22,34.86,47.7994,84.1958,56.2424,72.9517,270.1805,255.1587,179.9101,53.13,112.2617
2023-05-23,35.271,49.3804,87.0051,57.5836,75.2064,267.685,253.7588,180.8375,54.3133,112.4404
2023-05-24,35.6947,49.8218,86.7971,57.1362,74.8867,268.7811,254.7282,180.5367,54.5192,112.5449
2023-05-25,36.1844,50.5138,88.986,57.9472,75.2346,265.5284,255.0027,180.9957,55.8237,114.3937
2023-05-26,36.9629,51.3756,91.3836,58.9386,75.7924,263.797,254.5308,180.8273,56.6485,113.577
2023-05-29,36.9649,50.8623,91.957,58.7538,75.8409,264.4794,253.5698,181.4652,56.3367,112.5571
2023-05-30,36.8237,50.5844,92.021,58.9299,75.9549,262.1358,253.3351,180.0226,56.5736,112.326
2023-05-31,37.0323,51.414,92.8686,59.2506,76.0644,261.6474,252.6929,180.8625,56.6608,112.988
2023-06-01,36.8631,51.446,92.5076,59.0575,75.7023,262.8731,251.477,181.1133,57.1173,112.4874
2023-06-02,36.9007,51.169,91.305,58.4695,75.9922,262.5555,252.1659,183.8604,57.1324,113.9144
2023-06-05,36.2995,51.1526,89.5931,57.606,75.5307,263.8651,252.9945,183.1295,56.3291,112.1535
2023-06-06,36.5496,51.3601,90.785,58.308,76.2887,265.6462,252.9537,184.326,56.4609,112.4008
2023-06-07,37.1099,52.35,92.0688,59.2071,77.5723,265.8275,252.8165,185.0192,57.2029,112.2631
2023-06-08,37.2431,52.5048,93.3042,59.1566,78.6429,265.7435,252.7689,184.1731,57.3955,112.3741
2023-06-09,37.6024,53.186,93.5864,60.0834,80.6841,267.88,253.3378,183.6353,57.7143,112.8959
2023-06-12,37.7566,53.477,93.848,59.9317,80.2634,268.5141,254.0693,184.1183,57.2133,112.3546
2023-06-13,37.8303,54.087,95.7385,60.227,80.4157,269.8341,254.4822,186.1299,57.3557,114.0138
2023-06-14,37.7354,53.993,96.3375,60.0147,80.0629,267.4598,252.4613,186.9547,57.2218,113.8897
2023-06-15,38.3153,54.3939,97.6244,60.5429,81.1196,266.9442,252.6513,186.4588,57.6856,114.6751
2023-06-16,38.618,54.9017,98.8492,61.027,81.6374,266.163,252.0629,186.9315,58.0899,114.7596
2023-06-19,37.8148,53.2306,96.4197,60.1884,80.2118,268.596,253.2928,185.3986,56.1175,114.2199
2023-06-20,37.2965,52.5943,93.8553,60.0864,79.24,270.978,254.2337,185.6928,55.2313,113.582
2023-06-21,37.4298,52.7988,94.2592,60.2166,79.209,268.7237,254.8821,184.928,54.7335,112.868
2023-06-22,36.4935,51.6292,90.48,58.9652,77.6737,268.8931,255.7496,184.6903,53.5347,112.1488
2023-06-23,37.0596,52.4665,91.6871,59.7878,79.2514,269.6058,255.5147,184.4291,54.3659,112.1094
2023-06-26,37.2587,52.6468,92.1654,60.694,79.1467,270.094,256.2764,185.4577,53.9456,112.6119
2023-06-27,36.5222,52.2846,90.6892,60.399,78.3458,270.4162,256.371,185.3769,53.6975,113.6699
2023-06-28,36.3877,51.8259,90.7783,60.0631,76.7544,272.4115,257.8809,183.7747,52.9167,112.243
2023-06-29,37.2355,53.3618,93.6381,60.3511,78.0309,271.4192,257.1474,183.6793,53.3123,112.0554
2023-06-30,37.9264,54.9815,96.7628,61.6893,79.6902,271.4725,255.9885,185.1732,54.0178,112.9138
2023-07-03,37.5528,55.1424,95.642,61.4209,80.0491,271.041,256.1052,186.6238,54.0452,114.0776
2023-07-04,36.8602,53.6504,94.7559,60.1776,78.5599,272.4871,256.3698,187.0892,53.2994,113.8366
2023-07-05,36.7356,53.8255,95.4902,60.3144,78.4945,270.3942,254.3932,186.6257,52.9361,114.5299
2023-07-06,36.7837,53.9006,94.2671,60.0349,77.8797,271.391,254.4482,185.7335,53.0406,113.5278
2023-07-07,36.87,54.4991,94.8245,60.0761,79.2111,273.8976,255.5927,185.5726,52.7187,112.9965
2023-07-10,37.87,55.7031,97.5294,61.0983,79.7212,270.5777,255.6039,185.9053,53.6802,112.447
2023-07-11,37.2383,54.43,95.7165,60.4078,78.4625,273.5314,256.27,186.1913,52.7267,112.62
2023-07-12,37.5549,54.9641,96.8305,61.1085,79.1765,274.3036,256.6509,187.1317,52.8652,113.7359
2023-07-13,38.6508,56.3156,99.5279,62.2941,80.3735,272.0672,255.3176,186.1905,53.4233,113.4709
2023-07-14,39.2751,58.2021,100.7951,63.4044,82.0919,273.1139,254.2296,187.106,54.0441,114.6129
2023-07-17,39.1748,58.2096,100.1038,63.5443,81.763,270.1941,252.5784,186.6013,53.9749,115.0143
2023-07-18,38.8721,56.9661,97.9337,63.0828,80.997,270.134,253.3939,188.3004,53.0582,115.4775
2023-07-19,38.9996,56.999,99.2036,63.3946,81.5154,270.3376,252.8287,189.3673,53.3682,116.1994
2023-07-20,39.0053,57.1366,99.3068,63.0621,82.0221,270.9942,252.651,189.0623,53.7926,118.2886
2023-07-21,38.2586,56.0537,98.1182,62.5839,80.3431,273.5066,253.3105,189.3166,54.1257,118.2705
2023-07-24,38.2814,55.8298,96.9094,62.19,80.32,271.7951,252.8753,189.6606,54.4384,119.1922
2023-07-25,37.9914,55.5555,95.1087,61.7267,78.7222,271.2262,252.2834,191.2766,54.537,119.7979
2023-07-26,37.5381,54.0121,92.5357,61.0253,77.2165,271.7261,253.3267,192.5794,53.1911,120.0754
2023-07-27,36.5338,53.0705,89.652,60.1765,75.685,272.1775,253.6166,191.4981,51.5355,119.9538
2023-07-28,35.9083,52.0776,88.7052,60.1638,75.4489,274.7082,254.8105,190.4174,50.7875,117.925
2023-07-31,35.3547,51.3087,88.5377,59.7159,76.5324,276.2955,256.1416,192.6998,51.1808,118.7164
2023-08-01,35.344,50.9564,86.0631,58.6136,75.3374,280.1428,256.8185,193.9343,51.3649,119.0617
2023-08-02,34.6646,50.0004,83.8326,57.6315,73.3385,280.6607,258.8529,192.6468,50.181,118.3299
2023-08-03,34.6148,49.8072,83.1934,57.6022,73.4611,281.2485,258.9132,192.3546,49.8866,118.0173
2023-08-04,35.3445,51.1602,85.4084,58.1816,75.8286,280.2355,259.4522,191.8614,50.763,118.4585
2023-08-07,35.2658,51.5973,85.6738,58.4086,76.9865,278.4789,258.8153,190.1776,50.9761,118.1483
2023-08-08,35.1205,51.641,85.5425,58.5237,76.2813,277.2,258.4632,188.906,50.9213,118.0058
2023-08-09,35.4222,51.2349,85.0858,58.0632,76.064,278.8142,258.0089,186.3249,51.0088,116.4406
2023-08-10,35.6892,50.7064,86.5085,57.879,76.6746,280.3704,258.1721,185.048,51.9304,114.4208
2023-08-11,35.677,50.6365,86.0839,57.8258,77.3981,281.0312,258.3382,182.9764,52.3759,114.4108
2023-08-14,35.133,50.6342,84.8885,57.3152,77.0501,281.2435,257.2181,182.1557,52.7001,114.9677
2023-08-15,34.8687,50.9167,84.4833,57.294,76.4678,284.4673,258.5218,181.9533,51.7961,114.2267
2023-08-16,34.2709,49.8296,82.7885,56.4724,75.7034,285.1683,257.2165,183.4766,51.6671,115.1228
2023-08-17,34.6769,49.6404,82.4946,56.5727,76.314,283.3686,255.8736,185.7318,51.5142,115.6957
2023-08-18,35.0522,50.4388,82.6255,57.8748,76.7581,286.6799,256.5979,186.6571,52.3953,117.6844
2023-08-21,33.9893,49.0147,79.8626,56.4085,75.7298,285.0679,255.9606,186.4695,51.9808,117.8057
2023-08-22,33.8634,48.9759,79.0427,56.109,76.1386,284.8247,255.9813,187.0655,52.0717,118.6162
2023-08-23,33.7643,47.9271,79.5687,56.0877,75.3862,287.7653,255.7946,187.0563,51.6176,117.6655
2023-08-24,33.732,49.2189,81.3359,56.7217,76.4187,286.1612,255.768,187.7169,51.7791,119.5473
2023-08-25,34.2404,50.3958,82.5041,57.4907,77.823,283.2149,254.3719,189.0463,52.2853,120.2965
2023-08-28,34.5832,50.5855,82.0998,58.2647,78.6181,282.2502,255.0751,189.8224,52.6661,121.1598
2023-08-29,35.1291,51.2845,83.9848,59.1536,80.7282,282.0197,255.0311,190.869,53.4009,121.7956
2023-08-30,34.4477,50.6105,81.9283,57.7198,79.4759,283.641,255.966,188.4992,53.057,120.9899
2023-08-31,34.5407,51.1116,82.1158,57.9706,79.9961,284.0354,257.6556,188.5057,53.6718,120.2082
2023-09-01,34.3228,51.2388,81.9103,57.9055,78.6937,284.9372,257.6384,189.0582,53.5192,119.5081
2023-09-04,34.4585,51.7044,82.015,58.5052,79.5368,284.5404,256.05,188.1217,53.8499,119.2637
2023-09-05,34.1786,51.0371,80.9161,58.3501,79.4237,284.4496,256.7457,188.2507,53.5836,118.0332
2023-09-06,34.7678,52.5628,82.1512,58.9017,81.8022,281.4012,255.4175,187.0262,54.5179,118.4917
2023-09-07,35.4191,53.4094,82.648,59.826,82.0387,283.7906,256.2183,187.5468,55.1823,118.9281
2023-09-08,35.3128,53.0568,82.6079,59.8263,82.1588,287.7093,257.1587,187.4718,55.0394,119.2982
2023-09-11,34.4339,52.0626,81.0087,58.9106,81.4972,288.4544,256.9548,186.9452,54.2255,119.3895
2023-09-12,34.3048,52.8506,81.5346,59.1097,81.4675,287.4539,257.4311,186.9722,54.2814,119.1751
2023-09-13,33.7715,51.6002,79.2505,58.9771,81.1716,288.9599,257.2975,186.9766,53.6973,118.8001
2023-09-14,33.7764,50.8602,79.0753,57.9707,80.8285,292.0288,258.2952,186.9528,53.1379,118.3287
2023-09-15,33.7796,50.6049,78.312,57.8808,79.501,290.6971,257.4952,185.6615,52.8764,119.6833
2023-09-18,33.461,49.3065,77.3122,57.3083,78.3878,291.6533,256.5309,183.9211,51.7621,118.171
2023-09-19,33.8735,49.9494,78.432,57.838,78.7752,288.6248,254.5022,182.7116,52.5075,117.3498
2023-09-20,33.7338,50.1709,77.8561,57.8761,77.602,289.8686,254.4692,180.6383,52.7423,115.9862
2023-09-21,34.042,51.0813,78.2948,58.6279,78.8749,289.6762,254.1661,180.3482,53.3274,116.3983
2023-09-22,33.8131,49.9368,78.7253,57.9868,78.2542,290.895,254.1828,179.1278,53.2826,115.3804
2023-09-25,33.8606,49.9386,79.3737,57.8692,79.2464,292.1726,254.6564,179.7605,53.4713,114.9663
2023-09-26,34.0168,50.3067,80.373,58.4087,79.8411,292.3555,254.0874,179.1678,53.4461,114.7975
2023-09-27,33.8684,49.5767,80.1777,57.5764,79.2625,287.4119,252.3099,177.6402,53.7982,114.7627
2023-09-28,34.022,50.0931,80.7138,57.3097,79.8269,284.2286,250.92,177.6855,53.3002,115.447
2023-09-29,33.8697,49.57,80.4539,56.7984,79.539,285.7321,251.0459,177.2495,52.7828,114.1405
2023-10-02,33.8182,49.8979,80.7678,56.948,79.5291,288.0871,251.7938,175.8071,52.7315,114.6533
2023-10-03,34.0832,49.1989,80.6964,56.298,79.183,286.166,253.0299,174.6051,52.9369,112.094
2023-10-04,33.8843,48.8188,79.9463,56.0838,78.7122,285.3013,252.3121,173.8028,52.7867,110.8801
2023-10-05,34.1613,48.9207,80.0934,56.479,79.3123,284.7647,253.7965,172.1936,53.6737,110.3211
2023-10-06,34.6923,49.5205,81.1902,57.0148,80.2865,282.9231,253.4073,171.6573,54.1072,110.1732
2023-10-09,34.6456,49.8052,80.5729,56.7432,80.0255,284.2744,253.153,171.9529,53.8843,110.9155
2023-10-10,34.3978,49.2378,79.7363,56.3757,79.0366,284.9765,254.0236,172.3222,52.8378,109.4261
2023-10-11,34.5593,49.5285,79.6303,56.7028,79.9917,284.7177,255.6087,171.4155,53.0803,108.5758
2023-10-12,34.1825,48.9213,77.8916,57.0741,78.593,286.1536,256.3943,172.3365,52.4832,109.3871
2023-10-13,34.659,50.4848,79.1886,58.334,80.2287,287.9674,256.025,171.6309,52.9924,109.6213
2023-10-16,35.0646,51.4396,80.0422,58.548,81.7532,286.3031,256.9384,172.4321,53.7689,109.6332
2023-10-17,35.1648,51.6725,80.8401,59.0807,82.5277,285.8158,256.1026,174.1144,54.4368,111.2925
2023-10-18,35.3655,51.8049,80.919,59.1051,83.6038,289.5704,257.0594,174.2122,54.0857,110.279
2023-10-19,34.8982,50.502,80.1748,57.9487,82.9049,290.508,258.3629,175.2586,53.3039,109.948
2023-10-20,34.6342,49.3598,79.7724,57.6935,82.5749,292.0424,257.2486,175.2147,52.5047,111.6326
2023-10-23,34.6276,48.973,79.1865,58.1229,82.0328,292.1116,257.4319,174.0236,51.6217,110.3788
2023-10-24,33.8114,48.3762,77.8603,57.7299,81.0249,295.1726,258.5265,172.9005,51.1898,107.9739
2023-10-25,33.2302,47.5075,76.4506,56.8173,80.5239,299.1192,259.9885,174.7537,50.8932,109.288
2023-10-26,33.3866,47.6682,76.9679,56.9587,80.7219,298.2829,260.0856,176.4648,51.184,108.5242
2023-10-27,33.4059,47.1311,76.5498,56.8355,79.8441,297.02,259.6611,176.4997,51.014,109.004
2023-10-30,32.3267,44.6097,73.2916,54.7064,76.6429,297.6246,260.5424,176.6905,49.4581,109.8432
2023-10-31,32.8276,45.504,74.0045,54.5499,77.2716,296.5423,261.3653,176.7301,50.0993,109.0629
2023-11-01,32.4681,44.5778,72.9759,53.9096,75.4072,299.8808,263.7963,176.2004,48.8763,108.9272
2023-11-02,32.2645,44.2315,72.133,53.7839,74.8838,300.4614,264.2019,175.1805,48.5919,107.7715
2023-11-03,32.1711,43.9294,72.0693,53.1,73.3355,299.7791,263.7702,173.301,48.5372,107.6744
2023-11-06,31.867,43.6563,70.3369,52.7058,72.9857,299.9791,264.0409,174.0849,48.1391,106.2039
2023-11-07,32.5106,45.1461,72.6573,54.0204,75.1233,297.2195,261.9678,175.6312,49.154,106.2475
2023-11-08,33.03,45.3359,73.642,54.3449,75.7723,297.9739,262.5991,176.298,49.2757,106.448
2023-11-09,32.5785,45.2163,73.7463,53.9074,76.0186,299.289,263.112,174.8848,48.9768,105.4836
2023-11-10,32.6341,45.1867,73.1698,54.0672,76.7246,298.8957,263.5413,176.0544,48.6299,104.4383
2023-11-13,33.1732,45.7053,74.9203,54.863,78.1042,304.1981,264.3651,176.924,48.9565,105.0983
2023-11-14,33.3321,45.9817,75.9514,54.6323,78.4487,305.183,264.6141,175.2529,49.2473,103.7004
2023-11-15,33.2034,45.6845,75.7352,54.2519,78.0505,305.9323,264.7866,174.2553,48.9639,102.5629
2023-11-16,33.4155,45.66,76.1319,54.4997,78.9707,304.7931,264.3307,176.2498,49.2988,103.0422
2023-11-17,34.3962,47.3757,77.6974,55.3195,80.5779,301.9186,263.2575,174.1718,50.3495,102.184
2023-11-20,33.9164,46.6234,75.9402,55.2045,79.9888,302.2336,262.7209,172.6302,49.3355,102.2464
2023-11-21,33.4444,46.2948,74.7756,54.9675,79.649,303.2586,263.4255,172.5672,48.4377,102.0141
2023-11-22,33.5722,46.3012,73.9309,54.4854,79.2242,302.4521,262.2547,171.8741,48.3819,101.3907
2023-11-23,33.2268,45.7601,73.675,53.8647,78.9156,302.9949,261.36,169.4559,47.8314,101.3125
2023-11-24,33.8939,46.0074,74.1747,54.888,79.9148,302.7919,260.1253,170.2263,48.2319,102.1066
2023-11-27,34.2943,46.2177,74.9282,55.0463,80.4817,301.9008,260.0761,168.7741,48.6818,101.9146
2023-11-28,34.0717,45.4306,73.6423,54.4468,78.5074,302.5612,259.5352,168.3496,47.7664,100.593
2023-11-29,34.2372,45.0267,73.7844,54.8015,78.268,304.3241,260.7955,166.3196,46.9273,100.4101
2023-11-30,34.1055,45.1151,73.9564,55.1494,79.4453,303.5571,260.8475,165.3837,47.4732,100.3732
2023-12-01,33.9652,44.3517,73.8897,54.8978,78.4472,304.4427,261.1046,165.7274,47.579,99.9498
2023-12-04,33.7578,44.1702,73.3341,55.0973,78.3991,300.2367,260.7588,166.5116,47.8823,100.5608
2023-12-05,33.3459,44.0697,72.5262,54.4977,77.4455,296.9346,261.6529,166.9664,47.2155,101.3017
2023-12-06,32.96,44.0213,71.963,55.0235,75.9177,296.0991,260.5818,168.9146,47.0732,101.3614
2023-12-07,33.2133,44.008,73.311,55.4467,76.7137,292.2469,259.9243,166.9941,47.078,101.3616
2023-12-08,34.0599,45.4996,76.3774,56.9108,78.1585,290.7145,260.3003,167.0752,47.8532,101.5365
2023-12-11,33.3907,44.9361,74.0534,55.8433,76.8519,291.2468,260.4562,166.2203,46.9727,100.5683
2023-12-12,33.2941,45.8928,73.208,56.1362,77.6178,290.9523,259.9109,166.307,46.8156,100.6639
2023-12-13,33.0946,46.1185,73.5781,56.3387,77.7843,290.4278,259.3968,166.2483,47.0419,100.4861
2023-12-14,33.0477,45.0518,73.1374,55.4993,77.0933,292.2907,259.0888,165.378,46.5118,100.5204
2023-12-15,32.9397,44.9135,73.7059,54.9542,76.2008,293.1842,258.6738,165.2562,46.8029,100.3171
2023-12-18,32.7486,45.2647,73.9221,54.8614,76.5477,291.3812,259.1751,166.8061,46.8698,101.4064
2023-12-19,32.686,44.9836,74.2706,54.9552,76.0651,292.8885,259.5862,167.2885,45.9203,100.8219
2023-12-20,32.9537,45.1561,74.893,54.3075,74.8163,292.0899,259.5721,167.0166,45.4033,100.8968
2023-12-21,32.9785,44.7575,75.4754,54.204,75.2967,290.7906,258.7873,169.2476,46.0908,103.2242
2023-12-22,31.8791,43.7318,74.1359,53.6592,74.4514,290.7279,258.2001,170.1758,45.3634,102.2001
2023-12-25,32.0571,42.627,72.8978,53.0149,74.8044,293.6357,258.3154,170.7434,45.1336,102.0124
2023-12-26,31.7013,42.2344,72.7093,53.3047,75.8663,293.1406,259.0312,171.281,45.0853,102.6964
2023-12-27,31.4771,41.8933,72.3596,52.7776,75.9808,294.4851,259.2542,171.0499,45.3657,104.6051
2023-12-28,31.5967,42.2738,73.0885,52.9453,76.9601,295.1894,259.1313,171.4773,45.1447,104.7855
2023-12-29,31.7836,42.4083,73.8781,53.3449,78.2914,295.1804,258.7921,172.2169,45.838,105.0173
2024-01-01,31.963,42.4975,75.0392,54.0673,78.0843,297.5465,259.6759,172.3731,46.3452,104.1551
2024-01-02,31.1249,41.7162,73.2372,53.101,75.9113,298.6251,260.8304,171.1004,45.6407,102.8988
2024-01-03,31.9771,43.1577,75.9676,53.8124,77.5667,295.0081,259.3721,169.4238,46.7928,103.6514
2024-01-04,31.8604,42.6808,75.3389,52.9781,77.5676,296.2822,260.0855,169.5087,46.2664,104.081
2024-01-05,31.3233,42.206,73.7349,52.6372,76.192,295.0776,258.9553,168.931,45.399,103.4602
2024-01-08,31.6341,43.0084,74.54,52.943,77.5307,293.7622,257.946,169.3913,46.2067,102.8362
2024-01-09,31.4699,43.1333,73.2619,53.1394,77.6229,290.4872,256.1527,169.4271,46.2926,103.932
2024-01-10,31.373,42.771,73.3805,53.1165,77.6929,294.3816,256.1664,169.6201,46.3608,103.3057
2024-01-11,31.0236,42.8654,72.6308,52.7199,76.3541,294.1047,256.8775,168.4442,46.1981,103.7317
2024-01-12,30.4437,42.4697,71.1575,52.205,75.5786,298.1827,258.5934,168.7883,45.3945,102.1944
2024-01-15,30.168,41.7735,69.2619,51.4267,74.4242,297.3529,258.6347,168.8381,45.4253,101.6232
2024-01-16,30.1519,41.5146,69.1777,51.3317,75.1055,296.1558,258.6814,170.6734,45.3898,102.1189
2024-01-17,29.7404,41.1175,68.4074,50.6616,75.1546,295.2946,259.1656,171.7561,45.2983,102.844
2024-01-18,29.5932,41.2679,67.9823,50.9557,74.787,294.7331,257.9334,171.2943,45.2276,102.37
2024-01-19,30.0147,42.2734,68.5774,51.2305,76.647,293.39,257.8444,171.1294,45.9467,102.2347
2024-01-22,29.6422,41.4955,67.8282,51.0184,76.2699,290.654,257.6714,171.7685,45.7592,102.5663
2024-01-23,30.3275,42.7546,69.8235,51.7482,77.0894,289.2621,257.5773,173.1687,46.5384,104.3766
2024-01-24,30.4044,41.9287,69.3009,51.3917,76.6978,292.6289,258.1504,173.678,46.6682,105.1765
2024-01-25,30.5312,42.1097,69.0817,51.4877,77.9309,294.6747,258.1871,175.8508,46.3244,104.6783
2024-01-26,29.8814,41.6781,67.8475,51.6358,76.3623,295.3225,260.9744,175.7365,45.556,103.0124
2024-01-29,29.7391,40.9525,67.7856,51.3487,75.8445,294.4107,259.8301,175.9246,45.2614,102.2847
2024-01-30,29.753,40.5938,67.9152,51.1629,75.1842,293.3931,261.1038,175.6848,45.3199,100.8416
2024-01-31,29.3653,40.0058,66.9952,50.5919,73.8469,293.6464,260.7655,177.4692,45.102,101.2313
2024-02-01,29.3668,40.2581,66.6515,50.0803,73.2316,291.7096,261.3936,177.6159,45.0484,100.3665
2024-02-02,29.3275,40.113,65.8791,49.8076,72.2149,293.6994,261.6396,176.6474,44.6071,99.4817
2024-02-05,29.4775,39.8604,65.8067,50.5327,72.2546,292.5074,260.7563,178.1111,44.8733,100.5281
2024-02-06,28.8995,38.4873,63.5868,49.7323,71.6839,295.7991,260.7611,177.6792,44.1831,99.4987
2024-02-07,29.1062,38.3584,63.94,49.9057,71.589,297.4914,262.3941,180.3059,43.9837,99.6238
2024-02-08,28.6669,37.0899,62.5828,48.7344,70.458,298.6893,263.6916,179.3984,43.5346,98.1444
2024-02-09,28.7725,37.1041,62.6008,48.6628,70.9788,298.0834,263.7099,179.5027,43.6257,99.1575
2024-02-12,28.7775,37.1217,62.7117,48.7148,70.4351,297.9135,264.8972,179.9108,43.5694,99.6584
2024-02-13,29.1381,37.8157,64.1052,49.2242,71.1367,296.7134,263.0876,179.4848,43.5289,99.9525
2024-02-14,29.5005,38.5959,64.2841,49.6244,71.9999,296.6889,263.2318,180.552,43.7094,100.2557
2024-02-15,29.3608,38.4784,63.7284,49.571,71.3254,296.9281,263.1236,179.5731,43.7306,100.2077
2024-02-16,29.2032,38.6529,63.3383,49.6095,71.5147,299.7645,264.4773,179.9124,43.5091,101.2937
2024-02-19,29.2581,39.0367,64.6478,49.6937,72.5575,295.8157,263.4205,181.4919,43.7798,101.4045
2024-02-20,28.8423,38.5391,64.3406,49.5544,71.0905,295.4788,263.2328,182.5182,43.4796,101.1805
2024-02-21,28.9759,38.4441,64.4069,49.5506,71.0541,294.6514,264.2328,185.5537,43.5977,101.4683
2024-02-22,28.855,38.0141,64.4447,49.138,70.4319,296.0917,263.8554,186.0954,43.7506,100.9076
2024-02-23,28.7164,37.8988,64.5983,49.3236,69.8801,297.7872,264.3519,186.197,43.7594,100.9899
2024-02-26,28.4843,37.3631,63.3918,48.7172,69.0836,299.2773,263.8991,186.0973,43.1838,101.4223
2024-02-27,29.2184,39.1711,65.3986,49.446,70.7016,296.0034,262.702,185.4687,43.738,101.4625
2024-02-28,28.7196,38.6462,64.8556,48.9085,70.1905,298.3555,263.4949,183.7274,43.6032,101.0925
2024-02-29,28.5838,38.7894,65.2874,49.1375,70.4897,300.2711,263.6532,185.5646,44.0617,101.4864
2024-03-01,28.1009,38.1018,64.1524,48.8407,69.9092,301.5399,263.3738,184.9077,43.0595,99.3546
2024-03-04,28.1871,38.3334,64.6498,49.0009,70.4403,301.4337,263.4954,185.7867,43.3109,99.3683
2024-03-05,28.1773,38.7884,64.3062,49.4368,70.9334,300.6881,263.5246,187.3097,43.9635,99.7496
2024-03-06,28.4639,38.9738,65.2585,49.7034,71.0599,301.1012,265.0287,187.6998,44.0082,99.7526
2024-03-07,28.1646,38.4126,63.8512,49.27,69.8154,300.9526,264.6536,188.4081,44.4444,99.8143
2024-03-08,28.5441,38.5527,64.1508,49.3569,70.174,299.3031,264.6788,187.4852,44.4938,100.0697
2024-03-11,28.4487,38.5851,63.361,49.8757,70.3929,301.4806,263.9215,187.2098,44.2707,99.6366
2024-03-12,28.5767,38.8103,63.2705,50.0376,71.1351,302.4552,264.3775,186.5786,44.2406,99.3572
2024-03-13,29.0615,39.3633,64.6462,50.3842,72.9991,300.5244,262.1836,186.0669,44.4936,98.9196
2024-03-14,29.2094,39.234,64.7956,51.0808,73.2073,301.5268,263.1307,187.0207,44.0223,99.4121
2024-03-15,29.5283,39.889,65.4454,51.686,74.4206,303.0544,263.4332,187.6085,44.338,101.3576
2024-03-18,30.0362,40.9999,67.1902,52.5861,76.2158,302.4239,263.4876,185.8914,44.9108,100.9578
2024-03-19,30.0425,41.4079,68.5023,53.4945,76.5193,303.7034,264.5661,186.7786,44.9773,100.9768
2024-03-20,30.0996,41.7575,68.9442,53.905,76.7536,302.0205,265.2572,184.59,44.9898,101.2576
2024-03-21,30.0901,41.3658,68.6173,53.9337,77.864,304.0938,265.691,183.7012,45.1844,101.9075
2024-03-22,29.7297,41.1428,68.2241,53.7595,77.9933,306.4836,266.7854,180.8613,45.2039,101.2095
2024-03-25,30.2931,41.5139,69.535,54.5819,79.2975,311.8889,268.0708,180.7465,45.5076,101.8837
2024-03-26,30.4338,41.203,69.1343,54.6937,80.0057,311.5573,269.0014,181.6455,45.735,101.763
2024-03-27,30.0808,40.6137,69.3254,54.2658,78.5405,312.3225,269.4584,180.0241,44.9547,100.4197
2024-03-28,29.9717,40.878,69.885,54.292,78.1496,312.5569,268.6742,178.1087,45.0361,100.8106
2024-03-29,30.507,41.2187,69.9466,54.5114,78.089,311.8369,267.6573,176.9568,45.3286,101.3016
2024-04-01,30.2918,40.4006,68.4815,54.0826,77.4272,312.6654,268.9552,177.419,44.7681,101.2847
2024-04-02,30.531,40.7078,69.3807,54.7098,78.033,311.7559,269.3076,180.162,45.1464,101.2166
2024-04-03,30.3958,40.7768,68.8193,54.7072,77.6994,314.8312,269.9068,180.2504,44.8639,100.8864
2024-04-04,30.2927,40.5167,69.0491,54.8717,77.4837,314.5366,271.182,178.7688,44.467,100.1904
2024-04-05,30.136,40.2986,68.4053,55.1622,76.1144,316.8757,271.9015,178.7955,44.6742,99.2058
2024-04-08,30.2274,40.601,69.6367,55.7365,76.9876,317.6772,272.4996,177.9518,45.0519,98.6047
2024-04-09,30.1961,40.56,69.6514,55.7161,76.1485,321.7654,273.6094,178.8897,44.8195,99.4846
2024-04-10,30.5817,40.8335,71.1481,55.9919,75.9522,324.7055,274.9432,179.4978,44.3675,98.3817
2024-04-11,30.524,40.7744,71.3187,56.3494,75.1387,324.8209,274.9152,178.8687,43.648,98.444
2024-04-12,30.1651,40.6435,70.0646,55.7357,74.1676,320.4887,273.2796,179.5085,44.0632,98.3993
2024-04-15,29.8706,40.4603,70.8458,56.2207,74.1126,322.2706,274.167,179.8509,43.8642,97.2771
2024-04-16,30.0542,41.1987,71.8785,56.2463,75.1683,324.2658,276.5005,179.729,44.111,97.393
2024-04-17,29.8017,40.9601,71.6847,56.2952,74.0186,323.7379,277.89,179.3649,43.6292,96.9771
2024-04-18,29.6666,40.2055,71.5609,56.0573,73.3985,325.9017,278.5278,179.3272,43.298,96.4119
2024-04-19,29.6123,40.67,71.462,56.3418,72.9332,325.961,278.1904,179.3031,43.4373,96.3272
2024-04-22,29.4895,40.4088,69.9347,55.523,71.9724,328.1358,279.3114,176.513,43.184,95.3929
2024-04-23,28.9782,39.7907,68.9196,55.2323,71.2018,327.5313,279.5793,177.3,42.8216,95.4667
2024-04-24,28.463,38.8268,68.1387,54.025,70.3895,329.0059,280.4529,177.6039,41.9857,95.6434
2024-04-25,28.82,38.995,69.3969,54.1666,70.1077,328.9555,280.2117,175.0448,42.1668,95.1761
2024-04-26,28.9257,38.2888,69.8073,54.2696,70.0154,326.6519,277.5477,175.4816,42.0719,94.3466
2024-04-29,28.5384,38.0116,69.3314,54.1194,68.5873,332.0025,280.428,176.1668,40.9872,91.9301
2024-04-30,28.447,37.2753,68.3362,53.3452,67.1773,334.8873,280.2079,175.2318,40.3604,91.6439
2024-05-01,29.393,38.9494,71.2956,54.995,69.1023,329.6407,278.91,174.6091,41.3042,92.4414
2024-05-02,30.1462,39.4464,73.5994,56.0647,70.5734,330.3923,280.0817,174.946,41.911,92.144
2024-05-03,29.5074,38.1989,71.8448,55.0164,69.0722,335.0309,282.2298,173.8851,41.5034,91.2151
2024-05-06,29.5554,38.3652,71.7327,55.4039,68.5237,335.7913,283.1335,173.8572,41.3445,90.5424
2024-05-07,29.9439,38.6912,72.3901,55.6502,68.8691,338.8831,284.1734,173.998,41.5056,89.9119
2024-05-08,29.8268,38.402,70.5612,55.5061,68.1504,342.7857,286.1755,175.8804,40.753,90.2095
2024-05-09,30.2776,39.014,71.6419,55.6822,69.1654,340.3,284.6768,176.9491,41.3921,90.8057
2024-05-10,30.547,39.4794,72.8329,55.7893,70.3341,337.7629,283.9937,176.3754,41.5512,90.4224
2024-05-13,30.7022,39.5897,73.3592,56.4467,71.2624,337.4375,282.7162,177.6589,41.809,92.2607
2024-05-14,30.7168,39.0357,73.1127,56.3684,70.9059,339.1964,282.9305,178.4712,41.7288,91.7602
2024-05-15,30.5302,38.7889,72.0278,55.666,70.5176,338.9917,283.5062,174.9364,41.3417,91.0877
2024-05-16,30.4183,39.1445,70.9587,56.2089,69.9632,337.6743,283.3708,175.9788,40.963,90.9449
2024-05-17,30.9243,39.8645,73.4568,57.773,72.2323,337.7004,282.8261,175.9798,41.8362,92.2523
2024-05-20,31.1209,40.1034,74.1842,58.4601,72.481,339.221,282.4216,176.9937,42.1744,93.44
2024-05-21,30.6852,39.1245,72.2975,57.0972,70.1745,337.811,282.0735,178.0065,41.9847,92.8231
2024-05-22,30.7487,39.5272,73.5318,57.403,71.3348,339.3228,280.7758,178.0971,42.6155,93.4264
2024-05-23,30.8978,39.5259,74.0757,57.1913,71.0266,336.2219,279.579,177.6624,43.162,94.3753
2024-05-24,31.118,39.8855,74.5537,57.4064,71.3199,334.8656,278.7417,177.4007,42.9923,94.4743
2024-05-27,31.1356,40.0435,75.1756,57.2291,70.9232,332.5955,277.4359,175.4088,43.2656,93.7105
2024-05-28,30.8304,39.1468,73.0983,56.0487,70.9763,332.4853,278.6357,177.5855,42.268,93.6307
2024-05-29,30.8143,40.094,73.5951,55.6652,72.3199,331.5313,278.6912,177.2773,42.8229,93.2318
2024-05-30,30.9371,39.7681,73.8705,55.4791,72.7388,333.5391,279.2883,177.9052,43.1018,92.8116
2024-05-31,30.8988,40.0525,73.332,54.6407,72.5653,337.0526,281.3024,176.8652,43.0473,91.6118
2024-06-03,30.148,39.7037,71.5915,53.8554,72.0243,339.0229,281.901,176.6197,42.4384,91.3157
2024-06-04,30.2439,39.6141,71.244,53.8315,71.6495,337.1989,281.8831,176.8529,42.4197,90.0415
2024-06-05,30.1929,38.809,70.7582,53.3308,71.776,336.1436,282.0632,176.0155,42.0808,89.3431
2024-06-06,30.0516,38.7032,70.8307,52.8344,71.2554,334.6316,281.5452,174.7194,41.9328,88.0414
2024-06-07,29.7055,38.2253,69.6187,52.5575,71.6928,337.304,281.5323,176.438,41.6951,88.4327
2024-06-10,29.1783,37.735,67.5829,51.8763,70.7786,336.8321,281.8353,176.4105,40.8541,87.5838
2024-06-11,29.3511,37.1991,67.5773,51.6966,70.2634,339.7206,281.4765,176.3553,40.4546,87.2336
2024-06-12,28.7127,36.5748,65.7247,50.6238,68.8267,341.3999,282.3351,176.646,40.4042,86.8905
2024-06-13,28.6168,36.9427,65.6101,50.6996,69.0565,338.8914,280.7161,177.8338,40.5666,87.4765
2024-06-14,28.8341,37.5324,65.0661,50.8048,69.14,339.9747,280.8347,177.9257,40.721,85.3807
2024-06-17,28.5155,37.2942,65.2607,50.6382,69.1112,337.4119,281.3049,177.0804,40.6303,84.8034
2024-06-18,28.3754,37.0184,65.407,51.1162,68.9341,337.1408,280.4564,177.3189,40.5691,85.978
2024-06-19,27.9996,36.2818,64.1518,50.3535,68.0554,337.8158,280.9207,176.5399,40.0473,85.5302
2024-06-20,28.4429,37.3212,65.2928,51.0641,69.6653,339.5225,280.7679,177.1653,40.3306,85.8694
2024-06-21,28.3239,37.2348,64.1614,50.7718,69.4993,337.6595,280.2694,176.2007,39.7285,85.9983
2024-06-24,27.8083,36.4903,62.3751,50.0488,69.3826,338.0035,281.1341,175.4845,39.3654,85.2703
2024-06-25,27.3573,35.7822,61.1811,49.4085,69.07,341.6758,282.2441,175.9004,39.3252,85.4997
2024-06-26,27.1141,35.2656,60.2785,49.1197,69.6826,344.757,282.2405,176.5004,38.8263,86.4139
2024-06-27,26.4404,34.4645,58.713,48.4501,68.3491,346.9467,283.3568,178.3194,38.0882,86.6529
2024-06-28,26.1511,34.09,58.2389,47.9831,67.0129,345.1527,282.3098,179.3428,38.2503,86.4034
2024-07-01,25.5377,33.3014,57.2572,47.0389,65.3681,346.8844,283.4244,178.7445,37.4257,85.895
2024-07-02,25.3146,33.1823,56.3425,46.7351,64.8252,347.0163,282.4144,179.1622,37.3459,85.5407
2024-07-03,24.8045,32.2164,54.7211,45.6104,62.8522,351.8396,284.7626,177.1264,37.5552,85.2156
2024-07-04,25.1662,32.766,55.7049,46.0685,62.525,353.5553,286.7479,176.789,37.8916,84.4074
2024-07-05,25.0752,32.6144,55.4161,46.018,63.0503,357.4742,288.8682,178.2103,37.8761,83.9872
2024-07-08,24.7234,32.0881,54.8042,46.0249,61.6634,360.2099,291.206,177.0639,37.7553,83.5888
2024-07-09,24.4421,31.6454,54.3225,46.2943,61.4906,364.3343,292.9277,176.7039,37.5945,83.752
2024-07-10,24.4829,31.2923,53.7983,45.823,61.9628,363.154,293.6545,177.8788,37.1271,83.3703
2024-07-11,24.3154,31.1183,53.9117,45.7845,61.4356,360.3392,294.8127,176.1394,36.6477,82.0368
2024-07-12,24.1633,30.9634,53.5919,45.7693,61.1754,363.8583,294.8201,176.1189,36.5367,81.0922
2024-07-15,24.2853,31.325,53.7543,45.8862,61.2739,363.0419,293.8903,178.9447,36.847,80.9477
2024-07-16,24.2525,31.5459,53.2646,45.5395,61.4608,364.6235,296.7462,177.5017,36.5942,80.071
2024-07-17,24.1386,31.7299,53.2379,45.8746,60.8243,368.7757,299.1918,178.2857,36.7487,79.5466
2024-07-18,24.0942,31.161,52.8264,45.7859,60.3975,370.6276,298.7573,177.8512,36.8906,78.9903
2024-07-19,23.9436,30.5931,51.9586,45.5625,60.4411,371.5604,298.4672,177.0883,36.8411,78.5325
2024-07-22,23.7678,30.0855,51.5145,45.5342,59.8847,376.0738,300.521,177.9076,36.4349,78.7687
2024-07-23,23.6296,29.7802,51.4238,45.3792,58.6828,374.7816,299.1149,178.5184,35.793,78.7356
2024-07-24,23.5216,29.4034,50.6606,45.0321,58.7113,375.5907,298.8076,178.6225,35.5204,78.1455
2024-07-25,23.1831,28.4957,49.1516,43.9508,56.9542,382.918,302.2288,178.0471,34.4054,77.0746
2024-07-26,23.3801,28.5001,49.0281,43.9524,57.1811,385.103,304.5873,178.1076,33.9411,77.9365
2024-07-29,23.627,28.5537,48.4459,44.2462,57.4519,387.512,305.8278,178.57,34.0094,78.74
2024-07-30,23.4383,27.8174,48.3547,43.8846,56.7464,393.074,307.6049,178.1306,33.8215,78.4531
2024-07-31,23.173,27.9479,47.7657,43.5835,57.4173,395.6163,308.8789,178.5158,33.2226,78.771
2024-08-01,23.1089,27.7149,47.1137,43.7169,57.2974,397.5599,310.0312,176.952,32.8938,77.8421
2024-08-02,23.2191,27.9389,46.8316,43.7858,57.3939,397.4624,308.7306,178.4028,32.965,78.8756
2024-08-05,22.842,26.9445,45.3673,43.1129,56.3371,402.7964,308.9421,178.663,32.2281,78.7182
2024-08-06,22.6401,26.9016,44.9372,43.0011,56.1853,404.4529,310.0443,178.373,31.7812,78.8422
2024-08-07,22.5514,26.6974,45.0509,43.1895,55.8244,406.9966,312.0774,176.4237,31.7958,78.7913
2024-08-08,22.2411,26.4891,44.1296,42.9904,55.39,407.2928,313.1955,177.0961,31.2397,78.8992
2024-08-09,22.4177,26.6344,43.9279,43.1987,55.5005,401.5201,313.3104,177.2548,31.0001,78.7836
2024-08-12,22.0513,26.3835,43.3312,42.6182,54.8223,404.5396,315.437,177.6938,30.342,78.5469
2024-08-13,22.0313,26.0173,43.1629,42.5008,54.478,409.1891,318.2957,177.5861,30.2472,77.5146
2024-08-14,21.4735,25.5725,42.1594,41.6397,52.7531,409.4073,319.2047,177.8213,29.7329,76.852
2024-08-15,21.6595,25.7353,42.5826,41.5387,53.4988,415.7318,321.2631,177.8714,29.6572,77.2326
2024-08-16,21.4549,25.2273,42.1007,41.2689,52.8026,412.2914,320.4345,178.626,29.5902,76.9829
2024-08-19,21.1295,25.0392,41.3268,40.6048,52.0808,417.4318,321.7741,177.7373,29.2455,77.8437
2024-08-20,20.9091,24.7116,40.0077,39.847,50.9009,421.0797,321.9526,178.79,28.3958,78.2707
2024-08-21,20.5344,23.8936,38.7985,39.2619,49.8206,425.8519,323.02,178.1742,28.1321,77.3631
2024-08-22,20.4745,23.7945,38.3884,39.0653,49.1382,427.6916,323.124,176.8541,28.1924,77.4255
2024-08-23,20.1229,23.3765,37.3336,38.4737,48.633,429.1569,324.4651,177.1526,27.7206,76.6604
2024-08-26,20.0011,23.2255,37.1339,38.6486,48.8117,437.0475,326.7224,178.9523,27.4608,77.3275
2024-08-27,20.1431,23.3565,36.4974,38.6361,48.588,437.628,324.7483,178.8801,27.7264,76.9701
2024-08-28,20.3474,23.8366,36.8163,39.4339,48.9181,437.2532,326.0211,179.4846,27.7739,77.2268
2024-08-29,19.822,23.1769,35.8034,38.6217,47.369,441.3332,327.4786,181.6365,27.2814,77.5041
2024-08-30,19.7529,23.1529,35.2731,38.411,47.1281,441.8165,326.4968,183.2643,27.1558,78.66
2024-09-02,19.2123,22.5473,34.3047,37.4561,45.6919,444.0503,328.0835,182.0382,26.5873,78.1476
2024-09-03,18.9661,22.3452,34.0249,37.2062,45.1537,440.284,328.1112,183.0679,26.4639,78.4556
2024-09-04,18.9834,22.3731,34.056,37.8703,45.5045,438.7383,326.7801,185.6596,26.6632,79.0225
2024-09-05,18.5533,22.0835,33.6806,37.1736,44.6653,438.1122,327.7252,186.6249,26.5844,78.8817
2024-09-06,18.323,21.8657,33.4425,36.6129,44.0226,438.3192,326.7341,187.4766,26.697,78.4401
2024-09-09,18.2316,21.7061,33.661,36.4339,43.5645,438.6501,327.5229,188.895,26.659,79.6184
2024-09-10,18.2026,21.6432,33.5211,35.9764,43.5647,436.7091,327.5651,187.6929,26.4878,78.891
2024-09-11,18.4883,21.953,33.9026,36.1473,43.8588,433.4038,326.0983,190.4709,26.6541,79.7783
2024-09-12,18.3522,21.6453,33.4548,35.6401,43.5405,435.0769,326.1594,191.0411,26.579,78.9303
2024-09-13,18.1024,21.0268,32.8583,35.1269,42.8592,435.068,326.6548,190.7019,25.9966,78.8449
2024-09-16,18.2565,21.5212,33.2596,35.1401,43.7457,434.6765,328.4236,191.9811,26.6296,78.4869
2024-09-17,18.4917,21.7053,33.5857,35.5714,43.7422,432.877,327.5283,191.735,26.7921,78.2248
2024-09-18,18.427,21.7129,33.5442,34.911,43.3921,433.0283,327.5572,191.6379,26.3514,78.2392
2024-09-19,18.6442,22.0207,34.1781,35.1876,44.0145,428.7113,328.8716,192.0007,26.5673,78.4767
2024-09-20,18.7124,22.2499,34.4824,35.1652,43.8661,429.9001,328.5092,192.6727,26.4823,78.224
2024-09-23,18.6315,22.3922,34.2285,35.3587,44.2641,432.2236,329.3302,191.9595,26.416,78.1838
2024-09-24,18.8766,22.8077,34.267,35.6756,44.095,433.5696,329.5807,194.0033,26.3168,78.2231
2024-09-25,19.2974,23.2803,34.8525,36.3153,44.3955,432.3277,329.6873,193.8369,26.5494,78.2292
2024-09-26,19.1561,23.0591,34.6706,35.9648,43.4768,431.2095,328.5604,193.4564,26.0349,78.0717
2024-09-27,19.2788,23.4981,34.8987,36.1395,43.5943,430.0386,327.24,194.8087,26.1475,78.8668
2024-09-30,19.2797,23.9071,34.7549,36.2405,43.5693,428.2894,326.5726,193.0613,26.0386,78.1534
2024-10-01,19.1693,23.7502,34.9367,36.349,43.7043,427.7343,326.0723,193.7339,25.933,78.7864
2024-10-02,19.1067,23.8262,35.0347,36.4701,43.6004,423.8409,325.5937,193.2234,25.8034,78.8762
2024-10-03,19.079,23.6836,35.108,36.4171,43.2695,424.397,326.2755,194.1227,25.7459,79.1465
2024-10-04,18.8836,23.4146,34.5304,36.1223,42.3532,424.1683,325.5438,193.4379,25.6872,78.588
2024-10-07,18.9626,23.4026,34.3733,36.0838,41.9442,427.2951,326.04,193.2273,25.7207,77.5981
2024-10-08,18.9111,22.9477,34.4182,36.0075,41.8282,427.4506,327.2016,192.7353,25.8014,77.3437
2024-10-09,19.0155,23.1974,34.7291,36.6988,42.4646,423.6722,326.7926,192.8363,25.9375,76.9326
2024-10-10,18.7362,22.9896,34.0965,36.2578,41.8318,423.5706,326.7888,192.8263,25.6861,76.922
2024-10-11,19.0458,23.4303,34.6196,36.7668,42.9392,419.9929,326.0064,190.9329,26.1591,76.7313
2024-10-14,18.9995,23.5318,34.4239,36.5982,42.5314,419.9913,325.2562,189.5879,26.2863,76.4456
2024-10-15,19.1352,23.5116,34.5738,36.6361,42.3668,417.4903,326.1164,189.6503,26.131,76.2815
2024-10-16,19.3447,23.5271,34.2507,36.2651,42.3237,413.4369,325.8503,189.863,26.3616,76.2361
2024-10-17,19.829,24.2905,35.22,36.8564,43.5902,412.6243,323.4939,189.357,26.6317,75.8287
2024-10-18,19.774,24.2944,34.9128,36.9284,43.497,413.0899,323.345,188.4899,26.4524,75.9731
2024-10-21,19.322,23.8533,34.2093,36.3445,42.3339,415.1673,324.3005,188.1312,26.0745,76.5572
2024-10-22,19.5066,24.2618,34.5156,36.6548,42.9865,413.1484,324.6302,188.6093,26.3,76.6808
2024-10-23,19.4706,24.3466,34.5511,37.1551,43.6709,415.1152,326.2574,188.4202,26.1387,77.204
2024-10-24,19.5356,23.9513,34.2965,37.0732,43.3952,415.3652,326.3762,188.6411,25.8934,77.0776
2024-10-25,19.6506,24.3076,34.7022,37.0409,43.6445,409.6875,323.6874,187.7759,26.1465,76.7646
2024-10-28,19.4006,23.588,33.9858,36.2898,43.2806,412.6987,324.1747,187.7083,25.8083,76.3519
2024-10-29,19.6979,24.2649,35.0825,36.8636,44.7418,412.002,323.5176,188.4731,26.0429,76.8208
2024-10-30,19.6559,24.333,35.0247,36.6701,44.985,414.4579,324.5185,189.1977,26.0002,75.9119
2024-10-31,19.4315,24.0351,34.4089,36.2358,43.8565,414.6823,324.9483,188.6598,25.6194,75.4331
2024-11-01,19.6268,24.2623,34.4513,36.3455,44.3204,415.4859,324.8721,188.8413,25.8515,74.9929
2024-11-04,19.4929,24.2166,34.0956,36.3611,44.1558,415.1785,325.5359,188.1984,25.6927,74.1198
2024-11-05,19.4492,23.7901,33.7198,35.9651,43.6136,418.7416,326.5826,189.2994,25.8089,73.7817
2024-11-06,19.7471,24.3423,34.5975,36.4111,44.6452,419.8592,325.1537,185.9385,26.1546,72.9287
2024-11-07,19.709,24.0295,34.2781,36.3364,44.6092,420.6152,324.1643,184.7789,25.9029,72.2886
2024-11-08,20.0886,24.3962,34.3087,36.8795,45.6973,420.2541,323.3997,186.9494,26.1943,73.2866
2024-11-11,20.0683,24.5716,34.2144,36.8379,45.2581,420.5626,322.8717,188.2042,26.1702,73.4192
2024-11-12,20.237,25.0864,34.5737,36.7036,45.8598,419.0175,322.8211,189.7276,26.2632,73.5096
2024-11-13,20.1391,25.0914,34.2752,36.5825,45.3611,416.0295,323.0226,188.89,26.4524,73.1549
2024-11-14,20.3643,25.2602,34.7423,36.7181,45.6647,417.2768,323.0703,186.7685,26.4546,73.2462
2024-11-15,20.1765,24.9713,33.9333,36.7538,45.9545,420.0913,324.5825,185.3873,26.2238,72.0313
2024-11-18,19.7895,24.5415,33.7271,36.433,44.853,423.0147,325.9253,184.839,25.924,72.2578
2024-11-19,19.782,24.6199,33.8492,36.3585,44.251,426.6946,327.0393,184.6864,25.6478,71.5355
2024-11-20,20.0107,25.1047,34.2334,36.8602,45.159,427.6026,327.6218,185.2072,26.1006,71.7106
2024-11-21,19.8777,24.8526,34.1361,37.1587,45.1972,427.0399,327.4217,185.7415,26.2657,71.8755
2024-11-22,20.2617,25.2605,34.747,37.8191,46.1611,423.5431,326.1067,187.0993,26.6277,72.2469
2024-11-25,20.008,24.7158,34.582,37.6605,45.6118,420.8248,326.4164,187.8051,26.5983,71.9992
2024-11-26,19.9342,24.757,34.3269,38.0174,45.5256,426.3187,327.1422,187.5196,26.434,72.3649
2024-11-27,19.7289,24.4179,33.6568,37.6515,45.428,426.6165,327.842,186.3687,26.0178,72.2676
2024-11-28,19.8968,24.518,34.5449,37.7663,45.9874,424.9445,326.7273,188.3221,26.2297,72.2548
2024-11-29,19.7801,24.6053,34.694,37.6811,45.2802,423.2626,326.5844,188.3493,26.1091,72.1406
2024-12-02,20.2199,25.2774,35.4736,38.1814,46.9779,420.2937,325.3041,186.7371,26.1383,72.3934
2024-12-03,19.8746,24.7638,34.786,37.0925,46.2204,420.9448,325.227,185.6719,25.5994,71.1997
2024-12-04,19.511,24.3961,34.0165,36.265,44.826,421.5845,325.896,187.1052,24.9654,71.2652
2024-12-05,19.0776,23.9121,33.4166,35.7071,44.0473,418.2933,325.9488,185.2426,24.4189,70.8596
2024-12-06,19.0206,23.4145,32.4492,35.3048,43.6511,424.6651,328.4815,185.6273,24.3136,69.9598
2024-12-09,19.1727,23.9998,33.0123,35.6822,44.6953,423.4318,327.3577,185.7306,24.7384,70.5362
2024-12-10,18.7787,23.5551,32.4158,35.3438,44.5161,421.9711,327.7827,186.3306,24.7016,70.8695
2024-12-11,19.012,23.8636,32.516,35.5007,44.6356,419.9177,326.7259,188.3814,24.9101,71.5327
2024-12-12,18.7664,23.4457,32.1208,35.2214,43.531,422.3803,326.8357,189.7558,24.8408,71.6303
2024-12-13,18.7094,23.3755,31.5357,34.9155,43.3955,420.9918,327.5539,188.8487,24.7295,71.36
2024-12-16,18.7844,23.205,31.3182,35.1632,43.0185,422.6633,328.5096,188.6694,25.0019,71.6418
2024-12-17,18.961,23.4051,31.4002,35.1623,43.6732,422.2139,327.5935,190.4255,24.9768,71.7159
2024-12-18,19.0828,23.5397,31.6135,35.2178,43.6571,420.2589,327.8453,192.4568,25.0551,71.5233
2024-12-19,18.6961,22.9284,31.2087,35.0533,43.1694,420.5126,327.4744,190.454,24.6068,71.519
2024-12-20,18.7063,22.7921,31.4399,34.7887,42.8774,420.666,326.274,191.3435,24.7752,71.6663
2024-12-23,18.9693,23.1679,31.7652,34.972,43.1459,423.5819,325.6821,192.2825,25.0316,72.1047
2024-12-24,19.2414,23.378,32.2271,34.9569,43.211,425.2899,326.3746,191.7096,25.3256,72.2705
2024-12-25,19.0525,22.649,31.6917,34.2036,42.5725,427.357,326.43,190.294,24.6878,70.4516
2024-12-26,19.2068,22.7985,32.0337,34.3867,42.5875,425.8046,325.5452,188.1118,24.713,70.1595
2024-12-27,18.8807,22.4183,31.6014,34.1658,42.3166,429.0566,325.0698,186.6669,24.2316,69.7024
2024-12-30,19.1688,22.6237,31.766,34.385,42.4612,429.6754,327.5857,187.9536,24.4055,69.619
2024-12-31,19.2803,22.9509,31.9037,34.5899,42.7346,428.5954,327.159,185.9738,24.5227,69.1285
2025-01-01,19.1538,22.661,31.3423,34.0928,42.3604,428.0413,327.7424,184.7409,24.471,68.857
2025-01-02,19.2348,22.7522,31.6198,34.0845,42.5754,432.3832,328.3236,182.1457,24.4873,68.7562
2025-01-03,19.0336,22.5214,31.3047,33.5583,41.9586,436.5177,329.4287,182.457,23.9735,68.9755
2025-01-06,19.2451,22.8697,31.4849,33.907,42.4741,437.1376,328.6406,181.3606,23.8381,70.0806
2025-01-07,19.3285,23.0024,31.738,34.1376,42.5025,435.5557,328.087,182.4483,23.9107,70.0487
2025-01-08,19.5753,23.5085,32.0717,34.453,43.1271,434.53,328.4279,182.999,24.1952,70.8591
2025-01-09,19.6093,23.8464,32.0734,34.7231,43.3887,429.9607,326.9251,184.5963,24.0117,71.1124
2025-01-10,20.1432,24.9232,33.0527,35.7366,44.7633,427.7526,326.3802,186.1041,24.545,72.6903
2025-01-13,20.0576,25.1275,33.2154,35.7442,44.6153,427.7198,326.6295,185.5556,24.3936,72.4168
2025-01-14,20.2826,25.7728,33.4394,36.375,44.8602,425.5944,326.0375,184.8147,24.4397,73.2517
2025-01-15,19.9785,25.1164,32.9422,35.7255,44.3766,427.4972,327.6703,184.181,23.9961,73.5056
2025-01-16,20.2176,25.3165,33.042,35.7475,44.344,427.8471,327.2337,183.7206,24.0601,73.1717
2025-01-17,19.9788,25.1751,32.4814,35.3481,44.382,433.211,329.0599,182.9406,23.704,73.4634
2025-01-20,20.0769,25.8892,32.9788,35.9382,45.0557,431.5287,327.9483,183.8629,23.7193,74.1199
2025-01-21,19.9793,25.3851,32.1857,35.3243,44.1498,430.4099,328.4857,183.557,23.5363,73.9651
2025-01-22,19.9753,25.407,32.127,35.5796,43.954,429.8271,327.5837,184.816,23.4965,74.72
2025-01-23,20.0719,25.5966,32.0148,35.8346,43.8354,428.5883,328.2654,185.203,23.4526,74.6846
2025-01-24,20.1708,26.1309,32.5194,36.3983,44.4811,431.1588,329.8546,186.1639,23.5228,75.0495
2025-01-27,20.3428,26.3214,32.9915,36.7861,45.2682,429.915,330.3438,185.4911,23.6808,75.7382
2025-01-28,20.6444,26.3765,33.0451,36.799,45.3936,429.5012,329.0521,184.8761,23.7736,75.4611
2025-01-29,20.6598,26.0878,33.3245,36.915,45.4561,433.4797,329.2892,184.7452,23.708,74.6441
2025-01-30,20.5161,26.1508,33.1503,37.1808,45.5217,435.4994,330.3227,184.4245,23.7286,75.1445
2025-01-31,20.6435,26.6932,33.1537,37.172,45.983,436.5214,330.8142,183.4743,23.7757,74.2284
2025-02-03,20.8085,26.7528,32.8079,36.8633,46.279,435.4983,329.6605,185.1064,23.9951,74.5625
2025-02-04,21.2319,27.4319,33.8295,37.0989,47.3423,428.4259,327.2695,186.1216,24.6788,74.8712
2025-02-05,20.9477,27.2199,33.9068,36.8516,46.8448,428.1454,327.684,184.3336,24.4908,74.834
2025-02-06,20.9188,27.3186,33.6287,37.2543,46.7569,426.1269,326.7303,183.4051,24.4976,75.6596
2025-02-07,20.8017,27.3391,33.3839,36.9763,46.9528,428.1729,325.7128,184.8395,24.3109,76.1727
2025-02-10,20.7384,27.0641,32.9827,36.5648,46.9375,425.4232,325.4156,182.9924,24.2208,75.4343
2025-02-11,20.7876,27.0052,32.9694,36.5755,47.4224,429.1758,325.4402,183.4159,24.1053,75.0354
2025-02-12,20.8323,27.3358,33.3439,37.2792,48.4216,426.1248,323.8519,185.0741,24.6828,75.6872
2025-02-13,20.7379,27.2498,33.075,37.5171,48.1622,429.1433,325.1646,185.0169,24.9365,75.1796
2025-02-14,20.2599,26.6066,32.2558,36.8348,46.7335,433.7585,325.6953,184.1018,24.4415,74.4446
2025-02-17,19.9759,26.426,31.6109,36.669,45.973,439.4108,326.0277,184.9444,23.9651,75.0721
2025-02-18,19.7949,26.3524,31.4918,36.672,46.171,441.1459,327.0798,184.6206,23.9409,74.9127
2025-02-19,19.9592,26.8578,31.7338,36.8348,46.1465,442.9123,326.7997,184.7979,24.4975,74.6708
2025-02-20,20.1817,27.1874,31.8575,37.1469,46.8838,442.9123,328.785,185.1599,24.3743,73.8893
2025-02-21,20.4809,27.5456,31.9673,37.3514,47.1932,441.5415,329.1272,183.8763,24.8899,73.7545
2025-02-24,20.4513,27.3123,31.7288,37.1513,47.5843,440.356,329.1016,181.9664,24.4834,72.4882
2025-02-25,20.75,27.7493,32.0889,37.79,48.1393,438.9138,329.7493,182.3026,24.4873,71.9123
2025-02-26,20.8586,27.642,32.4321,37.9333,48.5691,439.4864,329.1415,182.1705,24.6215,71.7101
2025-02-27,21.0697,28.147,32.8677,38.559,49.9667,436.3193,328.9984,180.1375,25.0633,72.4805
2025-02-28,21.0314,28.3012,32.8732,38.8329,49.8693,441.555,330.1032,180.9135,25.0348,73.1289
2025-03-03,21.2497,28.3378,33.0405,38.613,49.9518,443.9444,329.914,180.7963,25.1962,74.1959
2025-03-04,21.711,28.9406,33.1041,38.6516,50.4191,441.7325,329.2341,182.313,25.6925,74.3945
2025-03-05,21.3286,28.3899,32.1999,38.5384,49.5573,439.9347,329.1025,184.8022,25.7135,75.4067
2025-03-06,21.1924,28.0053,31.9295,38.6382,49.2352,442.6219,329.1976,185.8281,25.5355,75.9785
2025-03-07,20.9502,27.8255,31.4404,38.2185,48.3926,449.473,330.44,187.1653,25.0595,75.8207
2025-03-10,20.8774,27.2069,30.9472,37.9106,47.4326,452.9879,331.7219,187.432,24.9525,75.7074
2025-03-11,20.9827,26.8506,30.6607,37.9963,47.2489,460.3999,334.9653,187.9165,24.8574,75.3712
2025-03-12,20.6772,26.5155,30.2464,37.8575,46.9782,466.6321,336.3012,188.7198,24.7016,75.6195
2025-03-13,20.8472,26.63,30.2524,37.8452,46.7484,467.3178,338.4395,188.5712,24.5805,75.7457
2025-03-14,20.9111,26.8321,30.5238,38.146,46.8508,467.0487,339.759,188.264,24.6995,75.7548
2025-03-17,21.0366,27.2343,30.6818,38.0327,47.2236,464.6751,338.4953,188.182,24.5404,75.2176
2025-03-18,21.0478,26.9813,30.4471,37.9963,46.6366,464.678,338.3627,186.9242,24.5426,76.0758
2025-03-19,21.0288,27.0448,30.6344,38.2292,47.5638,468.4396,341.0575,188.1146,24.6164,77.052
2025-03-20,21.1626,27.4538,30.8128,38.1888,47.5241,463.9531,339.9398,188.7344,24.7702,77.0004
2025-03-21,21.1352,27.4146,30.6791,37.8163,47.2744,461.5498,341.0159,188.3395,24.7476,76.533
2025-03-24,21.5358,28.2153,31.7173,38.8799,48.5492,457.5494,341.0074,186.9922,24.913,76.9262
2025-03-25,21.2213,27.634,31.2231,38.2476,48.4661,461.087,342.1944,185.0083,24.7209,76.0657
2025-03-26,21.0918,27.8801,31.5348,38.3985,48.7448,460.3027,342.6782,186.3561,24.7639,75.8987
2025-03-27,21.0658,27.8611,31.1337,38.3817,48.3262,464.6219,344.5978,187.8037,24.4934,75.7899
2025-03-28,20.9574,27.6866,30.7729,38.134,47.7164,465.862,345.6045,186.8113,24.1154,74.8888
2025-03-31,20.6212,27.1734,29.9101,37.9208,47.0407,463.7779,346.148,188.2775,24.2219,75.1106
2025-04-01,20.7361,27.4302,30.1976,38.2262,48.0182,464.6407,348.4913,188.2322,24.3038,75.0128
2025-04-02,20.8775,27.9311,30.546,38.2631,48.1978,466.8562,348.5252,189.4954,24.3827,76.4121
2025-04-03,20.6903,27.5226,29.7752,38.1345,47.9519,466.0885,347.4354,189.8037,24.0896,75.6731
2025-04-04,20.9338,27.7954,30.1996,38.3406,48.0155,465.237,347.7537,187.8183,24.4426,75.2867
2025-04-07,20.8855,27.8926,30.5373,38.9068,47.905,465.6589,348.5111,189.0074,24.724,75.7131
2025-04-08,21.2535,28.1962,31.0444,39.379,48.4455,465.6558,348.6464,188.2172,25.0737,75.402
2025-04-09,21.3676,28.3829,30.9712,39.3832,48.536,467.974,350.2798,187.1205,25.1314,75.7787
2025-04-10,21.4298,28.848,31.4419,39.7496,48.864,468.8137,350.9511,187.9905,25.3905,76.3838
2025-04-11,21.009,28.6468,31.1497,39.2859,47.9873,471.5119,350.2933,189.7176,25.1173,76.3884
2025-04-14,20.868,28.2574,30.8365,38.8862,47.3121,471.4451,348.5266,187.4117,24.8965,75.7885
2025-04-15,20.8915,28.234,30.7794,38.8491,47.8822,477.2125,349.3055,187.9958,24.8327,76.465
2025-04-16,20.9564,28.4346,30.9121,38.6994,47.5987,472.111,347.9182,188.3488,24.9255,76.3759
2025-04-17,21.0033,28.055,31.078,38.4664,47.8201,472.8207,347.6888,188.532,24.6187,75.5999
2025-04-18,21.0143,28.1291,30.8963,38.8234,46.4462,469.5093,347.3522,188.0454,24.8053,75.452
2025-04-21,20.703,27.4276,30.3983,38.316,45.4832,474.6676,348.1827,187.1414,24.7123,75.0949
2025-04-22,20.6925,27.3662,30.6811,38.2861,44.9537,470.2811,347.4597,188.4158,24.629,75.8941
2025-04-23,20.7884,27.6566,30.8892,38.3571,45.6059,471.0718,347.8854,187.3653,24.7914,75.2415
2025-04-24,20.9593,27.853,30.8653,38.6656,46.1746,467.3021,346.972,189.5378,24.6891,75.4095
2025-04-25,21.237,28.1655,31.234,38.7493,46.1229,465.9583,346.1749,191.0641,24.8525,75.5702
2025-04-28,21.3831,28.4458,31.8171,38.7813,46.573,465.4985,346.9267,193.4106,24.6647,75.461
2025-04-29,21.8843,28.9656,32.6977,39.3103,47.6964,467.5302,346.4121,193.1563,24.9427,75.9974
2025-04-30,21.8338,29.1061,32.6911,39.1688,47.9678,466.9197,345.6169,191.7492,24.8377,76.8545
2025-05-01,21.6095,28.7883,31.724,38.7196,47.352,467.2669,347.1814,192.35,24.7967,76.5687
2025-05-02,22.1259,29.2917,31.9944,38.9025,47.0894,458.8539,346.9822,194.4991,25.3652,76.8811
2025-05-05,22.2369,29.3094,31.757,38.743,46.692,454.1776,347.2413,194.5723,25.5904,76.9535
2025-05-06,22.4537,29.221,31.8312,38.7477,47.1024,451.2485,347.2111,196.9272,25.8567,77.5239
2025-05-07,22.2862,29.512,32.0544,38.4669,47.5754,448.3114,346.158,195.2183,25.7954,77.0639
2025-05-08,22.5374,29.3309,31.8267,38.5267,47.5489,447.8052,345.9055,193.9365,25.8742,76.9084
2025-05-09,22.4338,29.2031,32.153,38.8361,47.1199,445.6433,345.0682,193.4702,25.8811,76.8178
2025-05-12,22.238,28.8675,31.7848,38.8678,47.5901,446.589,346.0407,195.4678,25.5352,76.2575
2025-05-13,21.9745,28.731,31.5867,39.2961,47.7897,448.1022,347.2686,198.2873,25.6758,77.6
2025-05-14,21.8227,28.3392,31.4548,38.9151,47.0232,446.9922,346.7353,197.0522,25.6724,77.9322
2025-05-15,21.7503,28.2564,31.7409,39.3418,47.0957,448.2866,348.9566,198.0058,25.7663,78.2264
2025-05-16,21.932,28.6977,32.1138,39.6277,47.7546,445.7508,349.2774,197.7278,25.5775,79.3841
2025-05-19,22.1272,28.9961,32.4663,40.3129,48.3545,444.2891,349.1309,196.6483,25.9533,78.5694
2025-05-20,22.0971,28.8344,32.1869,39.9976,48.0399,444.5361,350.3158,194.9673,25.8554,77.64
2025-05-21,22.0394,28.7602,31.7689,39.7606,47.2879,447.0596,351.5768,196.5362,25.7302,77.6368
2025-05-22,22.1952,28.5384,31.4513,39.8199,46.6958,442.7866,350.9734,198.859,25.6154,78.6712
2025-05-23,21.9264,28.3906,31.1486,39.6294,46.0454,438.3759,351.0922,197.8302,25.2469,77.54
2025-05-26,22.1388,28.4271,31.0618,39.3616,46.1121,441.9525,352.0076,199.5753,25.0531,78.4507
2025-05-27,21.9297,28.203,31.2487,39.27,46.119,444.1831,352.0065,199.8486,25.0347,77.3996
2025-05-28,21.9706,28.037,31.1512,39.4552,46.3196,445.3818,354.015,197.587,24.9653,77.1197
2025-05-29,21.951,28.2354,31.1748,39.5672,47.1991,450.135,354.7969,198.9642,24.947,77.0068
2025-05-30,22.403,29.1549,31.7877,40.4467,47.9814,441.5313,352.419,198.5747,25.6976,77.6873
2025-06-02,22.5262,29.5017,32.2883,40.5291,48.1793,435.6509,350.5683,198.1035,25.704,77.1641
2025-06-03,22.3607,29.3252,32.0251,40.4345,47.7242,438.1344,351.5044,196.127,25.5119,76.1598
2025-06-04,22.0994,29.0726,32.0827,40.2397,47.8739,441.948,351.3472,195.3599,25.6277,76.6401
2025-06-05,21.9394,28.8148,32.1454,40.049,48.0807,443.8152,351.7939,196.3509,25.4431,77.5132
2025-06-06,21.8948,28.3992,31.9419,39.7972,47.7773,441.2002,351.8802,195.8378,25.3934,78.1454
2025-06-09,21.8516,28.1393,31.6782,39.7336,48.1344,445.8664,352.812,195.495,25.1592,78.0712
2025-06-10,21.8993,28.2539,31.6184,39.8463,47.9602,450.7343,354.8892,195.7756,25.2172,78.1904
2025-06-11,21.8937,28.0591,31.5184,39.6973,48.0349,450.0009,353.941,197.0138,24.7868,78.2954
2025-06-12,21.6836,28.2962,31.3854,40.0343,48.3889,453.1669,354.439,198.4636,24.6578,78.8008
2025-06-13,21.822,28.4049,31.5936,40.4503,48.3455,450.2419,353.3289,200.601,24.8861,79.6969
2025-06-16,21.8822,28.2666,31.5551,40.6647,48.4582,446.6533,352.4582,200.4386,24.7686,79.5842
2025-06-17,22.3325,28.9509,31.896,41.4126,48.4435,444.5538,352.6215,199.9319,25.2078,80.3156
2025-06-18,22.198,28.9289,31.8133,41.2485,48.6132,446.2588,353.5778,200.0523,25.2321,79.807
2025-06-19,22.4716,28.8507,32.2402,41.276,48.5763,443.9412,353.5767,200.3797,25.4429,80.0034
2025-06-20,22.8384,29.6457,32.9781,42.0064,49.6719,441.8838,352.2558,201.6052,26.1041,80.1666
2025-06-23,22.7697,29.7167,33.2243,41.4452,49.9917,442.4675,352.5729,201.0412,26.054,80.0587
2025-06-24,22.6583,29.0477,32.8445,41.2427,50.0197,436.4906,351.9703,201.4493,26.0321,79.9365
2025-06-25,22.5972,28.9243,32.6307,41.2267,50.2177,438.3839,352.0271,203.6231,26.0814,79.8888
2025-06-26,22.0667,28.0116,31.6134,40.4483,49.2567,445.2366,355.9533,202.58,25.527,79.6302
2025-06-27,21.6797,27.4054,30.9903,39.9218,48.4429,446.8505,358.0874,203.229,25.3709,79.6631
2025-06-30,21.1449,26.4966,30.709,39.0135,47.5514,451.9597,359.0926,202.9787,25.0359,79.7623
2025-07-01,21.3571,26.9656,31.195,39.693,47.6968,453.7955,359.8517,202.8509,25.0349,79.947
2025-07-02,21.487,27.3015,31.0928,39.6486,47.6616,451.4057,359.5396,202.091,25.1682,80.0643
2025-07-03,20.9247,26.4252,29.897,38.4848,46.2592,458.3164,360.0786,200.6006,24.5104,77.1666
2025-07-04,21.3708,26.5957,30.1352,39.1396,46.7257,460.2931,359.0467,200.1923,24.7532,76.9779
2025-07-07,21.2592,26.3863,29.7071,38.8985,45.8102,462.3686,361.4025,199.7549,24.4865,76.8498
2025-07-08,21.4301,26.7015,30.2598,39.2404,45.9677,463.5037,363.4394,202.4467,24.8128,77.3626
2025-07-09,21.5214,26.9284,30.5838,39.4921,45.3805,461.9665,362.4525,201.9931,25.1686,77.1211
2025-07-10,21.5719,27.2217,30.614,39.713,45.5615,457.0435,361.9508,201.1556,25.2798,77.6008
2025-07-11,21.2785,27.0054,30.0911,39.7102,45.3351,461.9649,362.7457,203.1906,25.0276,78.0556
2025-07-14,21.2845,27.0172,30.3529,39.9529,44.656,461.9615,361.3857,202.9584,24.8327,78.1419
2025-07-15,21.0499,26.2008,29.7919,39.4288,44.091,466.1303,362.7794,203.3143,24.4116,78.066
2025-07-16,21.5012,26.3937,30.2452,40.176,44.7672,468.6825,363.7009,203.6592,24.5239,78.2546
2025-07-17,21.765,26.3293,30.2257,40.2368,44.4591,469.4112,361.8722,203.1081,24.627,78.7021
2025-07-18,21.746,26.3992,30.7777,40.4001,44.4045,465.1829,362.2165,203.1433,24.6798,77.4824
2025-07-21,21.727,26.0259,30.7359,40.152,44.3931,470.7245,363.0538,203.4858,24.3734,77.1553
2025-07-22,21.7207,25.646,30.7661,40.0467,43.811,468.6312,361.9566,204.8359,24.2975,77.1979
2025-07-23,21.719,25.7681,30.4302,40.0157,43.9221,467.2273,362.0416,207.2161,24.3408,76.5444
2025-07-24,22.0242,26.2296,30.8016,40.1419,44.4794,466.0273,362.0628,206.5157,24.1597,76.1825
2025-07-25,22.3776,26.5844,31.015,40.717,44.6931,462.2141,361.3253,208.5854,24.5709,76.2893
2025-07-28,22.6896,27.2022,31.6478,41.5258,45.5993,463.6557,362.0388,209.6081,24.938,75.9911
2025-07-29,22.8357,27.3219,32.1591,41.5256,46.0414,468.4084,364.7015,210.9167,24.9431,75.5796
2025-07-30,22.7891,27.1643,32.2523,41.5875,45.9737,466.2447,364.3137,210.5437,25.0517,75.7666
2025-07-31,22.2923,26.706,31.67,41.1408,46.3239,466.4656,364.1098,210.4251,24.8032,75.8473
2025-08-01,22.181,26.4256,31.3265,41.1473,46.415,467.3069,363.8145,209.7207,24.4553,74.9896
2025-08-04,22.3577,26.4533,31.8674,41.5613,46.2972,464.6163,364.2425,207.0268,24.9684,74.7856
2025-08-05,22.2853,26.4117,32.1114,42.4273,46.3282,468.5452,365.059,209.2893,25.1234,76.4392
2025-08-06,22.3494,26.6354,32.1701,42.3492,47.1229,472.0085,365.94,208.9284,25.2259,76.3357
2025-08-07,21.9728,26.4245,31.8406,42.4279,46.4884,472.4687,365.7869,211.6971,25.0608,77.7289
2025-08-08,21.8576,26.2146,31.5161,42.4578,46.0871,472.8586,366.1517,209.6964,25.0271,77.2431
2025-08-11,22.3958,26.9622,32.3916,43.4,47.5021,472.7694,365.706,209.9453,25.2304,77.5821
2025-08-12,22.2728,27.0892,32.4315,43.2953,47.5957,473.0477,365.662,211.2046,25.0802,77.3734
2025-08-13,22.8464,27.7782,33.5513,44.2856,49.0653,470.9436,365.2861,212.6221,25.7231,78.1318
2025-08-14,22.8226,27.7655,33.7395,44.4557,49.5305,471.1801,366.3423,212.9696,25.6838,77.514
2025-08-15,22.9595,28.0509,33.8267,44.8064,49.6391,478.7779,367.3441,215.7798,25.8162,77.379
2025-08-18,23.285,28.5246,34.3114,45.0809,49.9507,473.9189,367.0653,215.8016,26.1419,77.1627
2025-08-19,23.3174,28.4119,34.1084,45.0172,50.0536,466.0094,365.4696,213.0635,26.2136,76.1743
2025-08-20,23.4371,28.5948,34.0431,45.1169,50.1461,467.0216,366.1721,214.0531,26.1653,76.676
2025-08-21,23.5935,28.8659,34.5482,45.0492,50.4025,462.5799,366.0347,213.9223,26.4238,77.18
2025-08-22,23.5686,28.9267,34.6332,45.5238,51.2805,461.92,366.7626,214.6647,26.8684,77.6234
2025-08-25,23.8739,29.0519,35.1752,46.1439,51.6079,460.7648,367.393,215.5323,27.0589,76.5143
2025-08-26,23.7551,28.8178,34.8117,45.6335,51.7708,458.7483,367.6737,214.6602,26.9813,75.7788
2025-08-27,23.8415,29.088,35.2398,46.1023,52.1168,453.6803,365.371,213.4181,27.2669,76.1119
2025-08-28,23.6636,29.031,35.0115,45.3365,51.5799,457.2147,365.8783,213.3665,26.8455,75.67
2025-08-29,23.8166,28.993,35.228,45.3317,50.8983,458.0182,367.0017,214.0314,26.7945,75.5635
2025-09-01,24.0676,29.1278,35.2931,45.434,51.8117,457.8281,366.6964,214.0178,26.8524,74.8115
2025-09-02,23.9153,29.2747,35.2264,45.2936,51.5863,456.7433,366.7521,215.5609,26.4543,74.6982
2025-09-03,23.4288,28.9617,34.8706,44.8649,50.2191,459.1974,367.7555,216.4632,26.3687,75.3393
2025-09-04,23.2022,28.864,34.3598,44.7289,50.4249,459.4631,367.8772,217.1086,26.1614,75.1669
2025-09-05,23.0426,28.3891,34.5341,44.3816,50.0637,462.1437,366.4224,215.4505,26.1452,74.7674
2025-09-08,22.87,27.7354,34.4855,43.7774,48.9951,464.6539,366.8502,215.2366,25.71,74.814
2025-09-09,22.659,27.3549,34.4757,43.8369,48.9751,465.1697,368.1741,213.7388,25.8636,74.2263
2025-09-10,22.3369,26.9605,34.2186,43.3401,47.6721,466.7948,368.9137,215.5362,25.655,74.9636
2025-09-11,22.2082,26.7717,34.2713,43.758,47.3096,474.3203,371.9322,216.7044,25.7804,74.1419
2025-09-12,21.7967,26.5198,33.5524,42.9708,46.4213,475.9312,371.9754,215.4557,25.3936,73.7191
2025-09-15,21.8252,26.2881,33.5774,43.1056,46.8049,474.8685,370.8117,216.4916,25.4506,73.9642
2025-09-16,21.7531,26.188,33.9111,43.303,47.6226,477.7562,371.0679,215.5783,25.6935,73.6635
2025-09-17,21.8895,26.2526,33.7314,43.3186,47.6598,474.3373,370.05,217.6298,25.5855,74.5899
2025-09-18,21.8187,26.2582,33.375,43.5507,47.6977,472.0921,368.9506,218.4914,25.5767,75.1272
2025-09-19,22.0285,25.7387,33.1899,43.6055,48.5473,473.1843,368.8797,220.4927,25.6312,75.7647
2025-09-22,21.7079,25.1782,32.9835,43.1355,47.9943,476.2057,369.8347,216.2722,25.4174,74.7895
2025-09-23,21.6033,24.7435,32.3233,42.9898,47.5804,477.8138,371.2047,216.1224,25.1225,73.8164
2025-09-24,21.7466,24.9631,32.2578,42.7345,47.1287,472.2644,370.2876,215.6407,25.1129,73.2852
2025-09-25,21.6106,25.1428,32.0626,42.4154,47.5351,475.0477,369.5796,214.1689,25.1455,72.2193
2025-09-26,21.5763,25.0906,31.8419,42.5138,47.2438,476.0844,369.8082,213.8377,25.1323,71.0545
2025-09-29,21.6524,25.308,31.6013,43.0018,47.7192,480.3576,371.0126,215.7375,25.423,71.9579
2025-09-30,22.0597,25.9106,32.2068,43.8922,48.7978,478.1997,369.5446,214.1817,25.9396,71.5466
2025-10-01,22.4517,26.596,32.9341,44.5061,49.6315,478.0437,372.6734,215.3164,26.332,71.0125
2025-10-02,22.3623,26.728,32.8919,44.2589,49.2406,475.5556,373.4697,212.5007,26.357,70.4143
2025-10-03,22.7076,27.7306,33.8926,45.4255,50.4407,472.4058,373.0059,213.7709,26.7975,70.6824
2025-10-06,23.0884,27.928,34.2318,45.6614,51.2711,469.0692,371.3326,212.0872,27.1293,71.428
2025-10-07,22.5229,26.9721,33.1639,44.532,50.9263,472.1579,371.8912,210.8297,26.5961,70.7581
2025-10-08,22.4031,26.796,32.735,44.0328,50.4785,469.3622,372.6827,209.176,26.2273,70.1573
2025-10-09,22.2858,26.9658,32.7193,44.2999,50.1871,467.2144,372.2632,208.6643,26.1717,69.8305
2025-10-10,22.1823,26.7841,32.5236,44.0073,49.7343,463.0987,368.897,206.0635,26.07,69.3617
2025-10-13,22.1703,26.5116,32.76,44.0972,50.7096,464.0004,367.7279,206.4705,26.1703,68.945
2025-10-14,22.2913,26.6243,33.0622,44.6427,51.052,465.1455,368.5025,207.7778,26.2105,68.8625
2025-10-15,21.8844,25.9744,32.6536,44.0697,50.5469,468.2335,369.0028,207.4377,25.8524,68.1738
2025-10-16,21.8581,25.5023,32.3581,43.7084,50.5642,470.4708,368.6483,207.5989,25.9081,67.5255
2025-10-17,21.8372,25.4814,32.5178,43.3469,51.1855,473.8193,369.4418,205.5801,26.0334,66.9181
2025-10-20,21.3955,24.8086,32.0956,42.9318,49.9946,476.9338,370.0082,204.5298,25.5814,66.6281
2025-10-21,21.2534,24.9057,31.8544,42.4435,49.2737,471.423,370.2795,202.8389,25.6329,65.8737
2025-10-22,21.6595,25.2413,32.6319,42.9769,50.8057,471.0474,371.0541,204.3938,25.9555,66.3258
2025-10-23,21.5853,25.2907,32.3287,42.9722,51.0044,469.7609,371.2986,205.1116,25.6652,66.5485
2025-10-24,21.6742,25.4244,32.4933,42.9171,51.1631,465.5107,370.2896,206.5786,25.5236,67.3988
2025-10-27,22.0722,26.0402,33.3712,43.7087,52.6129,456.4682,368.7081,208.3904,25.936,67.421
2025-10-28,21.8011,25.4912,32.8124,42.9728,52.2787,455.3803,368.8774,210.195,25.8783,67.4196
2025-10-29,21.7298,25.2486,32.8383,42.7898,52.6544,454.8867,369.3454,209.8006,25.7856,66.3419
2025-10-30,21.8968,25.5174,33.2245,43.266,53.1992,455.4724,369.0807,209.1894,26.115,66.356
2025-10-31,21.6147,25.1169,32.8146,42.9342,52.8619,453.496,371.1683,208.9284,26.1138,66.5529
2025-11-03,21.36,24.6598,32.5707,42.4012,52.5152,453.52,372.6556,209.128,25.7121,66.2338
2025-11-04,21.1563,24.6607,32.4218,41.883,51.9825,457.1209,374.4627,207.6343,25.8698,65.4561
2025-11-05,20.6964,23.8248,31.4288,41.0059,50.6097,457.9658,375.8306,208.4671,25.1259,64.6179
2025-11-06,20.4086,23.0102,30.9495,40.0958,49.5993,458.4873,376.1354,210.2163,25.0969,65.0419
2025-11-07,20.6255,23.0324,31.2615,40.4357,49.7772,457.0265,376.9671,207.6625,25.1006,64.0689
2025-11-10,20.6001,23.1504,31.1948,40.5426,49.7164,454.7398,375.7734,207.7649,25.1362,64.1436
2025-11-11,20.8644,23.4804,31.534,40.7124,50.31,452.4235,374.4798,207.1404,25.32,63.8938
2025-11-12,20.455,23.2184,30.7771,40.1186,49.9531,454.9992,376.6334,208.171,24.9386,62.9974
2025-11-13,20.345,23.1781,30.5601,39.6248,49.5098,453.7618,377.6664,205.5209,24.9496,62.7955
2025-11-14,20.2783,23.1205,30.9484,39.3937,49.7209,452.485,376.6557,201.9412,24.8828,61.8782
2025-11-17,20.3022,23.2292,31.0972,39.6876,49.7795,456.1153,376.6513,202.8519,24.9115,61.7081
2025-11-18,20.121,23.1584,30.7508,39.1368,49.1416,459.408,379.0999,202.9129,24.4282,61.126
2025-11-19,20.2128,23.0864,30.9576,39.4356,48.8414,458.5519,379.1317,199.9403,24.4481,60.5716
2025-11-20,20.0033,22.8869,30.6319,39.2956,48.4402,460.373,380.6674,198.9472,24.1671,59.497
2025-11-21,19.6499,22.6339,30.1288,38.95,47.3389,461.4652,380.1781,199.2523,23.7334,58.8431
2025-11-24,19.6274,22.6865,29.7881,38.8223,47.1097,458.3449,378.4196,197.426,23.6366,58.3093
2025-11-25,19.2654,22.3839,29.2645,38.5879,46.2438,463.7622,379.3903,196.8643,23.1695,58.2652
2025-11-26,19.1275,22.2908,28.8516,38.6328,45.254,468.0399,382.089,196.9836,23.227,58.0985
2025-11-27,18.929,21.8963,28.6896,38.4343,45.6588,468.5272,382.5368,196.5907,23.056,58.9795
2025-11-28,18.752,21.7238,28.2931,38.0902,45.0439,466.8916,382.8254,196.7247,22.9179,59.2061
2025-12-01,19.0325,21.846,28.5534,38.325,45.972,466.2631,381.1861,195.1695,23.2557,59.6254
2025-12-02,18.7588,21.5321,28.3662,37.9389,45.549,459.8926,381.0934,195.1127,23.4752,59.4956
2025-12-03,18.9491,21.7282,28.4765,38.3372,46.2684,459.3692,379.9013,193.6941,23.6951,59.8828
2025-12-04,18.6858,21.3583,28.346,38.105,45.4206,463.6984,381.2488,193.7591,23.4162,59.6792
2025-12-05,18.7938,21.5181,28.3991,38.3509,45.5978,461.6183,380.1077,192.8867,23.3078,59.1782
2025-12-08,18.9122,21.8787,28.8712,38.5357,45.6344,461.5129,381.1024,192.9696,23.5156,58.9889
2025-12-09,18.8408,21.9869,28.5311,38.653,46.1682,462.2738,380.4363,194.1986,23.5631,58.3246
2025-12-10,18.6973,21.507,28.0325,37.9536,45.2108,461.4092,379.8125,194.4895,23.2367,57.9079
2025-12-11,18.8396,21.6022,28.4583,38.049,45.8319,459.6362,377.0832,195.2634,23.437,58.6901
2025-12-12,18.8461,21.7692,28.7549,37.9926,46.0541,461.4739,377.6589,194.4073,23.4803,58.7012
2025-12-15,18.7119,21.4949,28.8441,38.0737,45.7065,463.941,378.557,192.1248,23.0324,58.2332
2025-12-16,18.4951,21.4964,28.7568,37.704,45.6875,467.5808,380.6574,192.7743,22.9355,58.1198
2025-12-17,18.7353,21.6612,29.2021,37.7601,46.4205,468.2455,380.245,193.1645,23.172,58.5535
2025-12-18,18.8755,21.8892,29.7081,38.507,46.8194,468.5328,379.2245,192.925,23.3164,58.6797
2025-12-19,18.5364,21.2797,29.0445,38.298,46.3373,472.5326,380.1563,192.5284,23.2277,58.3291
2025-12-22,18.0853,20.4502,28.2743,37.5623,45.7258,474.4419,380.9428,193.4489,23.0946,58.7089
2025-12-23,17.9566,20.0655,27.7443,37.1403,46.0702,473.3482,379.5049,194.6634,22.9458,57.9872
2025-12-24,17.9162,20.1185,27.7441,36.6187,45.6855,480.1731,379.7635,194.9752,22.8594,58.3221
2025-12-25,17.5855,19.6411,27.0509,36.2386,44.5468,480.5028,380.5073,193.0145,22.5955,57.8615
2025-12-26,17.3588,19.2945,26.1443,35.7797,43.3652,476.501,379.192,191.4346,21.9874,56.962
2025-12-29,17.1613,18.9546,25.6078,35.72,42.5684,477.3065,378.4087,190.4461,21.7826,56.6298
2025-12-30,17.0456,18.8687,25.2318,35.2994,42.2273,478.376,378.6175,191.8676,21.619,56.9676
2025-12-31,17.0821,18.9653,25.407,35.183,42.156,474.7363,379.1492,193.365,21.7081,57.8872
2026-01-01,17.4077,19.4219,25.5115,35.4762,42.5663,470.9755,377.6273,191.5192,22.0207,57.6299
2026-01-02,17.3822,19.6306,25.3483,36.1361,42.7828,467.8683,376.7841,191.3514,22.0939,57.0801
2026-01-05,17.5092,19.9422,25.6616,36.6677,43.3374,469.0471,375.545,192.6267,22.1667,57.5787
2026-01-06,17.6353,20.1734,25.7371,36.8389,43.2436,468.9354,375.5956,192.1153,22.2769,57.6273
2026-01-07,17.657,20.0877,25.4124,36.6414,43.6205,464.8676,374.4655,194.2197,22.6626,58.4246
2026-01-08,17.6043,20.2475,25.3108,36.2499,43.8198,463.3751,374.3215,192.9355,22.3565,58.3464
2026-01-09,17.7726,20.4824,25.4431,36.4533,44.5961,461.1682,372.7022,195.6784,22.5199,59.3207
2026-01-12,17.7491,20.4388,25.2031,36.253,44.622,465.3075,374.4418,195.5817,22.3195,59.238
2026-01-13,17.6827,20.2814,24.9894,36.0342,44.2811,467.1515,373.6789,194.1206,22.1574,59.3203
2026-01-14,17.4702,19.9901,24.9342,35.6947,44.3298,468.7223,374.0199,196.5962,21.9754,58.9813
2026-01-15,17.4424,19.8893,25.3234,35.5859,44.4669,467.6276,372.579,195.7018,21.9676,59.9369
2026-01-16,17.6701,20.0651,25.6171,35.786,45.2836,466.2738,372.9488,196.3025,22.255,59.9096
2026-01-19,17.4754,19.8248,25.2437,35.9184,45.3254,470.7106,373.0326,195.9617,22.1424,59.7119
2026-01-20,17.8307,20.2179,25.6015,36.1465,45.8446,472.5561,374.1175,195.3221,22.0506,59.1234
2026-01-21,18.0048,20.2316,25.6665,36.1112,45.8863,472.7618,373.4602,195.4538,22.2643,59.1701
2026-01-22,18.337,20.7781,26.246,36.743,46.7703,475.4415,374.4077,197.1015,22.7754,60.0749
2026-01-23,18.4819,21.0013,26.5461,37.0912,46.7875,477.6413,374.8756,198.7188,22.8046,59.9087
2026-01-26,18.4515,20.6568,26.7379,36.7316,45.8345,479.6324,375.0215,200.2831,22.6914,60.6316
2026-01-27,18.5623,20.4236,26.3154,36.8028,45.4355,480.2629,374.9422,198.011,22.7726,60.1144
2026-01-28,18.9381,20.7155,26.5971,37.0779,46.035,480.1869,375.0099,198.5515,23.1635,60.454
2026-01-29,19.0304,20.9528,27.2977,37.4619,46.9756,479.9424,375.9208,198.6212,23.5779,60.7962
2026-01-30,18.934,20.7375,27.0898,37.6879,47.096,480.1175,377.2784,198.2642,23.5537,60.7145
2026-02-02,19.0205,21.022,27.3086,37.5624,47.1051,485.6018,378.7557,200.3569,23.6843,61.0604
2026-02-03,18.7616,20.5149,27.0894,37.3537,46.4001,490.56,382.1107,200.8794,23.5969,60.7267
2026-02-04,19.0453,20.9548,27.5188,37.7583,46.6145,485.5459,381.7466,201.828,23.6791,60.9549
2026-02-05,19.0034,20.7376,27.5599,37.4578,45.7818,491.0582,383.2923,201.6028,23.5007,60.1597
2026-02-06,19.0762,21.0801,27.8658,37.6386,45.362,490.1213,384.89,199.7829,23.2718,59.0471
2026-02-09,19.3182,21.5412,27.9925,38.5638,45.5563,498.1546,387.9632,202.1142,23.2028,59.5624
2026-02-10,19.374,21.801,28.0593,38.7951,46.3158,498.5678,386.7434,203.0989,23.4444,59.6802
2026-02-11,19.1337,21.7207,28.103,38.4759,46.439,494.3479,384.7181,203.1856,23.383,60.3342
2026-02-12,19.1317,21.5987,27.8516,38.4067,46.6751,494.1854,383.595,201.0037,23.3175,59.4977
2026-02-13,19.1093,21.4266,27.7462,38.2269,46.3521,494.7164,383.8014,200.2662,23.1494,59.6947
2026-02-16,19.1351,21.4617,27.4396,38.578,46.0903,497.0795,384.7588,199.8276,23.1521,59.2941
2026-02-17,19.2837,21.7721,27.8173,39.1973,46.9368,492.1991,382.7839,200.3599,23.5983,59.8888
2026-02-18,19.3562,21.9922,28.3583,39.1236,47.6384,496.4858,382.7101,200.0095,23.4554,59.4304
2026-02-19,19.2749,22.2888,28.3801,39.2189,47.8854,497.088,382.0476,199.1542,23.5075,58.9108
2026-02-20,19.4431,22.599,28.6808,39.3705,48.6289,494.3356,380.2571,198.6493,23.7583,58.7653
2026-02-23,19.2431,22.5808,28.1311,39.1211,48.4598,495.3368,378.0069,199.2153,23.6185,59.1373
2026-02-24,18.8666,22.4705,27.2859,38.6711,48.5119,499.6984,378.7305,200.4819,23.3498,59.0551
2026-02-25,18.757,22.9143,27.4027,38.8753,48.3737,498.5444,377.5685,200.509,23.218,59.7091
2026-02-26,18.7405,23.3034,27.471,38.7839,49.5018,499.1609,379.0125,197.9226,23.0514,59.8993
2026-02-27,18.4362,23.3392,26.8414,38.3151,48.2967,503.5565,380.9362,197.5368,23.0542,60.1494
2026-03-02,18.1156,22.964,26.3809,37.7283,47.2893,505.7505,381.8251,195.9066,22.6703,59.3158
2026-03-03,17.9914,22.8878,26.3549,37.2765,47.1273,503.8316,379.7573,194.6959,22.7108,59.6565
2026-03-04,18.0637,22.9495,26.3383,37.5272,47.3502,504.6301,381.4061,195.7481,22.5687,60.4462
2026-03-05,17.7924,22.6569,26.0368,36.8582,46.7922,506.0463,381.1432,195.6798,22.3904,60.2994
2026-03-06,17.5207,22.2948,25.6318,36.6475,46.0211,510.708,381.4816,194.0373,22.0992,59.9649
2026-03-09,17.679,22.7332,25.8429,37.0869,47.2442,509.9453,381.0118,194.6484,22.2681,59.7602
2026-03-10,18.0815,23.1939,26.4191,37.6416,47.9146,509.0297,381.7028,193.4321,22.5121,60.1559
2026-03-11,18.0758,23.0017,26.5621,37.7027,47.5477,507.9847,382.2203,193.5611,22.6989,59.9101
2026-03-12,18.205,23.1211,26.8083,37.7983,48.1497,508.0196,382.3452,192.1551,22.9816,59.5951
2026-03-13,17.7542,22.4653,26.3477,37.077,47.5106,506.8581,381.8851,191.6113,22.6613,58.6572
2026-03-16,18.1128,22.943,26.8486,37.8213,48.8854,504.019,383.4977,193.1363,22.99,59.4316
2026-03-17,18.2627,23.2374,27.3199,38.3182,49.4596,505.9227,385.1689,192.5901,22.9323,59.7541
2026-03-18,18.2895,23.3938,27.6393,38.3682,49.3308,504.0097,384.8407,193.0193,22.8725,60.2303
2026-03-19,18.1548,23.3568,27.2859,38.1887,48.9995,510.6006,388.438,192.4153,22.8782,59.6095
2026-03-20,18.4214,23.5211,27.3741,37.8195,48.6942,504.9276,385.8419,193.2703,22.8064,59.4073
2026-03-23,18.4626,23.8889,27.6984,37.6253,49.0587,497.6607,385.6004,193.2346,22.8672,58.9612
2026-03-24,18.9152,24.6715,28.7737,38.5576,50.485,490.9942,383.9745,194.0575,23.3582,59.2566
2026-03-25,18.6451,24.4139,28.1563,38.1675,50.416,496.6485,386.7731,192.0283,22.7358,58.395
2026-03-26,18.2851,24.0646,28.0641,37.5717,49.7476,495.9411,387.1985,191.5762,22.331,58.2356
2026-03-27,18.2469,23.9213,28.3214,37.5907,50.03,488.103,383.012,190.2083,22.2371,57.9355
2026-03-30,17.9387,23.5307,27.8863,37.0319,49.0057,497.1399,384.0802,190.7435,21.8289,57.173
2026-03-31,17.8059,23.4928,27.6661,36.696,49.1449,500.3039,385.9545,190.8158,21.7999,57.7657
2026-04-01,17.9326,23.8755,28.0158,36.6763,49.8645,501.1531,386.3259,191.6861,22.0938,58.2757
2026-04-02,18.0859,24.154,28.4281,36.8079,50.3804,501.4491,387.9655,190.6564,22.2756,58.2673
2026-04-03,17.6836,23.3467,27.7567,36.3092,49.568,503.6741,390.0121,189.4173,21.8248,57.7782
2026-04-06,17.7762,23.3489,27.5502,36.3054,50.0623,498.5775,388.7525,189.0128,21.8865,57.9843
2026-04-07,17.7116,23.6432,27.3029,36.6022,50.2538,498.2419,387.4683,190.3001,21.8713,58.2473
2026-04-08,17.7769,23.8406,27.9074,36.6721,50.1851,497.5195,387.6961,189.4302,22.0506,58.1577
2026-04-09,17.9925,24.0423,28.2513,37.0564,50.7141,490.3047,387.9593,189.3743,22.31,58.2789
2026-04-10,17.8171,23.6404,28.0803,36.8293,50.5875,489.0828,386.9278,189.7202,21.8626,58.3458
2026-04-13,17.7044,23.3016,27.8124,36.5813,49.8938,491.2225,388.727,189.8368,21.8069,58.2348
2026-04-14,17.4672,23.0147,27.4464,36.3826,49.1951,489.9203,389.155,188.9361,21.7125,57.9257
2026-04-15,17.6462,23.3265,27.5706,36.4778,49.6519,493.8563,390.0313,189.3663,21.8551,57.8228
2026-04-16,17.9484,23.9322,28.0608,36.7147,50.6701,492.6497,387.8882,189.1356,22.3453,58.0722
2026-04-17,17.8588,23.6196,27.8452,36.6581,51.1048,494.5029,388.5148,187.0508,21.956,57.3946
2026-04-20,18.0618,23.9155,27.8753,37.138,51.5852,490.9651,386.3465,186.8177,21.8968,56.9773
2026-04-21,17.975,23.9275,27.8519,37.3301,50.9091,490.5278,385.4306,185.5295,21.8129,56.1659
2026-04-22,18.167,24.1519,28.3229,37.6423,52.3014,487.9649,386.4313,185.9008,21.7279,56.2359
2026-04-23,18.2939,24.1546,28.3965,37.4804,52.6538,484.0174,385.474,186.6323,21.7187,56.3815
2026-04-24,18.5114,24.2957,28.6303,37.4669,52.0633,483.9783,384.1552,186.2276,21.8892,55.7972
2026-04-27,18.5996,24.5547,28.871,37.7559,52.2113,486.1091,384.2376,187.7578,22.1441,56.563
2026-04-28,18.6353,24.3477,28.9402,37.8452,52.2074,494.7069,386.4178,187.9187,22.1265,56.7339
2026-04-29,18.5218,24.0321,28.8717,37.265,51.9281,501.5097,388.1546,187.1611,21.8308,56.5728
2026-04-30,18.4212,23.9864,28.5053,36.7713,50.7355,497.9702,390.3412,186.7426,21.6569,56.6723
2026-05-01,18.443,24.1798,28.074,36.7526,50.6497,491.3721,388.0488,187.5338,21.6219,56.9587
2026-05-04,18.5786,24.1766,28.3039,36.1855,51.1383,493.6856,388.3486,189.5486,21.7027,57.8289
2026-05-05,18.6682,24.3193,28.4195,36.3877,50.4585,495.969,387.5189,189.7335,21.6183,57.9941
2026-05-06,18.3878,23.7764,27.6492,35.6449,49.838,499.9697,388.0634,189.1773,21.4831,57.5982
2026-05-07,18.4088,23.8568,27.8592,35.815,50.1743,502.4852,388.3783,188.8476,21.3579,56.9914
2026-05-08,18.4861,24.1797,28.1433,36.2951,50.2862,502.7984,387.3984,188.727,21.5913,56.9496
2026-05-11,18.4692,24.3873,28.0168,36.6502,50.1029,501.7348,385.6276,189.396,21.7148,57.6935
2026-05-12,18.2371,23.9251,28.0827,36.2703,49.3164,506.0692,386.8759,188.2426,21.374,57.108
2026-05-13,18.5144,24.3057,28.1095,36.3787,48.8859,501.2931,386.5494,189.3082,21.73,56.4172
2026-05-14,18.2755,23.6586,27.5294,35.686,47.9734,505.5362,387.7432,189.4168,21.5637,56.2679
2026-05-15,18.4717,23.8407,27.3914,35.9803,48.4141,507.5552,386.4347,190.4932,21.5024,56.6162
2026-05-18,18.5696,24.2008,27.539,35.7675,48.1552,507.3632,387.0143,191.7155,21.5651,57.2643
2026-05-19,18.9248,24.4839,27.9731,36.5929,49.3477,512.0931,389.0067,193.1612,21.8536,57.5862
2026-05-20,18.6615,23.9795,27.6244,36.0371,48.6261,511.3117,387.964,192.5234,21.3391,57.037
2026-05-21,18.6854,23.7583,27.5872,36.1318,48.7086,508.9909,385.8453,193.1803,21.114,56.9999
2026-05-22,18.9792,24.1761,28.2833,36.2048,49.2135,512.137,384.6373,194.454,21.206,57.0414
2026-05-25,18.8508,24.3364,28.2108,36.026,49.4863,515.1886,387.4691,194.0074,20.9708,57.8317
2026-05-26,18.9889,24.704,28.2593,35.9804,50.444,514.8561,388.847,193.4733,20.9718,57.1775
2026-05-27,18.807,24.5349,28.1563,36.0628,50.1282,513.9494,389.6869,194.5002,20.7449,57.002
2026-05-28,19.1442,25.1224,28.5187,36.4732,51.1134,512.198,388.9832,196.8853,20.9839,57.8911
2026-05-29,19.2761,25.141,28.1247,36.5447,51.3285,509.4529,389.8764,197.3293,20.8266,58.4507
2026-06-01,19.0252,25.2004,27.8224,36.4318,51.2619,511.2962,390.7733,195.9156,20.8989,58.1681
2026-06-02,18.7673,24.6552,27.0089,35.8749,50.8432,512.9927,391.4389,197.1867,20.5842,58.4801
2026-06-03,18.6955,24.0721,27.1618,35.6594,50.3335,515.4877,391.4288,196.2901,20.601,58.0389
2026-06-04,18.8129,24.1019,27.3295,35.6627,50.2433,509.0768,389.8462,196.853,20.4353,57.6727
2026-06-05,18.8099,23.8487,27.1975,35.5753,49.8739,516.3739,392.6014,196.7525,20.2501,57.424
2026-06-08,18.8748,23.6149,27.1688,35.5578,49.9782,517.1129,392.0997,199.057,20.2485,57.5543
2026-06-09,18.7854,23.6774,26.5985,35.438,49.5482,517.1081,391.302,197.5542,20.2045,57.1737
2026-06-10,18.5709,23.4709,26.3494,35.8376,49.0951,520.5394,392.541,197.787,20.0265,57.0888
2026-06-11,18.7207,24.0055,26.6918,36.477,50.1803,521.9015,392.2925,199.6165,20.1271,58.0027
2026-06-12,18.7945,23.8207,26.7697,36.2115,50.9716,524.056,392.7161,200.7112,20.1334,58.2685
2026-06-15,18.6429,23.4468,26.4522,35.9489,50.4783,528.0205,392.813,200.4178,19.9512,57.5877
2026-06-16,18.7939,23.705,26.5919,36.032,50.2455,527.3946,391.1891,201.8752,20.3179,57.4264
2026-06-17,18.8468,23.731,26.7548,36.4469,51.198,528.8781,389.54,204.5061,20.4805,58.4505
2026-06-18,18.7002,23.6285,26.5926,36.2567,51.1669,527.6697,388.19,205.5987,20.4664,58.8433
2026-06-19,18.455,23.3722,26.5099,36.1192,50.9672,527.958,389.2557,206.0269,20.1822,59.3186
2026-06-22,18.4292,23.3624,26.5825,35.6879,51.0393,531.2042,388.669,205.8484,20.0357,59.9518
2026-06-23,18.5263,23.4367,26.8138,35.5331,50.9743,532.433,390.0653,206.0371,20.0515,59.5994
2026-06-24,18.3126,23.407,27.0632,35.8284,50.6404,534.1542,391.8556,204.2913,20.1023,58.9965
2026-06-25,18.4057,23.7673,27.5006,36.0836,51.2705,537.132,393.4321,204.6088,20.1553,58.6416
2026-06-26,18.1621,23.9062,27.7127,35.7824,50.9357,538.4947,393.955,203.7121,20.0885,58.1546
2026-06-29,17.9055,23.5417,27.2225,35.4816,50.5323,542.7573,393.2946,204.6791,19.82,57.7677
2026-06-30,18.165,23.7381,27.183,35.5265,50.9201,541.0819,391.9702,204.3004,19.7425,58.3059
2026-07-01,18.0299,23.6071,27.1015,35.4,50.4196,546.7129,393.0844,203.5065,19.7289,57.7639
2026-07-02,18.0296,23.7384,26.9456,34.9915,50.772,547.4104,393.1438,201.219,19.6169,57.0562
2026-07-03,18.3166,23.9155,27.2695,34.8636,50.9956,549.6396,392.0802,200.6529,19.692,56.6256
2026-07-06,18.3192,23.4154,26.8495,34.5891,50.8001,553.9296,394.7374,199.8945,19.5758,56.8399
2026-07-07,18.3105,23.1,26.7718,34.7223,50.8393,547.2689,392.6505,199.0371,19.4804,56.3904
2026-07-08,18.4767,23.1204,26.9812,34.9421,50.3943,546.3469,391.0696,198.9805,19.6255,56.4996
2026-07-09,18.4102,23.2375,27.0926,35.1689,50.3943,545.0249,390.614,199.5286,19.53,56.0067
2026-07-10,18.3553,23.3649,27.2059,35.2967,50.0631,546.6306,393.283,197.921,19.6005,56.1522
2026-07-13,18.1391,23.0909,26.8964,35.1122,49.5715,544.4791,393.3601,200.6719,19.436,56.3393
2026-07-14,18.2545,23.1997,27.2304,35.0304,49.7994,549.8793,395.2636,198.3301,19.6339,56.0579
