,SPY,QQQ,IWM,EFA,EEM,TLT,IEF,GLD,VNQ,DBC
2015-01-02,-0.013482666709196622,-0.027708659261761026,-0.01748436015559185,-0.016475770849422644,-0.01597517104935009,0.004116856055433216,-0.00013839744979637914,-0.00036998038364011165,-0.018351122493778127,-0.011839146483665353
2015-01-05,-0.00898566012723212,0.0021015253474725437,0.0011840559297666697,-0.0032832733860077568,-0.0007408223636811151,-0.009397547373734771,-0.0037372483701445525,0.006740576627979555,0.009124558276441874,0.002661512051471915
2015-01-06,0.0018556375185436735,0.0015477350254462507,0.008980164551310788,0.009306523768002783,0.0012537153404541534,0.00030688223797925573,0.0021457869249021932,0.011391668854120018,-0.002773688762622739,0.006258899775478444
2015-01-07,0.0021554728963022463,0.005125757970134259,-0.006109883997088672,-0.001234637574831443,0.003936040610857061,-0.003868759284376466,-0.0036300142797507373,0.0015419600704313918,0.0012621856920698171,-0.010452149531029686
2015-01-08,0.0018015035547707114,-0.0018865807234993426,-0.0018335120204974187,0.009591135784159821,0.008914617474810704,-0.0021785503562837816,-0.0038627767311956163,0.005766370532859444,0.005034490671026459,0.011815071485236528
2015-01-09,-0.0023547729514336035,-0.010486614264024752,-0.003656465216702709,0.004230363210219634,0.0059067367913923086,-0.005643458202020835,-0.0011376405366311237,0.005103973983589638,-0.01003138553696814,0.0007653947620196444
2015-01-12,0.006903180706046896,0.007709660722488243,0.010434091459320172,0.01400008059821034,0.002613404110602735,0.0039952230496025365,0.0007271789341856127,0.0026840741344436037,0.0032020675425086242,0.006150917322587324
2015-01-13,-0.009588507514798561,-0.004460887012063375,-0.017244933571789023,0.00010908103875584274,-0.016385951439265134,0.005058973902105857,-0.001972669866206367,-0.007109725959021818,0.002288101012655419,0.00016259180948896557
2015-01-14,-0.0010810249053466725,-0.003639682999098892,-0.0032209897022171807,-0.012721351172197304,-0.006965247957262499,-0.00024770889509695415,-0.0005810692763702496,-0.007863861362929714,0.00893296797735621,-0.008926005315956442
2015-01-15,0.0067787620548442895,0.014008590329127601,0.01155310162520573,0.00047187181529340094,0.00032858707557514855,-0.005045282850815513,-0.0026408491812823787,0.0027007064728263863,-0.0012766120690637095,-0.008989093768124623
2015-01-16,0.004084853924934739,0.008603873084249036,0.0053387520769672125,0.00370813898844502,0.008391920601413805,0.001052259795049526,0.0037013596624373424,0.01228756141786902,-0.0018423214673128907,-0.006337848162617621
2015-01-19,0.01231468691636417,0.013742808940092832,0.016910510074423568,0.002897047774424122,0.013947294881334393,0.00045850788202694837,-0.0010620729549263297,-0.00203763136276347,0.008405517211890867,0.007854939453851184
2015-01-20,-0.014202161272124592,-0.02516391591537559,-0.01220511374184241,-0.01477333605449116,-0.02199376729807223,0.0011173039091010306,0.0026618970452940705,-0.008894174183139869,-0.024303199909543105,-0.009525968025941967
2015-01-21,-0.009665850731359171,-0.0038200188597811158,-0.004324345813941144,-0.00012946693285065258,-0.009123858350592484,0.014393481902832406,0.005415232514993429,0.005000032585295688,0.0028812515843985587,-0.008029908858246282
2015-01-22,-0.016530047810644044,-0.027087766021604898,-0.01515829363930632,-0.015375757371722698,-0.026484296765981075,0.003103823247708082,0.002509276602578492,-0.00235536380247503,-0.019241269135103378,0.001698476126935189
2015-01-23,0.020059213244499663,0.009719686232659397,0.007052642345155569,-0.0005304063087666622,0.007737224735889114,0.0100986895634112,-0.0012245426063813847,-0.002683755264053067,0.0017467043106482727,0.0002054838684535376
2015-01-26,0.017035052171691767,0.005551719294385471,0.01101817972204766,0.011498820206485849,0.00680726515764718,-4.5803166420221864e-05,-0.0032069916891184214,0.001057273061044306,0.007707529929621648,-0.013829056959052677
2015-01-27,-0.023602105347422464,-0.0037305304699062347,-0.005407420881966329,-0.0051858448981432215,-0.0032479274406939096,0.006400890833418771,0.0014110056896639023,0.007140630120278768,-0.007769671654595078,0.002380623990713149
2015-01-28,-0.0037621454990043324,-0.00017354710676376062,-0.004972756754395791,-0.004364695739649038,0.0002462372683151859,0.004988484189793141,0.0007099161928099118,0.006799105327953248,-0.008794346680468634,0.011306548868915023
2015-01-29,0.009796297096395179,0.014301979270759935,0.008221134809235808,0.007940274149150106,0.00869099263122819,0.0022292635543910144,0.00042379488636279383,-0.009691034081278138,0.015463236984787576,0.0024511697089564244
2015-01-30,-0.013435884375397888,-0.008907447817515735,-0.00788743534089853,-0.010467147489491624,-0.02305505824562859,0.00938648915855822,0.0038565201657114745,-0.008071325040125976,-0.02691154192821743,-0.010821972230037447
2015-02-02,0.003130821241672077,0.004697148543054697,0.011257824663540639,0.012290516524736006,0.0013682450624008524,-8.644676770130921e-05,-0.0014442902877436214,0.008627952241234027,-0.0025926376297258358,-0.0038111559029323505
2015-02-03,-0.005946670399848419,-0.008259985144260962,0.002798041100014359,-0.004374889435400764,0.0005015920478708136,-0.0021806538565153355,0.0003071342908125274,-0.006869959677419213,-0.009349177440960643,-0.01554900357250455
2015-02-04,-0.010314893687525473,-0.004929518170194047,0.000831210231278412,-0.003846264394095855,-0.016085190892694556,-0.006439444926655047,-0.0015167313707912244,-0.003645435701344013,-0.014633568249342921,-0.0003140701228955267
2015-02-05,-0.009876220271415548,-0.006653134755987833,3.603123187190249e-05,-0.013804186547126007,-0.015578028496437413,-0.002403580377067116,0.00367851632404248,-0.0019741950225252713,0.002123207724344045,0.005362008464334211
2015-02-06,-0.004002996963936023,-0.020604179274782752,-0.014618244837811267,-0.006511969345425195,-0.0046074565293525716,0.0026794209079124,0.0008600122705322288,0.0004928845264882131,-0.018716803810907123,-0.011990023418864237
2015-02-09,0.00979943830417529,0.01934467975796883,0.014619377874308004,0.006395806449885688,0.0052109226495100636,-0.01105722825917732,-0.0036925735004722515,0.00903953814110836,0.02046539487063681,0.0012431266616914627
2015-02-10,-0.009742166707469191,-0.005544052297438151,-0.003351496280920241,-0.009284900398582985,0.0020155608204797115,-0.006442472303665903,-0.004473230690567154,-0.0009446785276303604,-0.004144057073361518,0.005370177229774287
2015-02-11,0.00868889839113729,0.013573252163190164,0.00813030178118157,0.01013090790620752,0.004465780345666914,0.0025437894620095047,-0.0014712195574736464,0.0036658979678880765,-0.004274707632678898,0.007007291607434185
2015-02-12,-0.017762471388178325,-0.01154886489806517,-0.0017018971939318783,-0.003958025612421867,-0.011650457373940992,0.004326349801383023,0.004554176417592926,0.0004357656257991671,-0.021264627857390805,0.008841504467446581
2015-02-13,0.006710431905073033,0.011249627817261576,-0.0007329376428151235,-0.0017996203272586664,0.020249811960156627,0.005105525202678818,-0.00030999813384202657,0.012352354197294968,0.007240892877215854,0.009470133236314071
2015-02-16,-0.008862426545366398,0.0024175092662983566,0.0029968216073175125,-0.0018197972913359672,-0.0157263916011251,-0.00563537944288095,0.0004689982875392129,0.002858213684008959,-0.00856027519885827,0.003444143037499625
2015-02-17,0.017047241347851516,-0.0015187192461808552,0.020206193327753086,0.007721008052240075,0.014902838046422229,-0.006537213465526048,0.0014857500609104513,-0.0057043900543348736,0.005464935707338192,-0.004011105278407534
2015-02-18,0.0005424298323744026,0.0004338770406240311,0.008817693011113237,0.000868248591975318,0.0013029532111563658,-0.0006846481906744861,0.0001963176959229873,0.009037171438800895,0.0013016490971631267,0.016114726381818434
2015-02-19,-0.00598353341729041,0.0002183195687106565,0.008464592126126824,-0.0024475762798433776,0.002791479941107511,-0.0005844113621622515,-0.001427064972251646,-0.003785777042047078,0.008465861758902404,-0.011346971632570813
2015-02-20,-0.011010909044607109,-0.024211468124434532,-0.011455318472877507,-0.01599043058804328,-0.007436620825217566,0.005472241683136758,-0.0007800720872939149,0.00445291763308564,-0.007628080706186813,-0.005958799602085896
2015-02-23,0.013638724019689796,0.02005733257427278,0.013080789773645352,0.0077418784673877195,0.007600310238779606,-0.0053785417018475945,-0.0037784346881596376,-0.007474805554044672,0.00607698989161487,0.0045015880206475956
2015-02-24,-0.013236109758627546,-0.024674992418712183,-0.014981105494537572,-0.015517826126252854,-0.02170739090716689,-0.00014439379201902636,0.0005358500734857774,-0.0008333884892753884,-0.007074888875681418,0.0002779611549286187
2015-02-25,0.012085697215044267,0.00718871438684765,0.005706858295732475,0.004966604493213733,-0.0018721361155229488,0.009442495992890265,0.0012406179717019405,0.003028628085610885,0.0005213825932246507,0.0006053899554889774
2015-02-26,-0.0020529375979039255,-0.008873993317103812,-0.005166209024329738,-0.004707799842982863,-0.013703841556705232,-0.00858775625707453,-0.0022277172236863096,0.008043670305385442,0.0008351943499613768,-0.0010208889030580703
2015-02-27,0.010756285385661979,0.016196352878393494,0.015481130185491798,0.0030979446695631463,0.02402958171689673,-0.0020178634433710707,-0.004440591593399157,0.0021591881734255303,0.017187814607872776,0.009238522233585122
2015-03-02,-0.005837869870980561,-0.004802229991873075,0.004223938523301385,-0.0005345093747509688,-0.005618333604969106,-0.0011289515289706342,0.0006676590767784596,-0.0014782999901588045,-0.0037261932285194144,-0.007786516909200403
2015-03-03,0.0034708680657942192,-0.010013964574923317,-0.00022047444040673714,-0.006174618799774434,0.002311933455652948,-0.0012996423199808094,0.003035899669114883,-0.004145086474472981,-0.0031083667453652986,-0.011056500616138498
2015-03-04,0.015086708550784866,0.0217241945388551,0.012127052173010355,0.009155300826147794,0.023315836235889176,0.0014383160711513021,-0.004678842252077597,-0.004467728789068759,0.018491139808151758,0.006307612101907223
2015-03-05,0.010644666927448254,0.023488887830964922,0.02171771464226846,0.0028550718874384984,0.01534686471020108,0.0009503427993837743,0.0020703933747410197,0.0005219173325550219,-0.004978581322179321,0.011391842962220622
2015-03-06,0.002142648876623854,0.004620392326350142,0.01819673885895745,0.007257498348520297,0.003607570477028199,0.0029961005405851893,0.002550385861487925,0.002596869845649996,0.0009887139113662347,0.0005213815696891722
2015-03-09,-0.02009804172664098,-0.022738168156147043,-0.015855384808461714,-0.008257401150972066,-0.009946577547933821,0.015312811161535045,0.004400067299707766,0.005044373640422428,-0.012967985645191193,0.017568646204372262
2015-03-10,-0.006977544101027022,-0.013642707537541598,0.005094254472584936,-0.0016221068443346143,-0.0011518679355693173,0.008411235369474968,3.5509499563213254e-05,-0.008382935774259415,-0.004415740532672574,-0.013775210840479946
2015-03-11,0.006106400876794815,0.010405075451306978,0.0016831618727173314,0.0021118035995542073,0.007370236788458495,0.011778550257288245,-0.00025241726194435987,-0.0023410969772431622,0.0012246153942276905,0.009235361926819063
2015-03-12,0.006764173737969781,0.0001980751061188002,0.003805630721400277,0.003919839419138649,-0.007530573551429387,-0.0011829541431307433,0.0006732826466802067,-0.002664832680830287,0.007800494551354564,0.003751577912420201
2015-03-13,-0.02309874262930478,-0.02682990104147065,-0.02900880571785802,-0.02596735353056301,-0.033663153461084616,-0.002455221115360895,0.0037723212391176375,-0.0014919534453416983,-0.02238596871444387,-0.008639337242675516
2015-03-16,-0.014494650289829214,-0.012290119675790856,-0.000275093181486441,-0.011906002428968332,0.0033465310060201148,0.0031558209624180655,0.002762685754872596,-0.0022369845248426667,-0.008286304241802323,0.011237813200400737
2015-03-17,-0.006990621231407257,-0.0019191485284981713,0.011971534370365466,0.0004507699486699934,-0.01839178863029922,-0.0009547846723398923,-0.0029528509730150088,0.00026439691350610417,-0.0033418969776030094,-0.005285627440548724
2015-03-18,0.006308126197315245,0.008392164148294912,0.005641791293758525,0.005988900943391773,0.006640181243987797,0.007101105560886278,0.0047114904086418274,-0.001909028522963374,0.010135405752661697,0.008005949139573865
2015-03-19,-0.0017708045221961344,0.0008597651408224216,0.005681469451941368,-0.0103931461615,-0.003498693508378281,-0.0039730033472076265,0.0003420626915973113,-0.00326339790990382,-0.01472821436756222,-0.0007948556665983153
2015-03-20,-0.0007251639465802873,0.014756849458659849,0.014111060894464789,-0.0022760601389623103,0.0054944395680869285,0.0013115494987787635,-0.0032741111897339747,0.019045410884038105,0.01513188182306946,0.010437766324893571
2015-03-23,-0.011215704368979895,-0.006018456465456845,-0.010969117639883064,-0.010682159272553782,-0.018114358938583375,0.0033660689575250036,-0.0017874891112057423,-0.007651020748482895,0.0007730260680247625,-0.017885697848944893
2015-03-24,0.004698193895524616,0.01398547514014381,0.004269224254324744,0.0072290277503530564,0.004773399097672382,0.0020227440932376606,0.0029070840278759835,-0.005845167501181914,-0.0035103925365140842,0.006095690472455839
2015-03-25,-0.01571315960762898,-0.032757625964525694,-0.02092868640785761,-0.024043196698985025,-0.020917691368684266,0.006183381158356482,0.003249010845624456,-0.009482172670228328,-0.01247792809946724,-0.004554243579599437
2015-03-26,-0.013128322372756962,-0.02167485749610787,-0.016988117349639564,-0.008518614732828889,0.008767445087056736,-0.003905490447300042,-0.0024537017579385756,-0.007325591484930727,-0.008453248704237692,-0.014619188030782326
2015-03-27,0.023561922442753458,0.029237881389512665,0.026744355203013548,0.019947870603773676,0.021258035586437796,-0.006788391638444691,-0.004221616884628965,0.0014058560825855881,0.029421269119034532,0.0031822743451019875
2015-03-30,0.0364571053852254,0.04577098594007456,0.05151379567486947,0.02500105046430523,0.039089783727241256,-0.005984630104761357,-0.004474145577434863,0.005840296371945941,0.03241362230274292,0.00674184557058588
2015-03-31,0.015169805970796757,0.028591399411757923,0.01785162701564591,0.01720803178128749,0.0066002586839786215,-0.012716501640047784,-0.0019735769420683447,-0.0005705863805585132,0.030078887175906344,0.0014156583089670605
2015-04-01,0.0049066966821433855,0.014244783116615478,0.011458303496017619,-0.0031983704064640905,0.011679098620167805,-0.009220281514336959,-0.002957702531003692,-0.0025043433461240383,-0.00545489605660332,0.006360413708510038
2015-04-02,-0.0022059441223049037,-0.018945549776648973,0.0011419579220650622,-0.005152005763042644,-0.0002606461758672962,0.0037873060220046106,0.00021976776061305436,0.0010692487258241457,0.00011558753891760531,-0.0028902872391366463
2015-04-03,-0.0014925900595166297,0.014114512193250217,0.004618430910842575,0.012137170998247848,0.0069355190303876935,-0.0019544131570093937,0.004326843197935304,0.0025905571835607155,-0.007950757942928766,-0.01100633506989901
2015-04-06,0.0014167490761463064,0.0030607448127657477,0.002005995155476059,0.008114264022017759,0.0017890481848001905,0.004219914147113535,0.0021691755973156646,-0.006195490417299387,-0.0035190651102207093,-0.002186806988533574
2015-04-07,-0.00101973885953488,-0.01206417757745204,0.011610112273362727,0.0049532016583087035,0.013251272831000804,0.008942484785004146,0.006933125576121357,0.014962018596160753,0.012237278291729048,0.008510793680665651
2015-04-08,-0.0041601198713879795,-0.003995414722330115,-0.004292093598721847,0.0007340940288882436,-0.0039617812659955565,-0.004860378919678943,-0.0016769153337781173,0.00462099129542537,1.2667575254754482e-05,0.0014085840770814428
2015-04-09,0.0006885872154744899,0.009118220629315221,0.01187091287048525,-0.004037705654318047,0.0007811188499737831,-0.0027255501322055453,-0.005009269604292155,0.006434922901463969,0.014431166013177066,0.0015769525739162127
2015-04-10,-0.010973267995626923,-0.011342506861153123,-0.001847227779801952,-0.014346508624623944,-0.014760352872308036,0.004714695586369944,0.0008352253797458964,0.0025137148765572714,-0.004823735688372133,-0.010468696307146419
2015-04-13,0.0038429784349787166,0.0030160812843511575,-0.005432494333841964,-0.0042909561680660735,0.00274664899267818,0.0019019545156517825,-0.0011119339096689052,0.00091120778506526,0.000391932248126281,-0.004175655340061257
2015-04-14,0.027182795517983305,0.024410424563265032,0.011212568164503,0.02705651822399191,0.018120502467551924,-0.02297560199214077,-0.0056838870134600095,-0.005757489079345368,0.013124217457098242,-0.0019655458828153893
2015-04-15,0.009195550586279078,-0.005482763649417244,0.015340044076832315,-0.0004671099878156282,-0.009908950983620435,0.002141474944822308,-0.0034392921869956794,-0.0070126436430513195,-0.0034235277410615828,-0.0029887136178471385
2015-04-16,0.01381019003722428,0.023526790875790127,0.02306085641868072,0.021039639484485617,0.02257456032930727,-0.016141950685614748,-0.007307151837881776,0.01453996828033488,0.014935941843436717,0.012920295462639286
2015-04-17,0.0021776092532379554,-0.010339982367203016,0.005743163334650525,0.0016094118969975924,-0.008400536504852396,-0.0036172572848433004,-0.0015935892539383767,0.006731791656442443,-0.01598838779076417,-0.004535611786859128
2015-04-20,0.0036787136884297578,0.011313810699680182,0.002164213039276941,0.008114821389729077,0.010532846071963808,0.005705587499225118,0.004493836586475286,0.007336054177817575,0.0033921694738405783,0.010926920514060967
2015-04-21,0.020233384836253476,0.03270469337400095,0.024584434017778323,0.016487034839410164,0.012992763906081839,0.004380576270291092,-0.00013606527379628197,0.0028264163196514147,0.01687215099689121,0.008561202596837791
2015-04-22,-0.002105400708756533,-0.006225926403099158,-0.005927363160669774,-0.004531222985129313,0.00020366801120674793,-0.005891531431595154,0.0002330630427711533,-0.007223275337277957,-0.0007156943597833587,0.00431519816097925
2015-04-23,0.0007045838997203901,0.006580547329871234,0.010797746896134885,-0.006155399107858339,0.005684988088675347,-0.008581444360095225,-0.0011150015403598168,0.0037196270036818913,0.007811535668253988,0.008387601545041035
2015-04-24,0.017039706255737253,0.017812095845828102,0.016841033862494914,0.021898372242913355,0.0273687572121597,0.005464304138090625,-0.0013213348613224651,-0.00559772890153698,0.01569637487298281,0.006606259456334973
2015-04-27,-0.007788998040268114,-0.01723594746657764,-0.018964311038540127,-0.011912492158378307,-0.0066238641771362294,0.0036147620610014197,-8.54360530737619e-05,0.004737797774193586,-0.0013432605617016424,0.00937789216977758
2015-04-28,-0.005189881134980423,-0.005466601427390305,-0.010050664072828064,-0.01570353158099458,0.002287196377906753,-0.0004911831424022628,-0.0028807735994149652,-0.0026491800356009954,-0.011434476406564253,-0.003086659367194766
2015-04-29,-0.004579793267275978,-0.0113067042872258,-0.023033440678604578,-0.002365951194204685,0.01560289737057663,0.009222426915633575,0.0027601680471438517,0.008266113264884467,-0.009338321346195388,0.010033164155858199
2015-04-30,-0.02259094720342103,-0.025371807978383343,-0.034930748080618246,-0.017825980734329283,-0.022025506804534745,0.014986122783577471,0.0018666677119796304,-0.004932996294885528,-0.014626967526053303,-0.00046726331916480124
2015-05-01,0.020136596915121263,0.03019557115561744,0.025627295151382956,0.018830009327943875,0.026719638229287357,-0.015522428241834918,-0.006803264064304648,-0.0006646590020928933,0.020132094591891248,0.003102802097616486
2015-05-04,-0.014217261633485578,-0.014088155533668822,-0.01648753429043659,-0.007842378139697903,-0.019999132050609325,0.005475662397748771,0.009414428681507214,0.0017174232800696299,-0.006524304800345049,-0.004284479352561599
2015-05-05,-0.0070331864192092475,-0.014703655250054237,-0.013689479777771574,-0.008940530051359974,0.004710110796298572,0.008120535919001748,0.003005063336588343,0.0008044006346212829,0.003645705475233685,0.001985346253840836
2015-05-06,0.0027424856993238933,0.01214624006370335,0.00634426915639974,-0.0033112259783147913,-0.004336227089759337,-1.5685179622693113e-05,-0.0014054245027904644,0.004483516788873931,0.015805753723470817,-0.010449924152168943
2015-05-07,0.007257346215755245,0.007835348812530896,-0.007282344119939332,-0.0019814136812743577,-0.00020121566455888473,-0.00026665223607513777,-0.0003756190505875834,0.0071572372192934,-0.0022065372361959046,0.006242026241220611
2015-05-08,-0.0012550360054562892,0.0076791251243544245,0.002987735772536082,0.002460511465448567,0.0016446653432060643,0.0018231326030866413,-0.0007413857755277364,-0.006689564910478452,0.005712003533751009,-0.008255280416614386
2015-05-11,0.002235302291879737,0.0013709883727215377,0.0016552385220225396,-0.009447050097912135,0.007087051463502636,0.006933149994557741,0.0026330530464619972,0.004189951858068364,-0.005138617793200906,-0.002082513280648235
2015-05-12,0.009619479421068444,0.006214074320616714,0.008420285421603335,0.00893383788733737,0.00035832311168126907,0.005092125635835165,0.005622659332672919,-0.001301788427369388,0.021961096277615333,0.008987317020545005
2015-05-13,-0.0015008313428517273,-0.007107237939598332,-0.0016254835868760864,0.005425313621746142,-0.0057231385838782955,-0.010006537945228211,-0.007703598701004233,0.0024663513302993767,0.006576486679336524,0.01911028929731584
2015-05-14,-0.0017938805684223347,-0.006630482933979609,0.0183155438234055,0.00411893764331972,0.0034003726127989076,-0.0004923713699335197,0.00010292983538229272,-0.0007508746451909687,0.0003427869400915995,-0.006504194054357426
2015-05-15,-0.014915178839440713,-0.019808495518751634,-0.02371465541718476,-0.009615206640124607,-0.017593549191889712,0.0061443812300023826,-0.0009551217526835298,0.002890837675438851,-0.00523941631051883,-0.002108115850008252
2015-05-18,0.0006294184173822881,0.010019326619875812,0.004233704013693496,0.006483347098023451,-0.009789429987709264,-0.004040411890421702,-0.0011152439566888273,-0.00873602746784885,-0.006685557638476891,-0.01165286397341625
2015-05-19,-0.005339702102932109,0.002467395135706596,0.00019012247424510242,-0.018054119916918077,-0.004143708853694528,0.00761733243546292,0.005098815927744749,0.00784671494952871,-0.010222758903385754,0.009466065710356242
2015-05-20,0.00453119133994373,0.007096279248177906,0.0029212880485796067,0.016276232198574547,0.0076219436699238585,-0.01054430645397364,2.1765644640181492e-05,0.005214911639081166,0.007665495948268042,0.007318205021114688
2015-05-21,-0.0009063474298505181,-0.0022680487163443397,-0.012580413636654186,0.001139474920033079,0.0006971204257104624,0.0007286547593050585,-0.0022216020875910347,0.0020681738987846643,0.0016071121842191616,0.0052959290383680635
2015-05-22,0.008686624398762444,0.006651463494663279,0.0023182488442234916,0.012063270659789183,0.009046428948572771,-0.004426619783079899,-0.0007058268106677756,0.004876462273895932,0.017992854236704492,0.002467404596744105
2015-05-25,-0.021336680885832293,-0.028974462925057343,-0.018892041026280504,-0.024750198075042973,-0.01804098202391946,-0.0014218739198472718,0.0020542685517601633,-0.017342373976193204,-0.022097122579386785,-0.021292574537071896
2015-05-26,-0.016806824859672886,-0.004346140220208183,-0.010626563230548003,-0.015616873684097143,-0.012384335756774667,0.009396943574284444,0.00242428014595486,-0.004013865200969469,0.002562403665757662,-0.0010876237755890195
2015-05-27,0.014039687054303807,0.01619405974991661,0.011476322438168207,0.019368038273327892,0.00796128524941242,0.005862350879079825,0.003149530519711341,0.001672193270046085,0.005529105019603797,-0.002916402257773565
2015-05-28,0.002012162403863371,0.002898622648775051,0.0075434097603162,-0.004343863098163703,0.007007063498452704,-0.0047209685230023,-0.0022870335410954956,-0.0012970393036130234,-0.00022207893557091296,-0.00039459121957508003
2015-05-29,-0.013320540854121155,-0.00857359906969668,-0.015505859436551583,-0.008494070575099877,-0.011381524184708725,0.0021626553484068722,-0.0019440920384506954,0.002792186866534152,-0.006649316211695955,-0.002074264708346263
2015-06-01,-0.010960444544035997,-0.014183367979140327,-0.017580791078436464,-0.01033831949127606,-0.01763229850945347,0.00015691636047265867,0.005448932862278433,-0.012664963814388974,-0.01516821293178261,-0.005818670248488922
2015-06-02,-0.006687805744965303,0.003963223684457118,-0.010943451849897978,0.004526645836839593,-0.010357184984160828,-0.012233672385189465,-0.0032139307942326,-0.0062716199398317185,0.006244482672763008,0.004405756530949656
2015-06-03,-1.8833101058435275e-05,-0.01150092969350458,-0.0041117466373410405,0.0008522626389364518,-0.006078696351581758,0.0024029672241876465,-0.005329891192694003,-0.0033323988622931955,-0.005894319801821424,-0.011417364671004182
2015-06-04,-0.00201204085604334,0.0035267953306099553,-0.0003788469505577874,-9.09761651457508e-07,0.0011862498544148448,0.0010181853552313491,-0.0007965581206839101,0.0005639707498479307,-0.01017910846708081,-0.00019049148162930685
2015-06-05,-0.0131544322164594,-0.0013170765231815817,0.002474863315213627,-0.007133447599500853,-0.015590828012305158,-0.001640917942348441,-0.005560071076554096,-0.0006929116060929719,-0.0006343872162402064,0.018744530832157436
2015-06-08,0.012707218711621282,0.011892888588068251,0.005563930576231169,0.013840694114704233,0.0035197921563170365,0.0026569420755231388,0.0013993583659510644,-0.004382294399710496,0.011705726262574156,-0.01124136608981463
2015-06-09,0.018057419088852056,0.026399780886849245,0.02223653469920195,0.02133576513034452,0.00952008778647917,0.007624044352382731,0.0013833035419150708,0.003175529467891236,0.004674749498856601,0.006157456602259304
2015-06-10,0.009429646040496564,0.017470292877914906,0.004689447405243907,0.000550413739459632,0.017162750187500242,-0.005191334309654239,-0.0026556217831386064,0.007856724817187022,0.014742464021199941,-0.0010487205206809458
2015-06-11,-0.00012045720655651238,0.011806380708721864,0.0016415987360374196,0.00932977559541559,-0.012152617026066181,-0.007084156277846421,-0.0034226779867060353,-0.007763880297073422,0.009491690352575244,0.0005363364590500463
2015-06-12,-0.011883820341955897,-0.020704631034552667,-0.003047594444275492,-0.023074226930592467,-0.011787883452332948,0.0025908610404972165,0.001790406725318494,0.005853080669335986,0.0003865335288657512,0.0005205989238716846
2015-06-15,0.010152473076728397,0.024478845469973143,0.011791703280748855,0.016336038216983262,0.016986010036713184,-0.004895323240390104,-0.003026075152246399,-0.0002940818490292374,0.013657273802260672,0.006278177441933153
2015-06-16,-0.011469116848340288,-0.0032690507889221454,-0.012363840699738837,-0.005171607346153628,-0.0005313591757001301,-0.007800883916225132,0.0010708511020547373,0.004527236963872916,-0.012844964688534133,0.008239280062129817
2015-06-17,0.018260531260605672,0.011815997707685932,0.00861903937484687,0.013859392326458275,0.007820525991370397,0.0001406379240889155,-0.0025274648291974122,0.008675286607425559,0.015095742397088774,0.004662027800111712
2015-06-18,0.0008301968084674094,-0.0012085808368049733,-0.008534043923936196,0.004723184465815544,0.004868269602408937,0.0041247990034383175,0.004360685336228798,0.001039748682255759,0.005987012486849963,0.0009162226071837143
2015-06-19,-0.004012504556202834,-0.006974979061976527,-0.009804893599820508,-0.0012218370053759253,0.005987593685595094,0.00011155769352488853,0.0007086971757395144,-0.0027663141067448827,-0.005349594129349433,-0.007840319140605345
2015-06-22,-0.013947433609013182,-0.02220260137316654,-0.004997204092038743,-0.004047545140330011,-0.007690568885296067,0.0045425023001264275,0.0022918204230328865,0.0031490014826605073,-0.007017873192102564,0.0015746182678271214
2015-06-23,0.0006843883976523912,0.0006046867264524192,-0.013473825665447081,-0.0032121489092351574,-0.01879958708654672,0.003780113923183448,0.0014084518075261343,0.002436525831820857,-0.0003026099256056014,-0.005196547643408267
2015-06-24,-0.025375303864149767,-0.01091190557861288,-0.02049305102194543,-0.014059902139286762,-0.012428830467852592,-0.002115952967316148,0.005088483287793988,-0.0063148645282705695,-0.006077158278886885,-0.015438751586013488
2015-06-25,0.014716123923691926,0.006945112728712122,0.01640291112419523,0.023517904340924156,0.015733092365827872,-5.582173525409129e-05,-0.000931603057712671,-0.0013152828345495138,0.007746579603479686,-0.011680173522415904
2015-06-26,-0.03210170589279937,-0.04300343327827583,-0.037199191986702296,-0.03051832587869452,-0.026078936296706767,0.006896334823306427,0.004705204158340859,0.00789581567087616,-0.015025670976855254,0.012025501341905942
2015-06-29,-0.008805879940423478,-0.002747193218314292,-0.0058783899383837435,-0.023310305821516497,-0.02127180273647311,-0.004112115670237282,0.0009436120103123447,-0.013673632723195439,-0.005273881222183641,0.0015040846884177839
2015-06-30,-0.0036901895836258802,0.0015332569381529826,-0.00467139652770221,-0.0003538863151701932,9.92879250538703e-05,-0.0060180030423260256,0.0013370081692283264,0.0035739784074475534,0.003450460454174298,0.0021896282896733954
2015-07-01,0.004921354503645947,0.015278912308966497,0.014839431837642358,0.00460490926728796,0.0018781605398561219,0.00013962679414514234,0.0017978320806271153,0.004413826261846943,0.016498766305353962,0.014073522300363628
2015-07-02,-0.008989717181713819,-0.01215030027351649,-0.015352872315101851,-0.008944270385696451,-0.01616279907754381,0.0007193325351266822,-0.0020733718818339852,0.005867357233206638,-0.009947885556164882,0.004354871917485292
2015-07-03,0.01696829227340224,0.015654478525761073,0.015439920585705202,0.00930760059144542,0.015269132655396866,-0.005041166372677486,-0.004455597625022678,0.007529188141165655,0.016147652941459034,0.008384323253056492
2015-07-06,-0.001615425206460408,0.0011028604923146723,-0.0007329848054451471,0.006526061697453178,-0.0016468046038379258,0.0026133632456086797,0.0023683513025931635,0.006095735799729773,-0.00039379758668955933,-0.0038277769252661464
2015-07-07,-0.005564238419185741,-0.021483475317035317,-0.001344655199564615,-0.012782948069102962,-0.00964960776449253,0.007848097865377435,0.0026589722672838434,-0.009188172266800132,-0.0155898512912932,-0.009265543566487122
2015-07-08,-0.0023879240820567915,-0.015337220337957702,-0.004021422531241159,-0.004756335641667886,-0.003158789608010859,0.002257778753361084,0.004592331934804017,-0.017559156091641492,-0.0015561483303840884,-0.01890306539428066
2015-07-09,-0.0246783512320653,-0.014922349828494608,-0.03734384010802094,-0.010919218509282902,-0.014325937028466185,9.933748934276565e-05,-7.005588303887755e-05,-0.005518362997805948,-0.007145238856404279,0.0008472481366972318
2015-07-10,-0.0022698888960879238,0.004916602914877943,-0.0009535577332764333,-0.00011693674377000196,-0.0055589233809913985,-0.00639685530311751,-0.0014612679309432552,-0.002947193011888949,-0.0012000204965992856,-0.0024827513405096813
2015-07-13,0.002951299086620063,0.01855483145195702,-0.0033257106691425564,0.009409362957030432,0.0032720344212420205,0.0007273196695891659,0.004966175112222748,0.007998122247618866,0.003973907539400967,-0.0024414450043992453
2015-07-14,-0.002622231251995566,0.005702218333360376,0.0009037366429265337,0.007449350533791366,-0.00037777843945863143,0.0035513654075771672,0.004235795966748945,-0.0054307497001621075,-0.0006256296866119504,-0.0001686469077772923
2015-07-15,-0.0062935599298451494,-0.023552422553825614,-0.010015920816595969,-0.007186341626775894,-0.010552937825445086,0.0007014892734844569,-0.002843530928937632,-0.012035031773019678,-0.0017067027815110825,-0.012561552901488193
2015-07-16,-0.0032190847346901252,-0.0049592594172603865,-0.003143828422972672,-0.00231301292173558,0.003662410944522021,0.0027092183916688217,0.0022088331875078637,0.0018187515569669799,-0.0005225763359437696,-0.0018142857438053772
2015-07-17,0.003490505914311326,0.020438687348300455,0.01439978374331985,0.010593377768860934,0.001503485950280048,-0.001985610184570996,0.0021550389611779686,0.0037520243902959827,0.0022305939709557077,0.0011026948398986658
2015-07-20,0.011934990952198188,0.017840756637527155,0.011087252862135744,0.00690335940207043,0.014192415612031661,0.004839281535358397,0.0031291097217518438,-0.012799772852300828,-0.0005942382384013234,-0.014363357515810526
2015-07-21,0.00796407985222447,0.013367431274854624,-0.0017063909409225086,0.007754223518801728,0.0072977477386027,-0.009884316883877475,0.00045094439771942163,-0.008714766135799246,0.00399828259830981,0.01079208384705077
2015-07-22,0.0043629121555457395,0.015536966370980121,0.010349773432112075,0.0023849054416240634,-0.006310408325927885,0.002321497968000852,0.0025129008498709915,-0.0030233065892560917,0.003321273088116028,0.006803107026648547
2015-07-23,-0.031206822830850522,-0.03835891414710002,-0.028626561563020347,-0.022070012469954547,-0.02325191169067775,-0.0019142729098595712,-0.0008279520242743255,-0.0006453467010562042,-0.01638735546271486,-0.011264415524442573
2015-07-24,0.009403456859599313,0.007876561045480956,-0.0029530546224573184,-0.0007521464819133516,0.013062783291266422,0.00979810863476005,0.000266347959706259,-0.003527309896561359,-0.0034128787852356623,-0.005065297016284331
2015-07-27,0.00025739996807794263,0.0021745448457550776,-0.0012686020558789757,0.0037811326198282647,0.0035611095530350134,0.010118102939413065,0.0024966317092711687,-0.007432475380336312,-0.00786789057631565,-0.002598632783848087
2015-07-28,0.027329066912388456,0.03591944988517359,0.031751872850507734,0.01968934446541759,0.014010990796438083,-0.005954698344880716,-0.005673240421440906,-0.001913805159913129,0.03701905399750016,-0.0005722081913319688
2015-07-29,-0.002500505898503036,-0.005521853675860333,-0.016468682731968443,-0.005847947933116715,-0.0051859868482494464,0.003364347686487301,-0.0007024513497263518,0.0004395442309819142,0.006985030909986811,0.011149381388031454
2015-07-30,0.007839426095672009,0.007853686932962622,0.004863601573759091,0.002253703389006434,0.008334023616901831,-0.017185047084385507,-0.005880216016639128,0.004564533749684907,0.008027346231513022,0.007240305081104292
2015-07-31,-0.011260197719888732,-0.0077509079635043054,-0.011262907891932405,-0.001637514495992809,0.0002327566141671067,0.002277610522308793,0.0024131902681781003,-0.0038877612571160958,0.0003010250943635828,0.0096570525038151
2015-08-03,-0.015507373485384557,-0.019575548828646316,-0.006864438293483266,-0.016546406499044153,-0.02766056469128142,0.01427647747496108,0.005606522397048064,-0.00823019801980196,-0.009735130718844687,-0.01793131553786098
2015-08-04,-0.02105546718948581,-0.01464054158017869,-0.021023612650832746,-0.005687684348756106,-0.019205844342938483,0.003666259734271593,0.0020215653908004505,0.004346088594544328,-0.013882289877319431,-0.015097167719707372
2015-08-05,0.013851335921443164,0.004684578326658695,0.005124096592003191,0.015592914321166385,0.018263328373419485,-0.006739960395795497,0.0026689986590537895,-0.0023555618995073635,0.006805158330605021,0.00860207326241147
2015-08-06,-0.0022366602810353076,-0.012260328550150135,-0.012074842934766794,0.0019204459824271325,-0.003623614009929166,0.002458495428734997,0.0015174082123101673,-0.003880100879657622,-0.004823784612154269,-0.002136193886489779
2015-08-07,0.0013590008409101184,0.015835143471245816,0.00587548247006886,0.005397062420819276,0.015342246115394698,0.00037623058754698846,0.001436559146282157,-0.0022631539778225074,0.012370686289150168,-0.0077265026672080905
2015-08-10,-0.005145697058780541,-0.021860100966165974,-0.00906905749013065,0.00286879181195987,0.013364086120188468,-0.008920895153945119,0.0007760772125178228,0.007966977434231914,0.005285946568093225,0.006559791960480288
2015-08-11,0.007626469548507542,0.006940798564790462,-0.010516611587728097,-0.0019788733095614797,-0.007544028988137552,-0.008171972150018858,0.0009503153147722987,0.0016716740420621434,0.009226670651339086,0.005305872696904412
2015-08-12,-0.002071257091131984,-0.013679544977534652,0.005337643373628742,-0.0032490296902536464,-0.009297136138483597,-0.007459143965808379,-0.0008199134309951894,0.005350920028752926,0.002776442059195583,-0.0014787794108725993
2015-08-13,-0.012330515970626621,-0.02291838179008332,-0.014941053086761968,-0.014813891333250173,-0.013900374126099013,0.008038687223286045,0.002256800542536297,0.005354773000833424,0.002738825883035201,0.007148592695001232
2015-08-14,-0.0050654284508231395,0.0024400026410367204,0.0023961901396456486,-0.005943902858061345,0.005437151314663602,-0.0015091512951712627,-0.0009247459767910415,0.007110440609035873,-0.0020826672998683904,-0.008347846101796508
2015-08-17,0.0031980644199565145,0.0030995970425540254,0.0009540042739391019,0.0035347016828859434,0.01312773043816784,-0.008125327522961134,0.0013613120971653903,0.011620218934185411,0.017516958649210324,0.008081142811600106
2015-08-18,0.011280417063388226,0.014584733952578421,0.02283706432211341,0.018577006660240647,0.03436402195956134,-0.009048339376682257,-0.0064666477288952695,0.0011988222701144746,0.01392059687882341,0.01401597585451686
2015-08-19,-0.008497334834325687,-0.008164101137487556,-0.011122322473693935,-0.013932043336054356,-0.007158623907542627,-0.0009757114395552158,0.003943818363489449,0.004060080012095568,-0.013797119973611882,-0.00018055775933312201
2015-08-20,-0.01740706542183923,-0.021390478490707077,-0.010517813874181159,-0.018023873265924695,-0.014301181582709988,0.010782631584860702,0.001958135529499083,-0.002006844109177397,-0.002507198887895856,-0.016742231878030256
2015-08-21,0.008369297879252002,-0.0013305494960432762,-0.0004353425601770766,-0.000567041909466659,-0.007589913611782961,-0.0017609967019024397,-0.00273257326589893,-0.002058076663713271,0.004229989901463949,-0.013178683411750436
2015-08-24,-0.012372666462641568,-0.008694473702829386,-0.005054895200072518,0.00035037522086311945,-0.02131414105951701,-0.010171033710438926,-0.0072399732176786635,-0.004821875794957409,0.004116307870091207,2.2559772822949853e-05
2015-08-25,-0.007674564898301539,-0.008198748273498091,-0.010814123475074489,-0.005180544365629869,-0.00599352408643361,-0.0035017854445290597,-0.004919317720936456,0.003342487611482259,-0.004870999691503397,0.007733597652708646
2015-08-26,0.03194057044111975,0.027965904138329556,0.025818888861230738,0.023339931227104538,0.016374775514002904,-0.0005999274281336398,-0.002621035912161007,0.002967501729547628,0.014897289888887055,0.010730655578065962
2015-08-27,0.007847196942118773,0.027086771929616837,0.012297380369487687,0.0019065521935957008,0.014568264151754384,-0.0014103530239486517,0.0025047159523545748,0.0030817930926907433,0.0030307687657833426,0.012518731031045949
2015-08-28,-0.0046335070851458715,-0.00646927024634858,0.0011523856958570722,-0.007682584515334212,-0.016285777965249437,0.0033102844242915985,-0.001270221250557313,0.0015679057259232465,-0.0008090967607921051,0.0036202509840166375
2015-08-31,-0.00822604733549337,-0.007768453700885525,-0.009789324236004315,-0.003807480995066337,-0.009142308243244357,0.0051338629600847785,0.0025979406027771823,0.0058109721181596186,-0.0035059306949879465,-0.002947871443380934
2015-09-01,0.006547150114512235,0.010691245137133931,0.01273130112536247,0.011216512972003434,0.010764910530204785,-0.014178010303413924,-0.00796116312417905,-0.001965689651876157,-0.0014301002293568565,-0.006054582095159855
2015-09-02,-0.032216106917488774,-0.01792283219673696,-0.02644419959074451,-0.019735351596676387,-0.02119675920948938,0.009283716152186816,-0.0012864059017904106,0.0043485016506426,-0.008363333649295979,-0.008211757218449467
2015-09-03,0.00874821731449793,0.00420586053849159,0.015768486643110702,0.004628007241713306,0.009680401580037135,0.002325549560054041,-0.001086466414183751,-0.006407267692394525,0.005996695379969497,0.006875074062447251
2015-09-04,0.00669305723308633,0.017050955519798627,0.0007547237299805332,0.007657238512505549,0.02304956488838439,-0.004634684212429074,-0.0016407156293185565,-0.0024798970501455075,0.017238403716964168,-0.007517756854971913
2015-09-07,-0.0017707911922787423,-0.004585834056974214,-0.009011432053712909,0.006232001210205507,0.009063692712802052,0.0023479066584017882,0.002801515951126543,0.002294333232123247,-0.007072333514218987,-0.006729369634759563
2015-09-08,-0.014343147085864483,-0.022334206346295904,-0.02165458875126347,-0.006283791635999458,-0.015146086894374244,0.0026693292857229434,0.0010309952566525116,0.0019456124519197093,-0.007752424152442594,-0.0104738213809219
2015-09-09,-0.018694103010815977,-0.02574340103877759,-0.018614180398199842,-0.015005499324766358,-0.004512295306933756,0.005359781561194987,0.0064862746002281035,0.003711912969480924,-0.008368945639260716,-0.0011359379001799619
2015-09-10,-0.004149317984288747,-9.016922433191521e-05,-0.00862198498172484,-0.00861823643706694,0.008685119781381312,0.0019131318327563207,0.003066833448645001,-0.009727006018213857,-0.00014438855349985236,-0.013159372503480538
2015-09-11,-0.010155652688218497,-0.018199614162505706,-0.014468742155344327,-0.011855427091927329,-0.009615634068511958,0.01161632791689815,0.004341040418420761,-0.002971185710888835,-0.011094154931776345,0.002229632858561148
2015-09-14,-0.013497626924328765,-0.012044599383683186,-0.021151866479683812,-0.009202409728948813,-0.010130918902129915,-0.00610479343714998,-0.0035695551586856222,-0.0023218672338840562,-0.003846758507368264,-0.003175247070788201
2015-09-15,0.0011005921530486962,0.019149471801744644,0.004220449245120994,0.006926834761740164,0.005694292570389559,-0.00354216540730945,0.001494100812246213,0.0023401921541827964,0.009731291679240472,0.0068342695019201205
2015-09-16,0.008001879033527448,0.010829780975213366,0.0007587958223205238,0.008468096881276033,0.0011944343681338232,-0.001013825911607702,-0.00053172620354347,-0.0024514648630531433,0.002437987613871817,-0.008653674413772516
2015-09-17,0.015189870329185062,0.002986182442058505,0.01690167267738807,0.01002418807422778,0.004889367385882748,-0.0042418381457949295,0.0003594861400233462,-0.011276594980920818,-0.0015259078140310578,-0.012286650712276748
2015-09-18,0.0021066116119603517,-0.00417831803743407,0.0054624226637212114,0.0006398758110852665,0.012858426538088663,0.005899872562752595,0.004117790068680405,0.003175333907454281,-0.001988214455357795,0.01570978931280842
2015-09-21,-0.006137463349702221,-0.005805967588508265,-0.003035075379957841,-0.005636009160643218,-0.00032738567323409296,-0.003970090710846641,0.002270629360047405,0.0029220781570855614,-0.003857343748772557,-0.0008163773452067868
2015-09-22,-0.011249105609832277,-0.016209504320424117,-0.013594937388330286,0.003457090317197986,-0.01166243693455582,0.016988845505864658,0.007092380616625649,0.002958310839874745,-0.009027434568186887,0.005013974251287356
2015-09-23,-0.019260385573809047,-0.011172604491461624,-0.024624103440669454,-0.010523252121004134,-0.014699197555236299,0.005216352212121134,0.003184274123425146,-0.0021378914820388006,0.0018841421681763393,0.002713218890786795
2015-09-24,0.012765173808685581,0.01863721102088456,0.012423622616771546,0.004993738664203828,0.008217104346994075,-0.001968241025172346,0.00024583353259055585,0.010108774976274715,0.0164534195986068,-0.0012591424614529778
2015-09-25,0.002763136879092798,0.01743782840195829,-0.0005294217789161282,-0.005082375283506191,0.002696666375389123,-0.012659149122992375,-0.00597400482432453,-0.001584883354012856,0.0008928426063710138,0.004442436509940917
2015-09-28,-0.017693422643807355,-0.017159218547593946,-0.012933398315389533,-0.011742181780549532,-0.004005071466255283,0.011115734741030447,0.0054552860436662964,0.007274864606289011,0.0005036059225098644,0.002382100881228588
2015-09-29,-0.0012684941963583274,-0.004748562189367478,0.007312506670630103,0.00728086148619167,-0.003464195628264166,0.005607297875059203,0.002563728842696733,0.0075474484058926095,-0.00025817947700779165,-0.00038582700534639525
2015-09-30,-0.013248060185757637,-0.006750943009408927,-0.010750004951181391,-0.012605369627556762,-0.004279681379467881,0.006403900181787936,0.003489832814567606,-0.005972578417833718,-0.005322993079393434,0.004276132549505318
2015-10-01,0.005157490131158404,0.008313604810319397,0.009348310917673963,0.009522806771253833,0.0034210142055528525,-9.604756523284852e-05,-0.0002384833351410931,0.0025027589887747226,-0.003615828815454747,0.013843711835117123
2015-10-02,0.005581801790004226,0.001819599150578055,-0.0036376510770640413,0.0002559110626974004,0.0013474873047041314,0.009563073290556945,0.0032853156570817887,0.007958998115067173,-0.002852490284402487,-0.0007206771866096195
2015-10-05,-0.015610658873232763,-0.015425085087192425,-0.017309080050762704,-0.00416304218748953,-0.0042889820815859014,0.003420684321019385,0.0003688599265536663,-0.003527560778349925,-0.003145003899989174,-0.0073926159994551766
2015-10-06,0.0023977490415365565,0.010522410039630614,0.01264173972054694,-0.0011410910070975833,0.008943777502091965,-0.0025747377468636756,0.0002206420238650697,-0.0038511842162688437,-0.003916255133027846,-0.023469972015225826
2015-10-07,0.008252129653481655,0.01155587917410883,0.013765221061728505,0.005874062887026188,0.0014033650702998113,-0.003003820325850781,0.0037167759023228886,0.0040823075743516846,0.008611717663467688,0.0032664231483818806
2015-10-08,-0.004084113866856587,-0.023112283245440235,-0.01123501274755112,-0.0062459955381610754,-0.015263423501845064,4.7676867722223903e-05,-0.0013415216055777668,0.000493346508007475,-0.0018041204929029053,0.0010359651372724432
2015-10-09,0.014057932735748846,0.020317015132796268,0.02865365252993346,0.01401534755323719,0.011191591589303274,-0.0039039341536951655,0.0002636429698161802,-0.0035044797831189634,0.0027351044133023805,-0.0020348138013334127
2015-10-12,-0.0027828284653566016,0.001756073473208719,0.00020371419480502695,-0.003844662239479879,-0.0007564374902855331,0.003881408608574999,0.0008431398172410454,0.00026612509856160926,-0.014068969864589498,-0.009740677699426437
2015-10-13,0.005557444000659828,0.013332826707141976,0.0017166699318957868,0.00354612656086295,0.011674736413412434,0.001693280858544144,0.0018537875764510492,0.0015561000533519387,0.007993339993340065,0.00027660619366765005
2015-10-14,-0.0068130270246756774,-0.00979280361187529,-0.009288986828499435,-9.578736737125837e-07,-0.0030257115593922412,0.004682812389646962,0.0010639739168083473,0.0012232165945962326,0.014761130147168622,0.0083218834633072
2015-10-15,0.0007758214009081499,-0.005710881993527761,0.002675808850692185,-0.013109471655533,0.005836119447905297,0.002587993300405822,0.005885723406305443,-0.0010816745194220934,-0.004743323373548103,-0.012117011289972557
2015-10-16,-0.019096668679737805,-0.022270669540567112,-0.020620284995808924,-0.018057987444336177,-0.023086365718735458,0.008809387534552737,0.0019911331324407033,0.002336889745584214,-0.01132047328266228,0.0005972628833734728
2015-10-19,0.010288081580624553,0.018861607847843853,0.015962994514462148,0.009278561452306766,0.009285743501548982,-0.01180419466306859,-0.005044932225827359,-0.002379939904057493,0.00965820437861531,0.010456003146797732
2015-10-20,-0.012661326240803517,-0.013539206143532323,-0.008987485110651394,-0.0129549866121359,-0.014075666485399818,-0.0014571230458610973,0.0007782169663033134,-0.005158739385023647,-0.0004869417046236002,-0.012657674288561238
2015-10-21,0.0027500332253085347,-0.004325013957571011,0.0030098182346551816,0.0009564953375813534,-0.006578620344206532,0.004894533633553744,0.005026259972999769,0.006050210443642179,-0.00473737252533768,0.0047639136265644755
2015-10-22,0.018965499663560426,0.027383093998211372,0.028317766035236946,0.016323192672554665,0.03012699738461211,-0.0040272935612064575,-0.0009020689977042862,0.012112124795855106,0.026018491555997336,0.02585507916663654
2015-10-23,0.007126330402591474,0.007260037334409164,0.009536459636079186,-0.006385591406029678,-0.013938720817379568,-0.002649821228862148,-0.0015327851801570924,0.01680802022025829,0.008683843005056424,0.011350636249901402
2015-10-26,-0.010656079715076094,-0.001738389641230964,-0.0055979571301094655,-0.007919664680533733,-0.010935743036563306,0.0071199898143419205,0.003378766114382481,-0.001095126175499228,-0.003788913227394053,-0.00755947874214391
2015-10-27,0.006225782521868561,0.007366906357597625,0.01527699153145079,0.0028515962804578354,0.017903851918967595,0.0036380197048611063,0.000866982325945953,0.0066053518003796885,0.011917336497657915,0.01585454525037422
2015-10-28,0.006191004269959333,0.0029448247207570777,-0.0019190880147734735,0.003907082474959189,-0.0012260413824252137,0.0069544881299443695,0.003997766724633811,-0.015719293567178272,0.003348705510303418,-0.013103332969467085
2015-10-29,-0.013520784517920603,-0.014267628660647125,0.0012077419841072246,-0.0039439648394501425,-0.0019510733729828367,-0.0030150284208441125,0.0003414877118801396,-0.003993447925522142,-0.004076405060104427,0.005605368608815775
2015-10-30,-0.003840624151694727,-0.013213340954710495,-0.0174741970723592,-0.01900954226529894,0.007047411921510038,0.00693339017307415,0.0034535742500343414,-0.008211828252463915,-0.0026295118309074272,-0.015278542582837451
2015-11-02,-0.004047193710196573,-0.017657500448173047,-0.004548954410857786,-0.008862179084211386,-0.004700701684004049,-0.001953173381294415,0.00310510330481506,0.0013860338721209953,-0.00876470446605182,0.0009508579637358405
2015-11-03,0.0030363295500608345,0.009610871012216249,-0.001337250804755552,0.006737269817558955,0.013316419408822444,-0.004338182701571602,-0.0025007308499316316,-0.0063811844143431,0.0022404340497395037,-0.0019889014215418443
2015-11-04,-0.0001275515036555097,0.003409257130916332,-0.0006358038487326301,-0.0075147194756730595,0.017239055862199093,-0.0070576006877063335,-0.003358066469792975,-0.000407142646188019,0.009511879964335224,-0.0032207133409435373
2015-11-05,-0.0007830893125990723,0.001405718462706318,-0.0018344007495690873,0.00515134095336367,0.0037623248572911105,0.004159065423688935,0.0012863329299055426,-0.011012101775063066,0.00023754649846341458,-0.005042279320406906
2015-11-06,-0.009200926286410449,-0.01395010777643646,-0.011412921188264868,-0.0027473804399446022,-0.009423348934241238,0.005795696032789399,0.003927100173967135,0.00655891392750263,-0.009803413793626148,0.008521551490379586
2015-11-09,-0.01626103386290778,-0.028396167023622354,-0.02730651818204033,-0.02315008546523578,-0.019117872720874174,-0.0009151887435550066,-0.0031623908222215835,-0.005268907931204492,-0.012676508241675877,-0.015916311123375326
2015-11-10,-0.005895542808825427,0.0040732865985291244,-0.011479107622408669,-0.007889198560734778,0.004104000487121784,-0.0010080067552284966,-0.0014571896334257817,-0.00735274267958097,0.0015285916412008937,0.010700766086559677
2015-11-11,-0.0036958038993144537,-0.010566173974892012,-0.007695886992884149,-0.017456406031592264,-0.006114513245935149,-0.0033719660418567443,-0.005640372675752903,-0.001165114135382339,-0.011535315534293655,0.007381281309622567
2015-11-12,0.004404801810106385,-0.0023073217042280936,0.014588667956019874,0.007932538838050673,0.00044305853066028966,0.0067463036934667375,0.002344073606822983,0.0028158720605304666,0.007703381943909626,-0.001828974630215141
2015-11-13,-0.007111420511135891,-0.009830985452813246,-0.01686536167739361,0.004767459659753781,0.005687778313632652,0.013196849303940494,0.0024380908666370438,0.0065447738266206645,-0.007676874435761927,-0.004619017703522688
2015-11-16,0.0004569201742075091,0.01418955009471845,-0.0050253886824058736,0.010060193050639432,-0.001913503306414155,-0.00390266282314633,-0.001062123348311128,-0.008202307009760323,0.005964376895887247,0.007794026190941494
2015-11-17,0.002586719407219995,0.0006477022924735731,0.013630685082998362,0.0052312070784088505,0.01564771149882449,0.004934519426549544,-0.002397032756304762,0.009010195427266554,0.007224586950979051,0.005065090860621346
2015-11-18,0.017328586014608405,0.023584422490579682,0.018845476658151616,0.008384943733022787,0.018265235218053455,0.00695123751013238,-0.0034765969481267422,0.0003773627733043572,0.01623083220453725,0.008520668040582935
2015-11-19,-0.0040119509301600464,0.004306283767599117,-0.002330466782607288,0.00219399514406704,0.01024682955663958,-0.005370586684303458,-0.0039833632571946165,-0.006269516902594807,-0.012291014097397635,0.00697713575635972
2015-11-20,-0.006704906596387894,-0.018424372197547112,0.004791970795611222,-0.0025455245459833353,-0.007848063213948264,0.008137883439444105,0.0057140094679255515,-0.005116042109950092,-0.009910507679295799,-0.009973785561192106
2015-11-23,0.0027000663311091966,-0.00011123242284738488,-0.008102317795005698,0.0006970322236252713,-0.008127464029231146,0.0043460568916988684,-0.0006321729415416089,0.0032955510419536704,0.002758438319478529,-0.0009484534067901729
2015-11-24,0.012428886069841605,0.018659964617674385,0.010507238733023394,0.012243424096412658,0.01828458383752607,0.0007283997656835073,0.002974112612540214,0.003912362507943579,0.024440296336896372,0.005023402025847057
2015-11-25,-0.01248001352930328,-0.01616157546468633,-0.017497325692834353,-0.008590880714754778,-0.017912513224796922,0.006520863767806473,0.0023629341946080906,0.0027179408304924824,-0.005797582416334324,-0.001882266588169479
2015-11-26,0.008758580515758618,-0.0016262177773946895,0.0003905823116805429,0.007944661324566837,0.00368820864151731,0.0046518550787773005,0.0038281791973509005,0.005866400035790642,-0.0030949712587148293,-0.0061226351565443204
2015-11-27,-0.005246045852421388,0.0005634648120542707,0.013338336768980996,0.008975304222246905,0.014618916370559676,-0.003784760791121222,-0.0011402467381289583,-0.0005782060785768373,0.004483402879232212,0.00322241381847288
2015-11-30,0.011581738657123308,0.005335876487297497,-0.007042035612437547,-5.1262000082430426e-05,-0.010500013836950761,-0.017137841229769246,-0.008203387918962246,-0.007650298700720759,0.0013530230400493615,-0.0034823542558616305
2015-12-01,0.001344551562658003,0.005268924398983188,-0.002435699738436159,-0.0009358307583747782,0.007001814282762808,-0.007490150172049126,-0.0043816360537721755,-0.0034339383300552306,0.012996152733748989,-0.006330932629849628
2015-12-02,-0.004781299579179277,-0.010697179407529345,-0.015515491810960236,-0.017918175442973916,0.00374757657312208,0.003221541193636046,0.007475925265640226,-0.0035622013790227447,-0.007074767371103019,-0.008660778080522014
2015-12-03,0.014138354261705732,0.019184952436855918,0.02932855391078082,0.011834877235687324,0.014925413099767804,0.0030748018946948896,-3.4155437763860874e-05,0.004671001225815319,0.01902102442971554,0.006285343495373796
2015-12-04,-0.004003809056499885,0.008515183982179764,-0.004315749801863333,-0.0059241634182148895,-0.006925554901841768,-0.002335243404784859,-0.003930189714501542,0.004416677488358944,0.0007625697427144917,0.0020568100989446503
2015-12-07,0.016342446046819337,0.0044573169387491784,0.008976519032158015,0.010484834472229032,0.007199672693846582,0.0006762872791326036,-0.001503713318259714,0.006845938327593615,0.014773942331957057,-0.001186112394909844
2015-12-08,0.011026270157361129,-0.00873607521448272,-0.008939221017810195,-0.0007247304436176494,-0.004874497515272358,0.003205197008581573,0.005992491300986558,-0.006995533159814937,-0.010267501021460457,0.0005164055910267251
2015-12-09,0.010593393123252914,0.022939910045356893,0.011132240550679517,0.007580388430602492,0.009939883584083375,-0.01257986469027006,-0.004125667243146447,-0.008228543332542415,0.00847638278750007,-0.0032797071210950435
2015-12-10,0.007553943199922752,0.0062386883191305476,0.012351069062863651,0.00932636158772393,0.0032876836964832457,-0.010100791204980974,-0.0029050367341638683,-0.0006612519943230977,0.010220423180831162,0.013683375364824002
2015-12-11,0.0037510815760124494,0.0019963351015939157,0.005619161545771911,0.0041846648251100405,-0.0015983439308273617,0.00202084253356416,0.003948550345113988,7.168900735265993e-07,-0.001147496401637027,-0.0028498430419942045
2015-12-14,0.005960441048457277,-0.0038824907640063744,-0.003636557689602027,-0.002164113059350603,0.0016471917825566784,-0.0046806773082450626,-0.0007686803907083206,0.0046597821372629245,0.0017953624833231263,-0.004030477728299231
2015-12-15,0.008344450453698693,0.024617216042034373,0.010701170613995448,0.02521398528854224,0.029438512815370688,-0.005501987270267961,0.001023751173048204,-0.0010239650638820263,0.015312775691427971,-2.111000635296456e-06
2015-12-16,0.0101884044324565,0.00692688906961747,0.0072464605939379645,0.011188514103919633,0.010370760621263075,-0.004653357587012685,-0.0008937735234707533,0.0035414791639880594,0.013250241115809747,-0.0008176626388690655
2015-12-17,-0.0036458413221307495,0.0032486392717319124,0.0004514987942494386,-0.0027995985841593463,0.008680737481253198,-0.0017464764608006167,-0.001096526402664444,-0.004872101117629257,0.0041981021555763665,-0.0003274735521090477
2015-12-18,-0.010918336291863007,-0.006003311488087637,-0.006361156500895415,-0.0011892439491708595,0.012320212495408267,0.0009490674780081587,0.0023005620027736207,-0.003483316202856246,0.003017440256374515,0.0019394193858810471
2015-12-21,0.005928898711853314,0.0078030631735914735,0.013237736546237278,0.009962429981622556,0.001934239152744155,0.0057349217245172834,0.000975785944604679,-0.0027231821467202932,0.009885201856310255,-0.01145579187906487
2015-12-22,0.0043431014433761295,-0.019592667298773403,0.00012725751507858263,-0.003810116837887789,-0.004063401851514881,0.002489680229793123,0.0025542124499489116,-0.008453832473627632,-0.011131918794751394,-0.0030932667215284315
2015-12-23,-0.002316811877245639,0.008796848721256634,-0.0029521885982279894,-0.005616976513510785,-0.0027150505122807145,0.0024622446958133537,-0.0010427377344075506,-0.0009225634634383306,-0.004051346168516545,0.004412075273543037
2015-12-24,0.007679269061869887,0.0034974622133983058,0.009530403577877378,0.008421792982381993,-0.006402688782796151,0.00019610203665987314,0.003447459296590516,-0.009800117987927903,-0.005531939774886752,0.002587740234352598
2015-12-25,-0.0164839180424875,-0.0228990886435958,-0.02670528247241777,-0.013783850298985767,-0.020900276157311604,0.013021196063588203,0.0036875313085451555,-0.014357377489410794,-0.016211299579195426,-0.016009947323114337
2015-12-28,8.509536673706464e-05,0.002888262021497612,0.008527614913924175,0.00747867056562157,-0.005850507202255106,-0.0024772063389580934,0.002664972239572183,0.005617279125770924,0.0026440085177237282,0.0006660244031342355
2015-12-29,-0.0047721256092487785,-0.0030967030238393534,0.00793172546023313,0.003431368329847473,-0.0021009711553634514,-0.004695532052924389,0.005050348834448881,-0.009162033339230713,0.003192578149914027,-0.007312038095704021
2015-12-30,0.002880376471948276,0.013832985407532528,0.0050669458540484325,0.021286937625984548,9.402898828225759e-05,-0.008319923409136232,-0.005520955152438223,-0.002553558994833005,0.012683920411028726,0.004418668876001064
2015-12-31,-0.013318300415806616,-0.010158422660461519,-0.005825029030275042,0.0014651399348619698,-0.0072797236149551026,0.009812806057238666,0.004418110583026547,0.0033210846180002918,-0.01230737456757558,0.004581088073366546
2016-01-01,-0.0031360017134227647,-0.01536705670054328,-2.9582072119227476e-05,-0.005081350056842515,-0.018989276289449797,2.179643184896385e-05,-0.001967546234828643,0.0008219239440403481,-0.004701289319982371,-0.003138547963607574
2016-01-04,-0.01001135295482003,-0.020196906928933722,-0.018650616804450015,-0.01069695519379743,-0.0062059523078138445,0.00045320558397388133,0.0018213785473626398,-0.009674476612307026,-0.021588178487741194,-0.011255509211083758
2016-01-05,0.0016548104798086438,-0.0008276923725776264,-0.0037311945170792615,-0.010506823091910533,-0.003513144264116308,0.009700065733871499,0.006423789519849787,-0.0045350090496817375,-0.00704026880028108,-0.00991066697666354
2016-01-06,0.002350085127494239,-0.0024049343892953434,-0.002093663374067911,0.0016265327679378938,-0.0016723667756468608,-0.0032566067749620897,-0.0007376805216740001,0.00016570196345488952,-0.01357769623337357,-0.01059214889812643
2016-01-07,0.0084633145832822,0.006539335446117622,-0.0031387700207848868,0.0008587520107596891,0.005929225694080831,0.0030589851156261894,0.0014593484522213984,-0.007563533148897683,-0.0019225954478021556,0.006438652748740781
2016-01-08,-0.00884289700174501,-0.005850528302600688,-0.010545877707851314,-0.006322016249796003,-0.009860272359908273,0.009111759706732947,0.002175159774984392,0.0011716090987605732,-0.008217502675415211,-0.019707641765799977
2016-01-11,0.023431836333476674,0.014728781326277307,0.016317638122286482,0.0027633091707863766,0.015252771934828324,-0.005575950477949121,-0.002626962145475531,-0.0016894978559595097,0.011446558608166901,0.005360219898722818
2016-01-12,-0.0010637276088940606,-0.0035649398273159827,0.0031389255058917875,-0.003907971111664521,-0.004542290090275292,0.001997862717018961,-0.003693128630929854,-0.005140372593119724,-0.006193163757426512,-0.004940094046308907
2016-01-13,0.021058033686123467,0.016617144912293158,0.0020231691777956584,0.014351789526318992,0.016049930372987298,0.006837214638063527,0.007998096575908553,0.0025382364507928745,0.001925360363489892,-0.0018792585785930571
2016-01-14,-0.0028509042969554477,0.0032590273721277985,-0.0033567275304076105,-0.002684703729861293,0.010640587866657114,0.0006226233540362891,0.00022966067635055154,-0.005181378846271567,0.007396143809673239,0.003131197634004934
2016-01-15,0.002059889061103659,0.003541610074368595,0.005564364690390455,0.0008136626892882859,0.005442488858657724,-0.0016264821263279883,-0.002031746841650528,-0.002797113569421361,-0.008961029135437615,-0.011116966813226714
2016-01-18,0.005185668611979555,0.009448416751787425,0.011746131680267391,0.007872624749617474,0.002648001954396406,0.0012236884899698985,0.004874189942864815,0.0027887724545130332,0.008539579797858465,0.0024842516867482622
2016-01-19,0.009045096568535582,0.0014298001517834003,0.0020659574631038957,0.012722653503936199,0.01593976455834656,0.0014933830343750731,0.002534100111794446,-0.00047042075754666346,0.0006831147800352433,-0.009244063165233407
2016-01-20,0.023109229057442615,0.006894266027930751,0.02382799438239802,0.024661317472473243,0.010722815185525647,0.0027401462242999663,0.004642330497841574,0.008520776313472256,0.0034764848998907194,0.011541778293914007
2016-01-21,0.013986911039340688,0.012487882418819707,0.02350485372569988,0.008740607819597512,0.006942721716166389,0.0021786619927037787,-0.0004932398773563884,0.0024560956695396374,0.017300578395408328,0.002212754864650668
2016-01-22,-0.006098189015870781,-0.011111771877137189,-0.014154297800955451,-0.010026944374675328,-0.013401622696325721,0.0015875426825526784,0.003700773638586341,-0.002419651740536821,-0.003586519545468625,-0.01287596159517046
2016-01-25,0.010901484507794157,0.014890966294116792,0.00956890452828274,0.01436250362609126,0.02271933883082755,0.0020545558207798464,-0.0025457411638653005,0.0034503241017149744,0.00843320910579326,0.009223194253906497
2016-01-26,-0.015520693701132182,-0.00654568150933843,-0.0075032381817815574,-0.00640630841184342,-0.019258564851486026,0.001696007869592675,0.0003323519368616523,-0.00020668755832098373,-0.012315239670860123,-0.003275008083160169
2016-01-27,0.012616607697862436,0.015313912846389721,0.026462175729668802,0.01373704454591973,0.018471058622131054,-0.00878237278779126,-0.004063299718996549,0.0014220307602508253,0.009228891816947415,0.008135609740496541
2016-01-28,0.004588309590740636,0.015034958530498299,-0.0009081574115535895,0.011230554799019465,0.0033191682785616017,0.00204668763428395,0.005619068799810778,-0.003130704047905386,-0.0020453841204696177,-0.0030590902945262233
2016-01-29,-0.0018514191617432507,0.005949596270506063,-0.0007703855167522367,-0.012131213913533223,-0.0023947694779745676,0.001977421994578288,-0.0023249303640664465,0.012428909681987399,-0.002566679589185439,0.015142365970059135
2016-02-01,-0.006227803626327355,0.005220174574757985,0.004842939953669134,-0.0001193894743032331,0.0045690706425367544,-0.009837673640888167,-0.005085799185991502,0.005352704740204439,0.0031057300658794418,0.0012232630448427706
2016-02-02,-0.0018182450402065564,-0.017349647674710256,-0.0076493318262935706,-0.0037549799820538743,-0.01260333047947293,0.007800763933831778,0.0023464909806751866,0.0002460893117202101,0.004995809496046499,-0.0010726814352314262
2016-02-03,-0.0008663914291301422,0.0011920790810506787,-0.011183079687007491,-0.0006046354790438802,0.017023876575659624,-0.005518396483439325,0.0012225523629447732,0.002043010913507004,-0.0016648477223313307,0.003844606841937548
2016-02-04,0.025923180827935655,0.03253661908875749,0.02379199406616017,0.0019250854474817114,0.013779607250021364,-0.020760461866588198,-0.009208531398373077,-0.012542034397682311,0.02231650233558158,0.006158885111703816
2016-02-05,0.0003376541369208841,0.00190625005868994,-0.006313437736441663,0.00031353170689873977,0.0019471210481549761,0.001333862071451808,0.00325049441693559,0.007024807129555555,0.002054568632361864,-0.005788713080792318
2016-02-08,0.01379531038352444,0.01678057412357492,0.003548506430770093,0.005436418107701568,0.021662868470829544,0.005954631096390051,-0.0016468397992410733,0.00029043958443875084,-0.003045990017661482,0.010027042472063874
2016-02-09,0.006329237075600513,-0.004632890016334046,-0.007988118032317582,0.012561914768332016,0.0051228037324844156,-0.005689736032335357,-0.0020155737942841867,0.017961511047754897,0.004139911832027998,0.014103626226314336
2016-02-10,-0.005123924861992313,0.011432397441810016,0.0068997737956513205,-0.00048154219809548593,0.00531947098703256,0.01252440842379321,4.4691817992381644e-05,-0.018305706852202563,-0.006209940981655837,-0.011114230844294193
2016-02-11,-0.010281194225169266,-0.020028914886038862,-0.019784446542491674,-0.014730531145078163,-0.025465992453319708,-0.0005124946491706917,-0.0010803586819198019,0.007165417998983292,-0.0003949639424646323,0.007028592726066929
2016-02-12,0.000414559775701262,-0.02426244702400082,-0.007879959243165757,-0.01690756284557937,-0.009460788158683786,-0.001605701388446401,-0.0010595131068589225,0.01584423968149018,0.005880455106940907,0.022095551164810434
2016-02-15,-0.0030359372529347173,-0.007333902758520305,-0.0012674177836400347,-0.0013254584972037797,-0.0025675563262669288,-0.0027104072364608767,-0.00222079729750857,-0.011776904381721853,-0.0018264192849084537,-0.009200862206610205
2016-02-16,0.0038250726566917415,-0.01638710137951449,9.130348170605096e-05,0.0030590416817108945,0.006684811460410112,-0.0013588867547237315,-0.004122321666483741,0.008903225135757475,0.008287776698121307,-0.0019892029087688057
2016-02-17,-0.0043182729523345564,-0.016652266738323096,-0.006763218200010024,-0.007405410978603255,-0.0014968032615813032,-0.001017198478897141,0.0035105366177514696,-0.002626053126055905,-0.00684628806762122,0.0032647582716460732
2016-02-18,-0.012669559460036117,-0.0010711069401546647,-0.013614827758130721,-0.009257487539749754,-0.009269519722560626,0.00788329618456829,0.008890004199047619,-0.004479291578267652,-0.006276526464710108,-0.011616160164624967
2016-02-19,0.0015850354914939135,-0.0014376609256739892,0.0011747021122989754,-0.001761194853448389,0.007339086068781642,-0.007399024811934551,-0.002278173136918582,-0.0075408341394530565,0.00249768518105542,0.014895307578287609
2016-02-22,0.009964387606267389,-0.0005578956735089458,0.003154247892859008,0.013034645734580685,0.011738203840576666,-0.004388846097349353,-0.002600667873040363,0.007040202198550727,0.014513954265057194,0.015022659697684349
2016-02-23,0.001554860610416986,-0.0030161189801416466,-0.007931583880037452,0.004991073726562378,-0.01500266268028394,0.004849311847074933,0.0029766955696799435,0.009907973549070359,0.006881554696928527,0.01028182213365092
2016-02-24,-0.018064835166037407,-0.02053151972579148,-0.01427536307186239,-0.01776569588190957,0.00017085735095712096,-0.003113177453350935,-0.0024460783099049532,0.008447733550126513,-0.002253203119873315,-0.003089476779679634
2016-02-25,-0.011987356397397675,-0.010938870175956295,-0.016187060701956857,-0.018420536216889438,-0.018186382348718833,0.005464513558109507,0.002149736339699393,0.012425992411718934,-0.01411956023847083,0.0005696424705246006
2016-02-26,-0.007338994327728776,-0.01361714556787652,-0.004882439583219655,0.0048084097895206845,-0.004933870613327507,-0.0015250794141792312,-0.00045678625023815034,-0.006571560306797508,-0.007720263966079832,-0.012361837055959835
2016-02-29,0.02275913307628863,0.03251299186098899,0.03644260927790244,0.026739576366496376,0.02567744064569988,-0.003386960203217493,-0.005717751386218106,-0.007991473444660335,0.0250515089152219,0.015576752499874225
2016-03-01,0.004040893217341912,-0.009597372087583489,-0.0008765044850016501,-0.01062070245475244,-0.004706146002577127,-0.0013966010809648433,0.0007995302581584873,-0.009482066478840423,0.0018898555502608883,-0.02932404317410664
2016-03-02,-0.02140864266638931,-0.005208178236345673,-0.027039495265276048,-0.024759540229885024,-0.02670178119094535,0.003121118244810539,-6.764233014300292e-05,-0.008328242705418876,-0.011957901420453387,-0.0025001114836823435
2016-03-03,-0.007327754803963971,0.0022234127217606314,-0.015442762480324834,0.0010400028663724026,-0.013487063605831295,0.005027783351770898,0.006692771251631591,0.011657292830036692,-0.0036112619305329607,-0.0005501628857088603
2016-03-04,-0.005329689101469137,-0.012593016010340574,-0.015635639468443596,-0.013305365002726832,-0.014892535390918615,0.002435257119657086,0.0009421750663130002,0.0023856829641817345,-0.006032345517874793,-0.008381075233442892
2016-03-07,-0.0011231709830322734,0.005270635063022278,-0.002792030332376849,0.0028351841580982473,0.010916148843899798,0.003363019520618016,0.0009158479861945956,-0.006040142067541554,0.0015606054865109353,-0.001679905593525599
2016-03-08,-0.021149902743916704,-0.018658152799293504,-0.018841918694838755,-0.010264430696768523,-0.021232399192988805,0.001284024812672424,-0.0011084611593797922,-0.004398950208631236,-0.01109637269436392,-0.0011099183557757852
2016-03-09,0.004892346136416537,-0.004553917987183076,0.0023976515310644153,0.0004308777788251117,-0.005022202517201868,0.00569331704074294,0.0021260835392507005,0.007227730910119412,0.01263275933798469,0.0030897749243059547
2016-03-10,0.015570432259530476,0.013020036708473626,0.017455879872635638,0.01973012518914885,0.018330084880054942,0.00046094802865948026,-0.0040393111659058345,0.005801857594243565,0.011797512050745862,0.021430155976681853
2016-03-11,0.013454545871786072,0.025152821029012395,0.025818487962289582,0.019177738663478827,0.0027891483557254126,-0.007875722966756649,-0.0032384644310663457,0.0044308136704709344,0.011568942261468651,0.0028326292111149343
2016-03-14,-0.0026334470417875844,-0.004292644410101576,0.0023377414499088367,-0.0026067225320544063,-0.00396870364701285,0.0010779235353528538,-0.002248642288968594,0.0036944916635619496,0.0034332966915084917,0.010146081130305573
2016-03-15,-0.015017135358548317,-0.024081633491590204,0.0033963289162819432,-0.013677006732311092,-0.008121011131686062,0.0013120281787366572,0.002062874594741526,0.002934853927940795,-0.015439792396492735,-0.007509405208432907
2016-03-16,0.0032857053951951265,0.003244996726584626,0.01555017167607664,0.01097710736201507,0.01225428934366457,0.0017986366599274106,-0.0026981740247631336,0.0010633737502105944,0.001165796454390744,0.01440932395517347
2016-03-17,0.009723749036527396,0.019758466827744625,0.02040266448557526,0.018841846794895645,0.0037647138411580627,-0.00024262261816265784,0.0013466804327333382,-0.004385458158699729,0.009011719608697177,-0.0006800355796848789
2016-03-18,-0.006570998869187439,-0.0020668851865339732,-0.0032964317160332213,-0.0031923886589411143,-0.0003858427715979218,0.0034247507183005066,9.748523667929554e-05,0.000962479265353533,-0.013209326623687345,-0.0030713251692163768
2016-03-21,0.00885898231639004,0.00790218405439247,0.0012539208596804574,0.012026511075434954,0.011508115096320992,0.0007695329448045296,0.0014016583681850658,0.006272924761133281,0.0183077162731482,0.005678011476563327
2016-03-22,-0.006236279390765098,0.0026481869789802825,-0.007823895036078055,-0.008306388924332109,-0.013331844703714069,0.0020893231413225966,-0.0011801501725108299,-0.003706304029264529,-0.006579643534110002,0.003459209343488867
2016-03-23,-0.0057202905834513595,-0.013556897858583494,-0.007275356982197834,-0.005028862807220591,-0.003939341737262292,0.005200359260344678,0.005679381015758489,-0.0027898881731869274,-0.00963235647418359,0.0006312613977752513
2016-03-24,0.013979771893869009,0.021399245048865145,0.009736833048446192,0.003130150234371465,0.004600934429690007,-0.010120808472369291,-0.006551273155270709,-0.013049862724576533,0.018830723978938257,-0.0034437216623418587
2016-03-25,0.0022376028305959306,-0.003670358287719555,-0.006747691990157234,-0.0005449013326311869,-8.017080601196991e-05,0.0011046136716506005,0.002981824965165858,-0.002338248502059548,-0.0022840153920032913,-0.005537909118955686
2016-03-28,0.023683722654801675,0.030289110858856994,0.027561134168218704,0.017593625935344637,0.025768118999894618,-0.0013902481611309803,-0.0032824659951714574,0.0018660026101953164,0.02021504288091669,0.017018576733808688
2016-03-29,-0.0044679189943980235,-0.005912280459488994,-0.01087569573283853,0.0006903910687847681,-0.004463525386969147,-0.01299248955494925,-0.003370907353107633,-0.004185726650081545,-0.0029907178399194434,-0.008276692160071986
2016-03-30,-0.015337413105185549,-0.021487793552074308,-0.02948673701743254,-0.005246226804086707,-0.010448089310419517,0.0012988598318106614,-0.004059056412308526,-0.0029217394383913575,-0.013126042343895694,-0.010889074196095083
2016-03-31,0.00312157117204781,0.00791849697618674,-0.006142041968043355,-0.0003431643910953852,0.0073362620475387885,-0.0033919824922262753,-0.003627857583628824,0.007979890439300918,0.010830461403090741,-0.0015997832325306272
2016-04-01,-0.013181876884549082,0.003378334193510746,-0.004411368632709078,-0.013131447268693197,0.003046950396476733,-0.00406812126492162,-0.004976940870111357,-0.004804794663851419,-0.00465957661438865,-0.017540738907493414
2016-04-04,-0.025665536622864527,-0.03653923089340749,-0.03994366868435906,-0.026393573929560432,-0.025831563755632114,0.007610765015944931,0.00442572988355594,-0.0010998527628360844,-0.020613602563547717,-0.019531381387936197
2016-04-05,-0.006065355873922873,-0.011717176762962023,-0.009291566382718108,-0.003740155999669037,0.0019532509494732953,0.01573166163213857,0.0016962000507274588,-0.0008352133634138559,-0.02023356618638783,0.008383641752959248
2016-04-06,0.00021504592934507016,0.007559722757513931,0.0010617019266707661,-0.002047915561704583,-0.0010738027691915564,0.0020343334009005343,0.0006171942550581289,-0.0023924364418993482,0.0038734759462366597,-0.008851748236562984
2016-04-07,-0.013568477990140493,-0.005438866575322221,-0.0048679818902048755,-0.007297785982047222,-0.019011819441124178,-0.002193788016104259,-0.002102773504334854,-0.0010749923876313128,-0.008763851815424273,-0.00318482501354711
2016-04-08,0.0008206142100843916,0.0001681355761218306,-0.0016924415272789872,0.010381746873234565,-0.002847498522238978,-0.00408909499040111,0.0015568098725229351,-0.003011141222523328,0.0004466284915585206,0.006739465692756852
2016-04-11,-0.007198585273900937,-0.006417496608960294,-0.01143044166871443,-0.002160989982321837,-0.0050422017903369865,0.0020951989005901783,0.0032245859755324346,0.0012423136492332176,-0.0050466157812986134,-0.010019328396441707
2016-04-12,0.013171032837681507,0.018566828633818533,0.0069620035029343,0.007836852862000976,0.008861166350040861,0.007934988827213107,0.0012669037002621675,0.005075278467921107,0.0015964861728723356,0.008312407746093653
2016-04-13,-0.000986698499721328,0.00732540647389035,0.011739886677266664,0.002697287805390358,0.010918516062634165,-0.0017855051036778091,-0.0017114140576554027,0.009267671372823028,6.638930689573108e-05,0.018256391413765893
2016-04-14,-0.012543684399384691,-0.0113647724005157,-0.0031236288632739972,-0.01586342828077314,-0.012875983676983394,-0.0030547827284874707,0.0053833396933973265,0.0014641427843178345,-0.003346755841721727,0.003582664030024496
2016-04-15,-0.00887844694939044,-0.013886861846522103,-0.010114960495505532,-0.0074078085541803285,0.004348555874530424,0.01545158639406452,0.007276574765931576,-0.0026080539573158923,-0.008106351685687851,-0.0039822219685674565
2016-04-18,0.006853707705823053,0.014665974579541219,0.019686573133801177,0.00952580591744745,0.00831142338294244,-0.0004355996515204019,-0.002120666940544802,-0.005418933416047267,0.0022202567270148688,0.007403226592023193
2016-04-19,-0.017146229079485487,-0.016736750419877433,-0.002473676435379213,-0.015128572959145492,-0.010247253216684182,0.007674216749442797,0.0031224579898438964,0.00601615958158197,-0.005330091414387672,-6.398935217144519e-06
2016-04-20,0.0007935818911706249,0.003489308495984167,-0.007769324496709751,-0.00366984135541526,-0.008770218547631048,-0.0022767254326314657,-0.00017477754780725885,-0.003975794920803022,0.0007858953927715184,-0.003535078831831462
2016-04-21,-9.530093101683956e-05,0.0026113134389191828,0.0048646423057128185,-0.005819745392178333,-0.012945155733750435,0.002870849734265546,0.0036001975968487088,-0.009966286066624419,-0.00898612998507664,-0.004124143865549823
2016-04-22,-0.0007624801131989045,-0.0016766613375797101,-0.0068426778225534335,-0.007699469920361635,-0.005977373326004565,0.004032116911387051,0.0021134433188887414,0.002290535303005381,-0.013027771284934375,-0.008081832856519644
2016-04-25,0.01666263124298384,0.02498749886593088,0.02154719837944774,0.005372289369037553,0.01080799456094339,0.005048366840874952,0.003874567049150679,-0.008036369056049208,0.006974637737315881,-0.007738852376009797
2016-04-26,0.004137678858385563,0.006782626595306818,0.010410556148447547,0.0063587165660787814,0.003728345346988071,-0.007703362831858351,-0.0007107968214624671,-0.004506716719702264,0.00841071838654095,0.015136901091845845
2016-04-27,0.00516156698897019,0.012121367014588103,-0.006684000367724874,0.004206228121805378,0.01798460137399638,0.0022887817588088666,-0.0033895594274224727,-0.0025973304338946512,0.004615672038185581,0.01165201291050777
2016-04-28,0.011279499197385912,0.025136180403556585,0.008811348219773585,0.008334803443818206,0.011430442393612461,-0.017377940486622112,-0.006058891183496895,-0.007919939350730543,0.010967767028997377,0.0030685326899031473
2016-04-29,-0.01680183078442332,-0.015736014101423557,-0.028400966077593348,-0.018698200639972073,-0.01615449450612949,0.004972421317082976,0.0015409520761071605,0.008535612734514864,-0.01007751704984361,-0.0033820907482928764
2016-05-02,0.0014622336217848808,0.01124967716489711,-0.008225080234046334,0.0020615242224224506,0.008564384011192416,-0.0027838688424381974,-0.0009983808129874205,-0.0005206840222991005,0.01155372945715194,-0.014520160389700165
2016-05-03,-0.008285461247546588,-0.003365670164323764,-0.0013225391509879003,-0.001584769104974848,-0.008872699622897495,0.0036937551683657865,0.006372807843281425,-0.0030948658050830025,-0.012244809748301999,-0.007508794196729562
2016-05-04,0.009816119724318284,0.021444179578863576,0.022431078343497113,0.007326827738723063,0.010841562346111111,-0.0034561830315024133,-0.007366996698741413,0.00648684733178384,0.004450670669818857,0.012527176651314642
2016-05-05,0.018656239281715115,0.012571106292359913,0.012735483818658633,0.009401267358509768,0.0026845259004186772,-0.006308325269363202,-0.0007864492665830003,-0.0021728561053055984,0.02786845469787802,0.004526445193999029
2016-05-06,-0.004119045216815942,-0.008702432878333055,-0.0009036705235284659,-0.0032159822249463454,-0.014242486233996487,0.007654556588446049,0.005435734458770103,0.008698319888834849,-0.003616774912862386,-0.010285794114481495
2016-05-09,0.008504236803942966,-0.0016294407588814952,0.010120648466727777,0.006976350929379427,0.0003726855234589266,0.008452403893692173,0.001507091510850378,-0.0025240778841278955,-0.009083620710537144,-0.0013870364662401657
2016-05-10,-0.019513135301194806,-0.022983308331085417,-0.016718577552483627,-0.01004615180575974,-0.015313310894094823,0.009984726967709134,0.0014928526160131739,-0.00011882573272148367,-0.01602521296994086,0.00037139976605415903
2016-05-11,0.014806078259678168,0.01625304899849822,0.02759583258958509,0.02247637185865714,0.018022517832908758,-0.00877206036061906,0.0027316448931951065,0.007684977222361278,0.013998208869127282,0.012139903010537356
2016-05-12,0.0016646846197463372,0.006664041053385583,-0.0038735459481845647,0.002136014946448661,-0.0005906613423791729,-0.0030290118858511406,-0.002894597522622888,0.0034082050589780977,0.001588329779808939,0.013403124356748952
2016-05-13,-0.000856743367270929,-0.003217250832951546,0.006778218274391845,0.0019847242079915617,0.00464007896244456,-0.006473684701151283,-0.0012510750877123833,0.004749366504732233,0.00616962808019017,0.010096857014138871
2016-05-16,0.005426392961876747,0.00949980423819441,0.013966196168690326,0.006630492945185473,0.0012667359435249992,-0.0024452542364318264,0.002702440082298363,0.0037116411633879576,0.00020516408679749354,0.0036007890424683
2016-05-17,-0.01641532283468239,-0.019019557901886364,-0.006565537634823704,-0.00953190965529005,-0.011628076525557862,-0.007047700218427488,-0.0021748045695475504,0.00040387544510589457,0.007396841713989799,-0.0007605590837239662
2016-05-18,-0.00771953464538544,0.0003353665133094541,-0.002126553749155935,-0.012543405720139456,-0.004015349796238521,-0.005620761112552164,-0.004435095384108689,-0.004296496347905077,7.002974204328716e-05,-0.0047916306739296255
2016-05-19,-0.01444627206089788,-0.013948929300714896,-0.008946860129130818,-0.005302502979737778,-0.015401223837915978,0.008647334428569575,0.002639546399535675,0.001612987492724205,-0.010543151482555246,-0.013608885375119284
2016-05-20,-0.0026963005010532948,-0.00868935770541146,-0.011394066323112462,0.002995622078070248,-0.0025309174575783855,-1.089721096780849e-05,0.002091131304856164,0.0125848448493604,-0.006038727787425313,0.01594671329630204
2016-05-23,-0.004668953103716622,-0.002105133992331809,0.002698763000714477,-0.00425493685451972,0.0005411807499346999,0.0015328910470444601,-0.001956608460906839,0.0010810489221797503,-0.0074150704291082725,-0.0035042462113860084
2016-05-24,0.0002639292962740569,-0.0050728574409132365,-0.009100161232302395,0.0063856825568069375,0.0009106426370508736,-0.0010198796745090055,-0.0024200666029399187,-0.0005921229528454974,-0.005905603179875318,0.0031402676139133945
2016-05-25,0.031422508938856675,0.027406266778778443,0.03373169853588287,0.018736975627434926,0.022299747874295006,-0.006456634824003604,-0.0028463956843328697,0.026994903420248795,0.020719334245326015,0.021061202900769738
2016-05-26,0.013796574839519682,0.014497669506775557,0.01693611661211869,-0.0014080274415561034,0.002349273033880994,0.00021778913334546957,-0.005377384229977467,-0.010283231969744122,0.002806977939232569,-0.0150846350882885
2016-05-27,0.002408909460285047,0.018391121875929395,0.003542769620084485,0.004019098923083941,0.0011904710444070599,-0.005540722814801113,-0.000281437855315092,-0.008310348124249911,0.011726687321907736,-0.007623576894250528
2016-05-30,-0.010883968435442593,-0.022288859960221008,-0.02058624733263248,-0.020121500283861726,-0.01457521272608897,-0.002427607124409703,-0.006720062261601378,-0.0026777402232267544,-0.012426917277824079,0.0010188462141946797
2016-05-31,0.0016342410617500303,-0.004826079571743969,0.015295747137673343,0.0022327150405709872,0.014467442995558022,-0.01378132395281173,-0.004765072114677582,0.008095907249454637,0.00867839597012221,0.006843216973797528
2016-06-01,0.022596191737668248,0.02930288673748649,0.02539739133584873,0.014919114836584813,0.02503427074362552,-0.01369010811085325,-0.004064765162121842,-0.002483042678995351,0.022919178316509248,0.006611963668795795
2016-06-02,0.004689937283448353,0.00941999153773132,-0.002906265950295972,0.009556607512068771,-0.004662607706406585,-0.003993442697428962,-0.0004712596749394393,0.0034748699613846856,0.007295012728202543,-0.002199592388035687
2016-06-03,0.010131843345145608,0.020989399093131134,0.015914501049435925,0.013464732793259326,0.014269241124267973,-0.011324389478109542,-0.006403027913029935,0.00018729630633096406,0.014851747792974823,0.006906101135631726
2016-06-06,0.00011221512659909116,-0.0026010603967518975,-0.0015621142325861204,-0.002483198124782482,-0.0027303930897932815,0.0007312600202231678,-0.0004767069607963803,-0.007044453100709891,0.014411237133626909,-0.0007382118715962838
2016-06-07,-0.006744619095058191,-0.00923452884990672,-0.02038889660034915,-0.00975741398238339,-0.006401473142354841,-0.004943731818300434,-0.001028982146321078,-0.0003541456272733168,-0.009052995795180818,0.006072324264443818
2016-06-08,0.010174786793886614,0.013215957960453162,0.008369406202875851,0.006941985431934361,0.0002611456544099333,-0.008372895386297707,-0.0033843195626958034,-0.0014833301770562635,0.010986104361840221,0.0106878177252403
2016-06-09,-0.008311316289750681,0.006444212952701811,-0.012102335224914551,0.0018641482407504295,0.010707545223250792,-0.0028314030318438155,-0.0031482312990446237,0.006440437669961829,0.0006338828644203431,0.011677726267309119
2016-06-10,-0.007785261196367355,-0.009642965287527172,-0.0013348015836757154,-0.01458313424826696,-0.012667267171679653,0.011475690200877242,0.002490240007994915,-0.005712082932680107,0.0015306367813840982,-0.011740604521330855
2016-06-13,0.021138644435923837,0.021871563169125308,0.018855573288661054,0.019780109115559608,0.02266269108168717,-0.00870117075912491,-0.0012445924729276303,0.010976704769015022,0.017706505061209077,-0.0006754945657371225
2016-06-14,0.004599109632161147,0.015693979637449118,0.015619994926649339,-0.004815965561320024,0.0022578877526093777,-0.014484897481070291,-0.00483486031157998,-0.013022329492236917,0.01614674540552885,-0.014645159333753432
2016-06-15,-0.016090894136262857,-0.013690216886743323,-0.007589610455905338,-0.009683136604902498,-0.0022346865510404212,0.0023929948789278566,0.0012499852509115783,-0.0032095239952363297,-0.01620185795394502,-0.00558031439623996
2016-06-16,-0.013441276022710724,-0.019282637028455563,-0.032073114723982665,-0.004818861286563614,-0.010385599955107239,-0.008611718180872141,-0.004806619376288346,-0.0033944724801383552,-0.012606621649992933,0.00027167465069166674
2016-06-17,0.0027115079996404834,-0.004151073991186527,-0.0018912830167909789,0.0136465253474094,0.006322606361465866,0.007026040486216356,0.004662573962854744,0.005373318793165938,-0.007029914635573564,0.0023907751969967084
2016-06-20,-0.022168031401549437,-0.01775313531842493,-0.02706721595300965,-0.019536610220621475,-0.015234870576107618,0.010901840006317665,0.005419581063510703,0.014027859028658218,-0.0182771495791475,0.000843041341951567
2016-06-21,0.012702164059330778,0.005850441542757823,0.02346675526716968,0.004480090052061403,0.007807227617962598,-0.005812023232469321,-0.004404172790696492,0.007089118513288861,0.013268126511904788,0.009360911170724018
2016-06-22,-0.001659143050872669,0.02109141457676933,0.011957026125381187,0.0036065616636129505,0.02764297833115137,-0.00736800336302168,-0.0005313390701272569,-0.014601010741160492,0.0033335317247313867,-0.006473806005823257
2016-06-23,-0.0006489436058703113,-0.007353434251295421,0.002236150725994257,-0.0017232908527869961,0.0017533724795271155,0.0024998258512705096,0.0027214310486123328,0.000393788206618062,-0.00914188268453131,0.00896819918396341
2016-06-24,0.014684028064671173,0.02048580328372518,0.010918570136138506,0.00711105891301167,0.0076224989435724755,0.002589135265143483,-0.0037538414090123595,-0.007914325878006778,0.005644840026498121,-0.001528152967028129
2016-06-27,0.00217910149910705,0.017497340712534948,0.00046283146695236255,-0.0014715886215656004,0.0050807879084975305,-0.010739333320207045,-0.0011867091523285467,-0.007666849365850381,-0.008452835647343115,-0.008973322225508729
2016-06-28,-0.005229916035243032,-0.0052101807966604685,-0.007608519605853625,-0.008507936507936575,-0.002898355729718527,0.0005978875700685116,0.0003652912773608463,-0.009933223985664208,-0.007665279610726494,-0.013784142896162477
2016-06-29,-0.006612604673689515,-0.011487312173218078,-0.010797750406135065,-0.0035439975469665486,-0.0018971582785818342,0.0064367779510519085,-0.00025819244632174776,-0.0027451512154571533,-0.006425106486683041,0.008177428188075986
2016-06-30,-0.009227551560449854,-0.00040512395705505355,0.004310491961207363,-0.005020147198859237,-0.0012827342679965215,0.008860569359569359,-8.264292060078393e-05,0.005770710154277214,-0.0016219280114365686,-0.0002437254467265726
2016-07-01,-0.008053459071713065,-0.012872205483811516,-0.012602177907101941,-0.01382862164491383,-0.0037919075889719656,-0.006025210439623341,0.0011283166902318342,-0.0039044188852201955,-0.007142946717755949,-0.004826113904001228
2016-07-04,0.014538504412338282,0.01446742143540769,0.0008739436660121225,0.0034975064251621113,0.013887563310950313,-0.01049943671365583,-0.002543775269138182,-0.001135200205353959,0.020250466905540332,0.0014649586323915997
2016-07-05,0.0023031867137601747,0.003190661971818276,-0.0021762640100578823,-0.00038969230505370156,-0.004293482076188182,-0.006718023855677213,-0.003686832782291316,0.0031428868922565023,0.00628679182852121,-0.013445881002674742
2016-07-06,-0.004763814017734291,0.005199472561748797,0.005890068647256497,-0.00727740990928738,0.012524977045954566,-0.0011759053307974776,0.00375684706702617,-0.012421002263650838,0.0005485868436458929,-0.012288565925407169
2016-07-07,0.012237251310759811,0.007070656282603727,0.013816577227585114,0.007614003621692511,0.02709492719850548,-0.005553980660647495,-0.00249322012606501,0.005313994537669675,0.013515447023606075,0.014795721189472477
2016-07-08,0.003117224910653027,-0.007200216113470326,-0.0036230047186374126,0.0006870383216825982,0.0017711577855830107,-0.000615351319573243,-0.002339439482745287,-0.015499588116092644,0.0020475417918002226,-0.018036853543152986
2016-07-11,-0.016086956023177,-0.02153010577815051,-0.004939323212840296,-0.011013633251535704,-0.01106573766457497,0.005208657393004801,0.00011657798324549162,-0.004024019093567643,-0.010478744509817006,-0.009702844602201277
2016-07-12,0.0016957172359459705,-0.0017694859129464557,-0.007861466975115472,-0.010204248657069592,-0.0005948997263459654,-0.0045225044031314,-0.0013824388686572986,-0.0035963987616773885,0.0010033002125615642,0.011712942370167845
2016-07-13,0.0007876681648262274,-0.0052893659196766585,-0.010627687344605286,0.01012559472912633,0.0031256662563432513,0.0009342888866457066,0.0019144511695994293,0.008488416745213945,0.016693983454360684,0.007836366051268362
2016-07-14,0.0007707724930712256,-0.0054228621657620435,-0.005967586339957531,0.0029420318606161455,-0.00019779969174271717,0.002041092928621424,0.004203002653590859,0.014084973394548506,-0.0008366499682772588,0.0059571966995453085
2016-07-15,-0.006146329336844669,-0.011757063438515791,-0.0019312625798950656,-0.009793048750159739,-0.017730237841058538,0.008927090596121623,0.008109973456925212,0.0033563870048529676,-0.012132558442254693,-0.006226666638643907
2016-07-18,-0.004461467971405453,0.007445106795952006,-0.003919589585618333,-0.0033308961710694085,0.009311454692652488,0.003350756094641527,-0.0008238977252653656,-0.009318077099155775,0.003704456254363553,0.004939651933245859
2016-07-19,0.006941158652203683,-0.006868290861570037,-0.01145654060502177,-0.0051059573718719165,0.0072425547632613,0.0007316981999427874,9.023397008212086e-05,-0.0020925656063738307,0.004306374228167709,-0.008140141758001151
2016-07-20,0.02530889892414434,0.03193501149498745,0.04395071579024279,0.031049188760487123,0.018115652088112943,-0.011613573886029127,-0.010380371554363554,0.0039103733744496605,0.029285423581356884,0.0006966428181429674
2016-07-21,0.008947528228268942,0.009672844718052964,0.008729960535924564,0.004098372317349108,0.0133268622046403,-0.005498304997523462,-0.0010673822080728979,0.00890062656118662,-0.005728857894335193,0.00014912619822182727
2016-07-22,0.009417087364196108,0.01269418577064041,0.003756588799813887,-0.0010078950202240256,-0.0010987273138036713,0.010309520074901934,0.005827901057763318,-0.0009646406750417613,0.005023386116455697,-0.011285968681101322
2016-07-25,0.00666166427713244,0.0035176922371151775,0.00678812293359754,0.001103467839160377,0.0008338101732381364,0.007974749693694383,0.003940955021324077,0.0021610775370666246,0.0015037553834282846,-0.01517708264094797
2016-07-26,-0.00449232311893677,0.0020433887231927628,-0.006883400685741892,-0.00616486358338475,0.005518448687692246,0.004386542959538886,0.0017922608720573052,0.0016857385047019946,-0.00011250567193876737,-0.0061687449289289376
2016-07-27,-0.024559659850605264,-0.014983230899791145,-0.019044201945905836,-0.00815612778757202,-0.029408790199517143,0.0038330228076317585,0.0033133082469614106,-0.003530779054540689,-0.00870177309692044,-0.0013655475991919408
2016-07-28,-0.019604864263472632,-0.013982668254270858,-0.012552090030623075,-0.01175413196018138,-0.01759626309029827,0.0075210172705424405,0.0030866927863362204,-0.015177607946902483,-0.02830496220410439,-0.01747804823830157
2016-07-29,-0.014581437591097535,-0.016421014228383712,-0.009923921106370637,-0.01711613530017464,-0.014192916819215307,0.0067669225821227474,0.006775366992971765,-0.0026845385738247796,-0.011803035461699474,-0.009868700144830433
2016-08-01,-0.00035943663037618645,-0.005445124054614503,0.0029471969477756765,-0.0006925036968057352,-0.0016210361720593314,0.0010340675575277736,-0.0020958138019655514,0.0008646456984440221,-0.00422802304768366,-0.004900848027107885
2016-08-02,-0.00012064381215537434,0.01059276995200098,0.010254278120580107,0.010146977673490154,-0.004419187383603251,-0.00387684972418445,0.00043455235303935247,-0.008254029835708887,0.014414486387224867,0.010702777177681755
2016-08-03,0.0011900227358221382,-0.0021247641585592225,-0.006370314813746503,0.005114874571235939,0.008398927823743518,-0.0029156448285256875,-0.004084033040639423,-0.001478349010150537,0.008766719410072454,0.013399540070446747
2016-08-04,0.02213576127641881,0.028700551599416535,0.029539703199771727,0.03049807296669793,0.031972125967472786,-0.014217950269578172,-0.00593710340127418,0.004567648807331848,0.016595413870984066,0.005432313637570463
2016-08-05,0.0123800287364626,0.026131020003163696,0.00824717073354142,0.027295233854015333,0.015427608971020135,-0.0071002205155501485,-0.005513304224962212,-0.0015985125897037822,0.018871200030718294,0.009536237114233792
2016-08-08,0.013176328736842269,0.013040226049270576,0.012698409738834737,0.00211604835317436,0.0013218088597617417,-0.012022828296365695,-0.0042549399137963295,7.267276815126067e-05,-0.011712063186222643,0.0012358981550169013
2016-08-09,-0.003069804237997631,0.004599744420215934,0.009505880186877258,-0.00204650975231091,0.020460234019609835,0.0027687589677833913,0.0009948673719744061,-0.005608264715544542,0.0035055776657053617,-0.011388738109820662
2016-08-10,0.005567305616252627,0.0003193029384476187,0.005087538676328052,0.0029139685901184986,0.0025203600387040392,0.001544420198246188,-0.0019618941774229848,-0.0010976823069903663,-0.0008905934810056193,-0.01293001569365504
2016-08-11,-0.02043945617691556,-0.026322468740240024,-0.018124988658839825,-0.025082733094886178,-0.009859802803943829,0.015119696930715909,0.0034724561667192066,-0.005966919035081508,-0.01426916147985302,-0.011911038663096063
2016-08-12,-0.0038284452564462113,-0.012963877693665138,-0.0062021635497221395,0.0005522817313092787,-0.005213523291409672,0.009385291149947683,0.002421570124819139,-0.010797260053434066,-0.008344582624138841,-0.01396776703880942
2016-08-15,-0.0019688123534047364,-0.003351799264466271,0.004281765258844716,-0.00367139727128174,0.012337685289006028,0.00435947974991846,0.0030818466937680977,0.001437626761092714,0.0026228092336475495,-0.001792934053763462
2016-08-16,-0.018541497610024882,-0.02553113895306436,-0.028249340799336387,-0.008475047368872168,-0.012357436338960026,0.0037397853158545047,0.002426643028849762,-0.008963949183392939,0.0015501104918320685,-0.013480716381937818
2016-08-17,-0.007961056801181643,-0.009306398609939648,-0.021964892757511456,-0.0003810497588269124,-0.0026693884550640368,0.011581506016078658,0.010541726600272971,-0.007327074253880905,-0.020592856406111637,-0.008677191426826325
2016-08-18,-0.014995939513571699,-0.0026052594605809887,-0.012888079257303842,-0.015316244516162758,-0.007227921618077171,-0.0009202215610375486,-0.0019913132671156575,-0.0051321182180756875,-0.005514170180352829,0.0006661615723289049
2016-08-19,0.0031943344494647086,0.004670931173031523,-0.015072535280765798,-0.0035574889244798236,-0.005696661690918647,0.009356245056762136,0.005055354865588724,0.001985473073948807,0.012416283933967431,0.0019088606922375018
2016-08-22,0.024149970005998833,0.01530424641303818,0.013500636756320183,0.01838865755049124,0.003517495030124884,-0.013169138741378261,-0.0055224479891847755,-0.0020857056953260678,0.004752304067766389,-0.005894262024045083
2016-08-23,0.009430326289289637,0.001970847912730278,0.011617388415829488,0.004597873923309681,0.0033247302986698646,-0.0004631276191064959,-0.0003601863383354553,-0.0011909337205053827,0.0004874690167997464,-0.0007060451586483607
2016-08-24,-0.005844403774491469,-0.01740701154534574,0.002171508093802954,-0.007818396527934923,0.0019857996732575156,-0.0019330420233588663,0.0008070790494336677,-0.0014583768787884699,-0.001608139243607476,-0.0036332063124212555
2016-08-25,0.008521636200844451,0.006887922401957347,0.008526788587521539,0.0035983067914460154,0.01161552593992754,0.0009486298344083544,-0.0028526217989663927,-0.0014081759839391639,0.015629204660252416,0.00375439851620496
2016-08-26,0.005308220565477084,0.0039172018299955536,0.014524017180130189,0.008604021930888273,0.008772941102490384,-0.002888101178004532,0.003521747042766199,-0.0016451886964737872,0.012473076712163689,0.005143087249586564
2016-08-29,0.004549070900338403,0.001721217846630596,0.005567844885674189,0.008924766060807166,0.010574895865104406,-0.003036242327858374,0.0011606078103101325,0.0070632230438745225,-0.001595898711912458,0.004106224545976422
2016-08-30,0.0017845681276360548,0.0008742670101351546,-0.010444695715305263,0.0018065471211601292,-0.016407924622240944,-0.0031342834844133582,-0.003531402968291353,-0.0006144179732262556,-0.004991932555736156,-0.004027212069503183
2016-08-31,-0.016379169302901397,-0.023688163892323533,-0.01029729105866417,-0.01171438433479799,-0.02341655486596239,0.0038481312537015366,0.002613221417072875,-0.008668777623332513,-0.0038445136598452834,-0.00458309743669838
2016-09-01,0.0015481766759215532,-0.0047119460365294685,-0.0026545760710725563,0.005469272862344221,-0.020642594597239272,0.0052811132290915275,0.00040829409938880623,0.0029733174650117267,-0.009516155952027483,-0.007541346788985104
2016-09-02,0.007618587495296536,0.01929262573268198,0.003981303496036537,0.013415736687298896,0.014873504180099584,-0.009487810014618181,-0.0038478518214590807,-0.002786473918333865,-0.005624164650155583,-0.011543024900145582
2016-09-05,-0.0018014965214865342,0.005885624547126156,-0.005347598751292648,-0.0033340837106062837,-0.006471690392608864,0.004470420496240912,0.0004118870905416294,-0.012726396034159149,-0.015288187870795222,-0.0028772721093331954
2016-09-06,-0.004562097525659614,-0.0026808738876075155,-0.007963954264592621,0.010555296330928332,0.0019679339789890893,-0.003048208700740851,-0.0004029885162822877,-0.003910403012076014,-0.006563449848024372,0.012450156068047669
2016-09-07,0.016154775907147423,0.020082192159919687,0.025538204460394898,0.012699431758604884,0.015035711747016789,0.005179142924049529,0.0038393945458183865,-0.0025245096251488297,0.01914215475364922,-0.0088964335052788
2016-09-08,-0.016391084729317162,-0.009862409173324704,-0.016522224153640686,-0.004805539585530205,-0.005032305406359794,0.0022364849910889717,0.0016376080049236297,-0.0042184356688560465,-0.016545367451634818,-0.006173347666412199
2016-09-09,-0.011727281800605005,-0.004808618798457176,-0.01146045264951967,-0.0123753114362114,-0.012692974758645503,0.0011141974949926414,0.0017912586577502054,-0.006278577932695706,-0.0004971754709559573,-0.00670467348795023
2016-09-12,-0.0066877182022191395,-0.026449923094148176,-0.015934548498203194,-0.00418510954840734,-0.006879450759777139,0.014083787584565188,0.006448559982950464,0.0032375373696220677,-0.004360028542860106,-0.0090420071183136
2016-09-13,-0.01604273017239133,-0.007927806995134956,-0.021522540815857916,-0.011913986197629844,-0.009520673641107535,0.012676206830757542,0.008920322931912805,0.0008462618795852528,-0.010451586346117536,0.000491847746160845
2016-09-14,-0.01212789680594406,-0.021051621369177265,-0.01538461538461533,-0.010415081864985187,-0.012256682132925745,0.005644910273058468,-0.0022631903228513828,-0.010445032129124954,-0.028387696024799403,-0.005998899194648244
2016-09-15,0.002728040068012527,0.006928361633687707,0.002455816035546121,0.018065657409235047,0.017166040206687994,0.009765061464429348,-0.00038791834033713446,-0.014208684370364488,-0.0036960511136538976,-0.010547053430298048
2016-09-16,0.011135976323465968,0.006443055496647476,0.014471391093479058,0.012355185001510227,-0.003128442560932143,0.0022013108412703986,0.0013696548683741483,0.0016329801636500996,0.0015605491296302176,0.008477433089721265
2016-09-19,0.003967006787216176,0.005361658110489609,0.006884879756599016,0.003627065143526398,0.000462480484188621,-0.0003754596047677028,0.00276833272424315,-0.006484447118865089,0.0098206665992715,-0.01423368000895775
2016-09-20,-0.003099411780871364,-0.0034915469315351944,-0.0026999047747228166,-0.0032552220716534075,0.0019410484177193599,-0.004457571945670424,0.00042696212540471734,-0.011576002581056066,-0.002977671537685578,-0.00947635338295627
2016-09-21,-0.004343558193971475,-0.005833579506182018,-0.002525583070780324,-0.0022146681725674355,-0.0034500832508148616,-0.0035979494292768255,0.0003003792021132323,-0.012745351206653766,-0.007836521201047275,-0.0061773261941903135
2016-09-22,0.0040615614260004484,0.002860821743399189,-0.005867596584423929,-0.0059557909827332445,-0.003460452811470338,-0.0014974017652161775,0.002109122041567657,-0.01320080731068507,-5.0012326567538956e-05,-0.0038180115117287805
2016-09-23,-0.0037909623553362692,0.004348509808358658,-0.009107113986275839,0.00672741665901011,-0.0018875378258155218,-0.00642791483199856,-0.006085232931948736,0.001941175132663009,-0.0041588800444367635,0.00019844582003258893
2016-09-26,-0.005515526634710333,0.002288478080924694,-0.004690414082395122,0.0030872619332953377,0.008838096987131117,-0.0011397281063424414,-0.000999270147909015,-0.01438872789850354,-0.003663375930910928,-0.01089276940487438
2016-09-27,0.0028825767476983177,0.0018326986201417927,0.0032506204503763847,0.0018518024976816871,0.002641147604527827,-0.002571459363480799,-0.0006699381145559569,-0.008687517772338671,-0.002244061894358329,-0.0033919754813548364
2016-09-28,0.01742433566703583,0.013104924972093812,0.01195409478679843,0.015475019813896207,0.024940288555749923,0.006495091279607124,-0.0007617712216111405,0.005708392981929489,0.02194188929913854,0.00440038872691928
2016-09-29,-0.024730598719587826,-0.02053166279533558,-0.02347144836833226,-0.009340441945630329,-0.015454908485348806,0.006666381393588994,0.003225884814120228,0.012384467613613115,-0.022589800856132602,-0.0010174427355190696
2016-09-30,-0.006571698888745536,-0.00501126816704478,-0.0038166860448688444,-0.0061321778395402315,-0.00953824916242696,0.00909960721495473,0.005870534871746491,0.004456809843950138,0.004918120581724805,-0.00313894704942419
2016-10-03,-0.007293337087316831,-0.008068041963833483,-0.01661529540053841,-0.003780910849957131,-0.0036378128961485068,-0.0058877912764320195,0.0035500511904069665,0.004069175102974443,-0.01285717246422724,-0.009563084576254988
2016-10-04,-0.014190728921070539,-0.008363752863966512,-0.015579898256341873,-0.012386860534081001,-0.009428720741535335,0.0030070503995027753,0.004694550821652266,0.003581016695456851,-0.0074183958461303545,0.005939918923420162
2016-10-05,0.003967757591526011,0.009380032797317472,0.015212253145435506,0.002201649045392662,0.013927839574390033,-0.007051497275827212,7.935159215821663e-05,-0.005117799571637938,0.007523999746178456,0.013445397090399158
2016-10-06,-0.007734707506453886,0.010269581360341284,-0.019654477975696638,-0.009937296404057161,-0.012724824400865975,0.0008621313828511834,-0.00018045788555320907,0.006554359346237604,-0.002719003332023573,-0.0013676719640077772
2016-10-07,-0.014173639641992475,-0.007533645547113332,-0.018120757802916776,-0.013482335096080211,-0.02510322636888862,-0.010499993287879983,-0.0019397456840308802,0.0036091329768073166,-0.0070268527662933344,0.0013695450523794062
2016-10-10,-0.012194314244956317,-0.005868940853032689,-0.012293088552436049,-0.004552672968706761,-0.0019835543831268065,0.013186823125780567,0.003296658447889511,0.006345037514581264,0.00046821838965582785,-0.010635167730126516
2016-10-11,-0.0031242505280151267,-0.00987272302662312,-0.004667002459985969,-0.01103418971915926,0.0036858289042296377,-0.003962730840043949,0.005467727014821788,-0.0002829290876823487,-0.00015075267358954925,-2.9393813121059154e-05
2016-10-12,0.002502835900626499,-0.004222954712078342,-0.0048730069977463986,0.001957608060351834,0.0009470865119298733,0.008061552801154281,0.0001255565468323283,-0.004210833247572987,-0.003419997904887895,-0.0015492723952856835
2016-10-13,0.008423885696296374,0.00779087222436603,0.013363663503112022,0.013271819259107698,0.013515847270115122,-0.002529372280035691,-0.0019019428831279495,0.013249162453816465,0.005060106998660219,0.008261464394569096
2016-10-14,0.00847506419630828,0.007331086804729159,0.005343077074726921,0.0025143708973482948,0.006535806540126421,0.0021109269063706027,-0.0018901940506055315,0.002383312055785236,0.0010839449793640377,0.0035348039927141084
2016-10-17,-0.0006381539968359773,-0.009068487104529677,-0.012862194907266145,-0.016692225855123644,-0.012809497960192595,0.0011851731064282944,0.0018944737514570154,0.007428021958453934,-0.0032555606013759952,0.0015112914695896151
2016-10-18,-0.0062662814139249345,0.00059649422293373,-0.011544408952898988,-0.007397631133671756,-0.005229894774130717,0.00311378185315192,-0.006205142861535173,-0.009636572682938382,-0.005694482731461448,-0.009099352902624314
2016-10-19,0.004577322643119608,-0.00011275648423314522,0.009387467998565713,0.00019774030561103828,0.01865904172406152,0.013622391557039704,-0.00017226940685177716,0.007380406228301384,0.00582824440969909,0.014016249674471792
2016-10-20,0.004770110191961718,-0.001865104502727144,0.013620479590209289,0.002630497408458554,0.007942643262736304,0.0038392844791117486,0.0003882003957955682,-0.005575742441026099,-0.0053183143506041475,-0.00046262122547002793
2016-10-21,-0.02795700830015213,-0.02694128973945853,-0.0077321169683584046,-0.010931488300665482,-0.030071430485730466,0.008092370672210025,0.0042819040870356595,-0.005114939798286922,-0.024568617945201043,-0.014512950881599207
2016-10-24,-0.017162380520222897,-0.025508426918079197,-0.013273345893203614,-0.025628308989255055,-0.016335689022963007,0.002811787924421383,0.003334058991074196,0.0016645703199948958,-0.007222188922022643,0.0029879841768927218
2016-10-25,-0.01001939494141768,-0.021182313985196766,-0.020011991692447273,-0.014012959694724492,-0.007334795665877691,-0.01127373148099653,0.0008141754432966497,0.007999986378654622,-0.02012861432996338,0.0020511858229748103
2016-10-26,-0.00805595813042892,-0.024293276400983554,-0.019328430950613984,-0.009663174035267064,-0.003181810993935219,0.007263845208256958,0.0025158258621880147,-0.0006418788808334464,-0.0066379122219226705,-0.0002628527251643531
2016-10-27,-0.0032782329380116604,-0.012458287950913194,-0.005155965892579939,-0.008143088799820841,-0.0183527679023191,0.0066704224865064,0.00473740863122063,-0.0072409876409660345,-0.008806741453971645,-0.006121095267063281
2016-10-28,0.0031509576718644627,0.009336359402051242,0.0043540775960531075,0.001832641626461795,0.009109365976220474,-0.012887462991840737,-0.003133691963893348,0.00021452358737916732,0.017841032353616004,-0.0053962929663186054
2016-10-31,-0.011967871594317447,-0.010292649957390654,-0.0027089075813799823,0.006119445001345092,-0.012087594390870704,0.0061138866353613874,0.0037204607289713643,-0.0010536636514978381,0.002204407919216944,0.0004146102750335334
2016-11-01,0.006802033645554317,0.006260488214710591,-0.007608400664663839,0.009026802676137757,0.011159628763175222,-0.01633288944998823,-0.009681332879596494,-0.00048393555477921346,0.008977166632904376,0.007106272617087406
2016-11-02,-0.002837525872756319,-0.008524152311302102,-0.003786588496063392,-0.0007991380360031775,-0.0022950448968157566,0.0023808023816813684,0.004847828744041438,-0.007342674629328805,-0.008360847092323986,-0.01644934925556496
2016-11-03,-0.013264959125100284,-0.008461863197122832,-0.017393974054119243,-0.00895525139218567,-0.014855696939046537,0.007033360227312713,0.0032556807597885484,-0.004065166316310154,-0.003159597012466042,-0.017792813931110985
2016-11-04,0.0026632920605775823,0.009916960325488944,-0.0012632822302384161,0.0002851896666278275,0.003466463383227092,-0.003733054660512658,-0.008009560759318357,-0.008141963141730324,0.008838007661656988,-0.005585015654832826
2016-11-07,0.007644187805045721,0.011885643336037255,0.019975536653919823,0.0129868922466021,0.01471109080736488,0.008328137201198293,0.0019855584321979425,-0.003938797810407513,0.010207341385142454,-0.009097211745012324
2016-11-08,-0.0063295629749900995,-0.010626690844772413,-0.01978038896820833,0.0011584448693435778,-0.011396919341376432,0.012096089648610864,0.0022276713585309693,-0.008978722661500016,-0.003699174852652254,-0.005337149423870535
2016-11-09,-0.007435418958052664,-0.0006673849942826493,0.0016001295810459393,-0.009512498459401053,-0.010345456902315697,-0.0019222080338729963,-0.0003741624811005595,-0.006355611290566832,-0.005893076534272734,-0.008948445980852981
2016-11-10,-0.005797835253494421,-0.013491940372730937,-0.010284990407209649,-0.012499717200968208,-0.004022539318425999,-0.000941857970392812,-3.896085825216833e-05,-0.002918511231349452,-0.010910865925014668,-0.004461757415729517
2016-11-11,-0.008465696812840484,-0.001056153460101572,-0.0031837869487015835,-0.003735419419807151,0.0014570083051204108,-0.008686576715679295,-0.00620823720294672,-0.00246039633002737,-0.005912542123573616,-0.002933965008519279
2016-11-14,-0.0059066969228761534,-0.0038115312776668686,-0.021714429055560314,-0.01022389931847656,-0.004605707068045306,0.013751689716127613,0.011723226831312328,0.0011895702755349014,-0.01699160748870243,-0.009923512816095492
2016-11-15,-0.019134014331452787,-0.03423442404871069,-0.011546297530417582,-0.00995776740708354,-0.02185052935999432,-0.004759625384288757,1.5915787492382094e-05,-0.001111616436259233,-0.012311844905035785,-0.005104102740648764
2016-11-16,0.009750754873938172,0.011523170508110248,0.00986529924013313,0.009732578109166168,0.016091807153866267,-0.006940259517180802,-0.0046680953741845554,-0.0011547302956322891,0.006793520722000235,0.004136388939038449
2016-11-17,0.0010447652698930554,0.00507186189300568,-0.0014764023597004794,0.011994582682755217,0.016133004280826535,-0.0010918816616493077,-0.0002447192437619039,-0.005060461498389013,0.0012026549549253307,-0.0005749672015860074
2016-11-18,-0.0063204266964344,-0.009731843537158835,-0.010752537537728757,-0.0002985548276106531,-0.00770381065332848,0.003715734077538446,0.003737749742529939,-0.006142350841110145,-0.009494904585905739,0.0016490626109721962
2016-11-21,-0.0024674481685430516,-0.011972562349651272,-0.007923869062408606,0.0033111891251820236,-0.003809924684916921,0.0058203728143950695,0.004795601514750558,0.0017194096633348366,-0.012717296548894974,-0.005980170864697376
2016-11-22,0.0052947217972749705,-0.008159313096432474,-0.007852200588623015,-0.006982482908059917,-0.008180195563098125,0.009006285532555003,0.0024401376792007046,0.0030970096161293537,0.007274966761800172,-0.004090755100504384
2016-11-23,-0.012322622958315543,-0.018937032602277637,-0.02053204387877494,-0.019354926613312284,-0.021534736783051955,0.0029188715207810745,0.0038930658719127376,0.009181543544325432,-0.012939422715042226,0.001423991276517933
2016-11-24,0.003940818284008163,-0.001997395951976233,-0.0017453125605084718,-0.0020114208518721144,-0.0056215458848044575,-0.00781867951818127,-0.0022260636493877106,0.001120904694633662,-0.006415440478064194,0.016141724853746098
2016-11-25,0.000479860970010737,-0.02098820307056537,-0.004454515782095214,0.0005772268480093157,-0.0064227192544636935,-0.0003338323022968881,-0.0019597906443687974,-0.005790188314411915,-0.004540836114737656,-0.008607985647785754
2016-11-28,-0.006974091294052576,-0.0036848931650939054,-0.005419052814602088,-0.011446901148864153,-0.009595252970293844,0.002065609628973508,-0.0019361177467827062,0.005332327526107461,0.0055822389044597465,0.016657347019633173
2016-11-29,0.007527826851279729,0.0057269818436200826,0.014215211438097786,-0.0029048774440544323,0.005179193503348722,0.008206325599770858,-0.0011726101433191527,0.003663755932155288,0.006743630182213023,-0.004663628214305882
2016-11-30,0.005418696518444399,0.003508466855091097,0.002144622126905693,-0.0036115430388213854,-0.0037789913945744935,5.990648949372179e-05,0.002844208987589969,0.003372240622256717,-0.0010265187395569475,0.005578701153968302
2016-12-01,-0.006649522620404413,-0.01098771021439704,-0.010407736018343106,0.011640021359836883,-0.00487399921189513,-0.003081828067398429,-0.0015264653861242206,0.006519647223963254,-0.00505444105085151,0.006418528957479186
2016-12-02,-0.014032391978689773,-0.019450754327496655,-0.026905486269216072,-0.013352493991646952,-0.02059384509091977,0.005755731342650616,0.0030872366647092253,0.006081842621139089,-0.01926995456389191,-0.009716845061868984
2016-12-05,0.014599052362733511,0.02344175675386584,0.02941208948960905,0.012372583786805613,0.011740900942480481,0.000455461745430652,0.0013729212920303713,-0.008032786742327436,0.0029333503866182387,-0.00032694980766301285
2016-12-06,0.007592186200924278,-0.0012516567853814164,0.013673079708007352,0.00149585646680217,-0.002738905531865954,-0.0013545223341623336,-0.0014911249587420405,0.001323566246424157,0.0037044789194704553,0.00770615892185833
2016-12-07,0.0024639911221957522,-0.009647865823632529,-0.004488279281293361,0.005856032909224984,0.0017971715699172108,0.0018066033886476873,0.0008796549553438116,0.0033905564708021085,-0.007367802495938047,0.0050498660520279515
2016-12-08,0.005015727644276824,-0.0030256057737608755,0.01245721362360741,-0.00887208755820068,-0.0014023045683018154,0.0058573615539108115,-0.0041067127347231835,-0.003997536747597175,-0.0010302443856550214,0.0019266029938971307
2016-12-09,-0.012905405309498352,-0.01612776531638971,-0.005841582988932337,-0.015957596196015,-0.010906123693193659,-0.009021468749847106,-0.004338758217475647,-0.005998415645413702,-0.005784649752583637,-0.0020130341915358674
2016-12-12,-0.011048015656747845,0.0003497664421907576,-0.005900990099009906,-0.0005159205394552613,-0.007701082248234847,-0.0011405914590201238,-0.002472782770430726,0.010955960572678558,0.0018000539315767838,0.00542635871077457
2016-12-13,0.015629543894750242,0.013538576137547054,0.0030808865516644968,0.007498986846021571,0.011654530476199465,-0.0004267114302239916,-0.00339869952539007,-0.0033123463997679625,0.007901112000587185,0.004599488784379435
2016-12-14,-0.006760345605131168,0.00047371387931671727,-0.0070219103726749665,-0.009343206689696792,-0.00789608172388423,0.0051819942633970495,0.003989816494909926,-0.003638152460422317,0.003575873019396436,-0.012123943682326055
2016-12-15,0.0063465477403665815,0.014268402378691647,0.004767707580601854,0.01853914038601201,0.01344884908796895,-0.005701413560266877,-0.001926621862475053,0.0008017495918646311,0.021070515447956017,0.007847493656997884
2016-12-16,-0.018777769183833004,-0.013247341601579476,-0.01642335282144103,-0.008488291192573993,-0.0255437317363576,0.0006791689287981573,-0.0033031976788641115,0.002478947849761104,-0.009338329119408129,0.00606636257742843
2016-12-19,0.0004875513826607669,0.004345242701964347,0.007054347752767365,-0.0015940795688685894,-0.006482873787446497,0.0020325963260874325,-0.0027269164085045317,0.00753336637441393,0.009359390481396668,0.007447283351142087
2016-12-20,0.008606778622390232,0.013821998118289436,0.004211801080814537,0.015759984633987756,0.009242556530367985,0.010790829977187721,0.009070984597998155,0.009795548079677419,0.004885092682041847,-0.0032391918041912993
2016-12-21,-0.007797028449751164,-0.013395724940787779,-0.003617842687875572,-0.0064700579855577756,0.004406507721154362,-0.010220074310082206,-0.004097261446447065,0.0005578384492952448,-0.0049017659426973115,-0.010026624522397443
2016-12-22,-0.018709751727295054,-0.026145000938143426,-0.009359946231520477,-0.015882525329097064,-0.010258876560530261,0.010885093888949093,0.006156563347466948,0.0012701629755247357,-0.021051569745045517,-0.01517049458987052
2016-12-23,-2.080033755980093e-05,-0.012172404113608981,-0.00021353804153179112,0.003258098545118937,-0.0007073071150494048,-0.005151068538659986,-0.0005014351419581065,0.009214642563610376,-0.0003278026434448966,0.010134064751912142
2016-12-26,0.01573578267355269,0.006394988375096888,0.005965472445681463,-0.008521311493365324,-0.0014971380781390042,-0.0032253278861751333,-0.002789378081480831,-0.00020466255408635448,0.011350256447861584,0.0037638580274210742
2016-12-27,-0.016262874043908915,-0.023660368786024732,-0.027839069029926056,-0.013285094865917224,-0.026915891441222972,0.005685228725499147,0.003500118659851559,-0.0038279732041874848,-0.023591497511842308,-0.011128420574543108
2016-12-28,0.004613954871566017,-0.00999584601875081,0.004428760403232923,-0.006037848228670151,-0.0010058505162017228,-0.001929506014348381,0.0006320282020111367,-0.0078540396974488,-0.004753978462081587,-0.008003681711959199
2016-12-29,0.0021905545655303005,0.005660512646193272,-0.0037376644001227977,-0.0012198610957799838,0.007709074812213723,-0.01170992783937086,-0.0032853000445041136,-5.350542519111379e-05,-0.0005779044803434497,0.0065597998353568165
2016-12-30,0.011202053439037796,0.007508829839907749,0.014103359251651737,0.019804380849487213,0.011739892690732834,0.0014805535798327885,0.0028856727250539116,-0.00591870710167175,0.00902150892818776,-0.007045110603084659
2017-01-02,-0.004410735906457464,-0.015082653834157744,-0.007201515764468036,-0.008153411981191683,0.006253943240595028,0.002204827016480504,0.004284252589079607,-0.0035812234501115814,-0.00392143723676186,-0.004221109810930268
2017-01-03,-0.001849860563642558,-0.002565354672258491,0.009518922597357093,0.006459949760901473,-0.003281382129325161,0.0009011441992894387,0.003617509157357812,0.0009584252550283168,0.0034996005662149,-0.00846218904130236
2017-01-04,0.00717212512418941,0.004636985159246265,0.005924148072443236,0.00793171634144052,0.007896605870274076,-0.006000810158685366,-0.006900965216007582,-0.011789529393741116,0.018430685733519248,-0.001764121889562209
2017-01-05,0.007660967879385527,0.008692061224191638,-0.00014456314234334577,0.004258873569155774,-0.009977498617032565,-0.005000152378846434,-0.0037531486320069307,-0.008615556448146378,-0.001297991575739843,-0.00333989468004503
2017-01-06,0.0032887210336229877,-0.0038280938383221663,-0.01090055590537975,-0.002155974347188394,0.0007592190889371686,-0.004968295507806086,-0.00010884508432729145,0.002905398621579458,-0.005277669833588905,0.004873365130775298
2017-01-09,-0.0077134811269419234,-0.004903936495938455,-0.006226886543067023,-0.008181887976134394,0.003130370496524204,0.007200805768662111,0.0025737384382842343,0.006547887462447832,-0.004774206996418506,0.0014811060426873635
2017-01-10,0.004167460641861798,0.00938477719287989,0.008503922719605539,0.01714677488914207,0.002515774232414003,0.0019054915969314301,-0.0004467583051399604,0.007169815306402594,0.01738874132227375,0.0018481759103579076
2017-01-11,-0.0004649923080711771,-0.0015392812740513406,-0.004931742126319749,0.005980543934873905,0.0070732545149609916,-7.519506379882746e-05,0.0024776417223519864,0.003279740067709591,-0.008246857666380558,-0.0009504476271551265
2017-01-12,-0.0011188195005021884,0.019818822676812786,0.0011452101857951646,0.0016718594816695909,0.014991142900274923,-0.0027029692223323742,0.00010766736581424574,-0.002043463225936848,0.005826577358347906,-0.0012762721989898473
2017-01-13,0.0009778872702002062,-0.010285981554745471,0.004705589375411323,-0.0035625507086261,-0.0021283846116192384,-0.00042468403010198497,0.001989561530451267,0.019083446436910068,0.0012758292206576094,0.008589984352014968
2017-01-16,0.005510823797134412,0.013618710060639305,-0.0025481020657195375,0.00068322429896428,0.007768523471129107,0.005258498356763841,0.003929209488507057,0.000628656636138869,0.007548990635593444,-0.0012707377994762847
2017-01-17,-0.00538403988946512,0.005780250039604029,-0.011828219786701455,0.0012670513626482638,0.00656287384791665,-0.004538622895019828,0.0016087527124120093,-0.002414613332329063,-0.0006048947022602169,-0.0062798658954974496
2017-01-18,0.003788504627657119,0.008095527739539587,0.009449552186012067,0.008937023700943625,0.004651755382021339,0.012065723559381292,0.004330148849722937,0.00027628054315731454,0.001678870161725854,0.002884870260453143
2017-01-19,0.002323143650843962,-0.0023359885779176137,-0.0006214266258040002,0.005071580512277851,0.008393077816707395,0.0005108572986540771,-0.0020166157682031116,0.005699928976054425,0.006503260765126306,0.01862953772184861
2017-01-20,-0.0060126331559121615,0.0004570872718383523,-0.0021845634228752076,-0.015564239654123235,-0.020512924078497363,-0.001325303320281468,-0.0020015566903858195,0.0017834464441524034,-0.01002833642019929,-0.0033529971595336328
2017-01-23,-0.009370593495074964,-0.006644463307825421,-0.006736872158654261,0.0009233960188965717,0.0006897740989826318,-0.00547914184725351,0.001359871599636353,-0.0010795715769577052,0.0018498296852844653,-0.010100192362712868
2017-01-24,-0.009231016801620973,-0.01452701057977357,-0.009627981537270847,0.0001308649959930186,-0.004198540485056523,-0.0025492399305022673,-1.8462573628141854e-05,0.003921511806298961,0.0037280755267430354,0.007780452217875045
2017-01-25,0.0063506360233591685,0.002826287332278632,0.005850809247990307,0.004963568059277446,-0.0049300788417605546,-0.007794876012199636,-0.0011351273359860858,0.0010917985215723736,0.005792170676232944,0.005275718783255501
2017-01-26,0.003264588676499036,-0.009315759657030687,0.004433679315693162,0.007726012774822211,-0.010024318850086145,-0.0030138323328905425,0.00024234441522752448,0.01136403148345555,-0.0035390826584951185,0.004177510244256721
2017-01-27,0.005690418423442534,0.0017888104475951572,0.017913325470069408,0.0009524745116964439,0.014144264818062746,-0.008542071439782362,0.00036616623947272053,0.00691873525754283,0.006088546713222565,0.011646357784077077
2017-01-30,-0.004806070335857782,-0.0018914209430458406,-0.0010108383581270974,-0.0033806272669083537,-0.010321623443377947,-0.003048264794963229,-0.00118635486651808,0.0004871711594673922,-0.001210206183771878,0.005466730959901689
2017-01-31,0.0020252291533635614,-0.007747535053669985,-0.007312564599527005,-0.007335444873912467,0.00563698072430352,-0.00614272259212445,-0.0037619375759475604,0.005111557814041268,-0.00022530270021270393,0.015617703057082322
2017-02-01,0.004360170498707294,0.006226638564799991,-0.0006471624049267932,0.010731330697946406,0.00795593635250924,-0.000539132325250824,0.0008436503450921506,-0.005484722608684156,-0.0032495165966796025,0.015824984304119827
2017-02-02,0.027753458111370755,0.018384747973234417,0.030530797771114893,0.02078243521491885,0.019489324883704917,-0.005205177878249478,-0.0052142693736898504,-0.009658484836120529,0.021392245445602365,-0.003933786341169476
2017-02-03,-0.012174758214217984,-0.022118796665383966,-0.011260644869870218,-0.005731545447894559,-0.018372995746412157,0.004587442060797642,0.002159484154690139,0.003148874056809303,-0.02052060097316233,-0.0030815025077627345
2017-02-06,0.028432297923459693,0.019119296195094337,0.0333551006806998,0.021661344271048932,0.023484246781512397,0.0020290657459665074,0.0038093715501688052,0.01151409947035309,0.02001830791053738,0.018319115717164713
2017-02-07,-0.007930515170603947,-0.02028072459388186,-0.011625911179650839,-0.010669459726133312,-0.003861796252912497,-0.0011954389630003392,-0.0026834884113665636,0.002251416146556773,-0.01947180182413788,-0.0029923778729323836
2017-02-08,0.009730620758096942,-0.0028157911041565287,0.002965332968477119,-0.004252451477438357,0.0018910163845164973,-0.0037694099067244746,0.00027258140788277707,-0.003333573099255638,-0.0009401340397116043,0.0016690526722975552
2017-02-09,-0.008207007607307415,0.00025910742779022833,-0.001051981253221923,-0.005811123852971445,-0.008027158675922741,-0.005768177009924602,0.0014437372563349538,-0.0038524041440720636,-0.004350360521908625,0.0005887550373899764
2017-02-10,0.0220897812017109,0.017633243858696135,0.014212763387165372,0.006746436112657683,0.01936962199160064,-0.0053389252299953505,-0.0005572845195155329,0.0016738325018299527,-0.0031112231866577966,0.01198785621119991
2017-02-13,0.010907522287498583,0.012169131446100767,0.009462799378036957,0.013877236698764062,0.012078206934619473,-0.008606947189389924,-0.0033091319114998408,0.0024225857486446234,0.009161383166085502,0.014838171984884463
2017-02-14,0.019405441651596078,0.015162616074143598,0.015749606901098057,0.017510762830745596,0.014619767633782699,0.008883412772717314,0.004213439547696929,-0.0037934549218293645,0.0002560366864954311,-0.002503139409933519
2017-02-15,-0.0013089353106894297,-0.0017872310305776518,-0.005439517564793217,-0.008329582408245773,0.00011228107400840237,-0.0017967362500797002,-0.0018794371305612678,-0.004841877243093817,0.00013503989723551157,0.005669743734647348
2017-02-16,0.005712308807973132,0.007247826538390401,-0.003223414762960286,0.0014983527299803345,0.004846992221651636,-0.00040733046446062016,-0.0052242950711586245,0.003726039865447728,-0.0002653410808450829,0.0009800470121528182
2017-02-17,-0.004436194478108835,-0.017762904819492165,-0.017766371388359903,-0.00913554521483817,-0.023313979062197565,0.010558537347532315,0.004279009400675937,0.009285520805117464,-0.01827240627446247,-0.005230432243722549
2017-02-20,0.01818797966709851,0.03494601637170636,0.015799041995057106,0.01604466604790389,0.024603697175010986,-0.009347942967779188,-0.0014349554598919179,0.0074543793962837945,0.012310232084765671,0.006791392474797986
2017-02-21,-0.01491984060791407,-0.009721104107695222,-0.015070783920752673,-0.01012423635762183,-0.0023683224997670393,0.008417429781226948,0.0034183493960111555,-0.004481173252633419,-0.02011971222009845,-0.007817433075949731
2017-02-22,-0.010644866376054996,-0.005785522332890536,-0.0010044532922738325,0.00689006051030594,0.00018945735887632154,0.005597374314573411,-0.0010251051059310123,-0.00812662717801027,0.004981063128195906,-0.009584804205510444
2017-02-23,0.012312909135712369,0.01226639402430929,0.01998860907459754,0.014913935811410761,0.01136528829507455,-0.00392991229898032,-0.0035526643606236252,-0.0015631018315601652,0.015314711625339594,-0.00723631381749712
2017-02-24,0.001283255500138969,0.0033303347085646973,0.014317040534421288,0.010506556847512893,-0.0011272415249991008,-0.001407871750077061,-0.005218837544687438,0.0006534898937704536,0.01708734161294112,-0.01566656206901562
2017-02-27,-0.002202520941785857,-0.010900200220378409,0.00796536970250239,-0.005409454967227556,0.0016805608730194876,0.010121859246615905,0.004881703229103307,0.0009064782033951779,-0.006611337273275342,-0.010858745107440892
2017-02-28,0.02312918684362808,0.007953288030057681,0.019462456021617225,0.008004083634912673,0.007121041157336805,-0.00996221779780404,-0.00606643925580419,0.003848420703108868,0.007603040948666706,0.009572008286373501
2017-03-01,0.012361193798048342,0.013287750757917882,-0.0005418281574913753,4.738255788816481e-05,0.014265003496875206,0.001826531677278087,-0.0003726033644136928,0.003190312299985232,0.0048641679602574595,0.013209386963015213
2017-03-02,-0.03073850917463461,-0.03646978459188022,-0.03748333341473309,-0.019223574864349224,-0.028970004636700852,0.008485040576322378,0.0009534134775530667,0.0006058637721491067,-0.0203573189707712,0.0002523988623164275
2017-03-03,0.007846556233653157,0.014917219026854944,0.012647389018209942,0.006681736385924397,0.0024665155157870267,0.001340800493542682,0.0013714409578686748,0.00860629436706617,0.00012820296553694988,0.00713233091612242
2017-03-06,-0.014805343691272177,-0.02601468669959861,-0.012103598384015535,-0.010538439159284207,-0.02166944379017377,0.0037888832784194193,0.0010122552964750842,0.0009637955903902817,-0.013616108324365772,-0.011370967260852183
2017-03-07,0.004924263054212119,0.022031085925219296,0.01866061046419465,0.012916009061313405,0.019759764651340106,-0.001535889288583614,-0.0029789401820771166,-0.0014932607429095635,0.00866396312531914,-0.0028566896879880233
2017-03-08,-0.01321859592074126,-0.02204160577883174,-0.012495503087775917,-0.008411098420425311,-0.014679668842960125,0.014192946948432983,0.00637262364815494,-0.006746066769308112,-0.02701634230690997,-0.007833017799562692
2017-03-09,0.015044674552249893,0.015917165926617294,0.0018190046275579075,0.007701802620182274,0.010108909718145709,-0.006377107029184481,-0.003924253141613043,0.017979778200310825,0.00846076164975118,0.01530265947204379
2017-03-10,-0.0013302698415422753,0.000287331224549936,0.00859281218621577,-0.0023829275767713876,-0.009140034320321733,-0.00462541677307049,0.0029341538700526915,0.0011711229687199065,-0.004351074188717496,0.0017738347784896913
2017-03-13,0.006381378901144874,0.009772782490737209,0.016502757737071105,0.012542503817588369,0.004144503171341407,-0.005636276256310024,-0.006569567159493639,-0.0018349542230183813,0.010524028894227211,-0.0017766904044155263
2017-03-14,0.014412483816156785,0.025661076293987728,0.02441239532591788,0.020460421245710902,0.017629844174582576,-0.008855191741356294,-0.004843695296137707,0.0070605362125439886,0.015304303627053484,0.01859233736532029
2017-03-15,0.028337764614815075,0.03829283431241248,0.041951306006359435,0.022965273655064733,0.029390196532677937,-0.014323195466557803,-0.005042126127991264,-0.0021539054594517104,0.0297311632274484,-0.00014575417252904455
2017-03-16,-0.008740858225394277,0.0006472133933164148,-0.0006393023785269403,-0.014778390414590281,-0.012748402642408507,0.004160098318775507,-0.0009307262687648921,-0.007697396696010661,-0.008772131532041816,-0.022692092821024135
2017-03-17,0.001180973376034622,-0.002703602176523212,0.00169822652685081,0.016870030807313086,0.002211016690605083,-0.0002422597276169336,-0.0019813948710298845,0.013356757133796249,0.007286207506788767,0.013326125361799779
2017-03-20,0.013646349135481906,0.021742873044922062,0.009052190512945923,0.015226541223074985,0.027670796193811853,-0.003820776248940394,-0.0027312368470217008,-0.0010044805434920034,0.001219292323525023,0.0077385616910989885
2017-03-21,0.01924234366690647,0.0120751955886238,0.02089473067129277,0.013910982741818012,0.03415891178741637,-0.015595384391076994,-0.001007401039637923,-0.00023715155346282213,0.006913834043009048,0.0034608883312592376
2017-03-22,-0.00256950744764306,-0.011957352186555581,-0.007685746302356633,-0.006548386267575923,0.008360441137779562,0.003070254650532789,0.0011839168470022532,0.005338778427873336,0.0013393320440413525,0.011677971050344294
2017-03-23,0.012385840533687853,0.006770044687373078,0.01594450100116629,0.004877359092097855,0.01693093576154503,0.006399699865753172,0.004662212260713394,0.009492129615237044,-0.005234789875104173,0.0017182930845771605
2017-03-24,-0.028635065524003633,-0.029808673323169055,-0.04083273608862226,-0.019454286794167053,-0.013869109688839476,0.013703859792005613,0.006390291091372902,-0.007027678789281011,-0.01567954981495656,-0.021338866277766377
2017-03-27,0.002249145775185424,0.002035856117080126,0.00550255813604883,0.0033293755967085392,0.01644081727483293,0.004919480611545346,0.0005501734409538717,-0.006069878753515834,0.002144855641629473,-0.004856110988096463
2017-03-28,0.0011676305342251947,0.0083745062201519,0.005332538230858663,-0.0015993404473292339,1.0959127152432302e-05,-0.001060351098929213,-0.002752848044884071,-0.0007104636575436807,-0.003828165011647955,-0.013934391989067318
2017-03-29,0.03265802006231744,0.042863724811495585,0.03307230324357935,0.02575963973579376,0.02311880816101608,-0.00509994284356563,-0.0041672943064026136,0.001835868694956,0.014357273458348363,0.01884663667205011
2017-03-30,0.011531808804132071,0.029466016750260948,0.010668604137589854,0.008165247225541128,0.02560553686165945,-0.007954933626323046,-0.0010208554219666155,-0.01138502333186553,0.0057875780064147175,-0.015368479470084018
2017-03-31,0.018642729968200378,0.0038318892041588892,-0.004183282166697722,0.016596578743668156,0.0013069857343102065,-0.009565227112656394,-0.002087462127774664,-0.007198594717904849,0.0027137379059904987,-0.004095351362531696
2017-04-03,0.007808516100595186,0.029878374961886944,0.01492406314558381,0.01907833042567586,0.008695904833781798,0.0008902092781930548,-0.0015244096088619097,0.005233922461734819,0.004907619553562226,0.013529908583335803
2017-04-04,0.007710793482407885,0.011799114776655406,-0.004470945341179755,-0.004142197986577223,-0.008831438947701886,0.001024747309192442,0.00023254466059086099,-0.005842520067715906,-0.010679300552516313,-0.0031855590267608758
2017-04-05,0.0025405935131177504,-8.851050359348633e-05,0.010341517653548182,-0.0036346724231733907,0.002296647580099398,0.0051447785754896724,0.0009349089930048571,0.0021525929293595425,0.0010877190681939375,0.00766257927249181
2017-04-06,0.01995776791697268,0.010701346415996627,0.013855333637121658,0.015718163387168582,0.0014163168624230504,-0.013261630265927526,-0.0024999399901444175,0.001406505208540798,0.01925312518624711,-0.007628961322228567
2017-04-07,0.03354450098660311,0.02402607237908394,0.03475434720850057,0.0211274749953394,0.016745326268446492,-0.008111777753040617,0.0017135055520836051,0.011590211807954498,0.016290274284730177,0.009043541422725898
2017-04-10,-0.005558201104431837,-0.01492684487652518,-0.0199877068073554,-0.011117894860192101,-0.014431565434925853,0.004727305763999601,-0.0010986961197302358,-0.00955935168799471,-0.0070908398867488565,-0.009705259923210141
2017-04-11,-0.005260874579212427,0.010851756668968315,0.001605621347237518,-0.0076080366971846836,-0.009988634797671203,0.0008191308854135215,0.004915972241379185,-0.004147171933418403,-0.005759668059727385,-0.0033576549733067562
2017-04-12,0.008835106353614064,0.007552271744358574,-0.009030709421556482,-0.0005399334428197733,0.012948156485453222,-0.0035464089098304896,-0.0018117714465101242,0.002631459035815187,0.009458432979496001,0.008660231484229008
2017-04-13,0.005567430259372008,-0.008104421778941107,0.010525295885719377,-0.003028377402659932,-0.004551720877039367,-0.0006987007366452413,0.0015527435681370605,-0.006522427183678126,-0.010187637282806028,0.002621211862817052
2017-04-14,0.002944076691837383,0.004934132366189559,0.00680343006265649,0.003449186158794637,0.009103505807140255,0.0022561625107984096,-0.002336769372339287,-0.012356096728158406,0.006597144100677577,-0.0031790742413341233
2017-04-17,0.021901271732253536,0.006095125408865476,-0.006636343686208801,0.022012932392250217,0.012231007921839065,-0.00442000550788979,-0.00028510576435869517,-0.009007094017023265,0.00793766528842732,-0.010885812865377265
2017-04-18,-0.015595514829331747,-0.016023528776449636,-0.025040822897920423,-0.012266032168063101,-0.01883906650420064,0.011819651737491776,0.0015671170834117287,-0.007434751873085177,-0.006861777605371766,-0.001988239627297883
2017-04-19,-0.006552354651319536,-0.006072500060979147,-0.01144716295266257,-0.010472362170906302,0.001960957107025596,0.0036544584544186964,-0.0010755310346383107,-0.0031927712363012395,-0.0005744402706165941,-0.008043996086470995
2017-04-20,-0.00901814596474615,0.0075697695939238585,-0.009769778774409543,-0.01192082011083928,-0.0007819607999652867,0.00025282642638102537,0.001190990243475687,0.00040322172470941275,-0.0031220919352641374,-0.015228651961958883
2017-04-21,-0.009011457173663473,-0.005772439241220506,-0.012192951519724216,-0.004712750203196281,-0.010131284343885216,0.003411541768630677,-0.005226230376970786,0.007263497845572786,-0.013178755386592744,-0.007594934468916459
2017-04-24,-0.03352749692611168,-0.024911093781260107,-0.032844399739137,-0.023578423254060232,-0.03587435569032493,0.007324683659133191,0.005706371583615644,-0.004831969353996213,-0.023058303467383467,-0.02478061201291315
2017-04-25,-0.018419577379386043,-0.02217676720622974,-0.024817823574589615,-0.006393096970992884,-0.011470689675216694,-0.0002649566542822779,-0.0007396267350411323,-0.0036323197383517636,-0.01526280234190791,-0.00018741177933312425
2017-04-26,-0.008289334125901715,-0.015905251505737183,-0.016248252293260768,-0.004173261163882169,-0.015209593514420416,-0.003626252549767006,0.002367852472710652,0.000656842730912377,-0.00934266411538609,0.0006409769915776131
2017-04-27,-0.023529190534730904,-0.028894615860762696,-0.015576658005687416,-0.025185533705175844,-0.013552051437606627,0.004278277840000122,0.0017405748749599326,0.013525621987931391,-0.012796141604840217,-0.005613408580848467
2017-04-28,0.005130964159077989,-0.007616425220348777,0.010655652397007387,-0.0025816589965202974,0.004397816345768968,0.004916246005736369,0.002938040000870501,0.008421136753566927,0.003510084616146214,0.00669913003204381
2017-05-01,-0.0022631993016413166,0.004509655403628354,-0.002969608215277364,-0.005459899467326834,-0.011696517320986533,0.006424707360428439,0.0036595165630222137,-0.0066601781936124205,-0.0030379660087719307,-0.01709644351254369
2017-05-02,-0.013509183148086246,-0.015557293633241653,-0.012293324782290727,-0.006738343683816539,-0.008429837135351392,0.0015433268034965586,0.000725329048312684,-0.0035369077487034106,-0.0009616660262432575,-0.004670484285292376
2017-05-03,-0.011346119921406772,-0.006353678192934531,-0.01885918354691274,-0.01324153749174073,-0.0069714296022546085,0.003576939828821013,0.0017841312674580223,0.0066285533190719725,-0.004173065596600578,-0.0021106003080990643
2017-05-04,0.0021571959651942585,0.0015451564801221007,0.0009046958672749295,0.0005791780674311298,0.0009520687471253897,0.006152071658534375,0.0009384791767539369,-0.004492118080899554,-0.008989133581565056,0.0008106811685402171
2017-05-05,0.007974144811648598,0.0073525447719506865,0.010966641944155198,-0.000629804058822736,0.008714733542319664,0.011404775326871786,0.004463500699550593,-0.007252112009094702,0.003764921114444375,0.000608219085933559
2017-05-08,0.00444281474912156,0.0021236209274018147,0.007526136330233912,0.006417466284248441,0.002466543012388467,0.0022151038437805415,0.0019436715810858818,-0.0047767269947111,0.008354558923326039,0.00857898633879528
2017-05-09,0.006829403182203597,0.00990816764801461,0.009501199198184374,0.0068373388297175985,0.009359754605230863,-0.006731805610770802,-0.0015517827200326462,-0.0018876840618310409,0.013477796353431604,-0.0032531705451976922
2017-05-10,0.010218585949113068,0.012079180739917206,0.013638405248245222,0.015423866734145308,0.002910479909929542,-0.008247643143496464,-0.005821139673460096,-0.006376758756650225,0.006182342398185936,0.00546224770424919
2017-05-11,-0.01773472909017837,-0.009434843219519484,-0.02187282824982928,-0.009521075501885523,-0.019875021557733574,-0.008150869394501603,-0.00164469450356175,-0.005403559792486967,-0.009367170522763257,-0.0037319499253610777
2017-05-12,-0.008249935661184593,-0.013054247175526279,-5.586843227101124e-05,-0.010662412023771939,-0.00254318397095199,0.0026925235100048184,0.0011212660759520876,-0.00273780753366748,0.0016747174937061793,-0.007113557297886541
2017-05-15,0.009913484983499865,0.012999491709867472,0.00652604039513327,0.013796578242477375,0.012906613557508662,-0.004216188817284361,-0.001956015408668077,-0.0015636185524282586,0.006270371388971352,0.013730445111838296
2017-05-16,0.005937699605001789,0.014849845821579555,0.015306085508453027,0.001128577869519809,0.006539133888257664,0.0015859261558650584,9.345898684864906e-05,-0.00681916811466432,-0.009071948466461754,-0.014947468299041589
2017-05-17,-0.021767156726902104,-0.024271082205114536,-0.020844475821691688,-0.01297952797955626,-0.020366415991060705,0.006570143961504682,0.003668271128474565,0.0017607534193935237,-0.027137310695923733,-0.004339250862005262
2017-05-18,0.02335016627663511,0.030362630747831743,0.03679251695725849,0.01361982790893057,0.004934788816789659,-0.008550519495680753,-0.009504731172933378,0.003804093905001915,0.02902409294446473,-0.0036264792156059933
2017-05-19,-0.005394423595849074,0.002825328053813303,0.007257532953929502,-6.954292443028809e-05,0.009884352663190432,0.0006387796659066414,0.00043844295927253363,-0.0043487259109009635,-0.010948708488846215,-0.010423186853794508
2017-05-22,0.010494012410815268,0.03141453160707375,0.01901560534947566,0.009022412235894617,0.0011336872649672092,-0.008432686699874847,0.0009332989277228698,0.005216423799933478,0.011864902284173029,-0.0040647734558004744
2017-05-23,0.007839070328891307,0.013605666492575885,0.005177334248881671,0.010063178954878627,0.013556348039414745,-0.002549243719418448,-0.006889884444693517,0.0015015491697289995,0.014870504028521303,0.012062355808410308
2017-05-24,0.00704852933837441,0.004657293312932964,-0.005922303105265869,0.003411036857456695,0.013497657285657327,-0.008604215031759344,-0.0026015434319492936,-0.007196629921016995,-0.009046844984990088,-0.010599237308559273
2017-05-25,0.007114825975840233,0.007390176236117929,0.01110811779559051,0.003410469433518415,0.008083578284260096,-0.0008040592993733275,0.0010799670705521347,0.002117684216521587,-0.0009777184536736705,0.005578480819196097
2017-05-26,0.011890256761126539,0.010980613359020452,0.01661742441775793,0.009427283160122757,0.01642503967410347,0.004984375035187227,-0.002272054506700538,0.014423039662713188,0.003190359471583193,0.016959875370468946
2017-05-29,0.01731725531286732,0.00441633325367663,0.006818615932018268,0.00973756129074399,0.011211708892266081,0.0005953078981746351,0.00046875785541167225,-0.008658626028848482,0.01891699669944691,0.0019933232079238916
2017-05-30,0.000845603884087387,0.010949400759504346,0.008514078727928753,-0.0023650858691510734,0.0038420852585736576,-3.135264257980719e-05,0.0034383061847751417,-0.001475403659480512,0.01358810505020469,0.0036515062812993992
2017-05-31,0.010756136251215187,-0.006955232383141774,0.0005654382693434101,-0.007624587470636657,0.01770068275474035,0.0035414666628843516,0.00011496985039105567,0.0016705357119886077,-0.005807780278422658,0.010161383954487402
2017-06-01,-0.005301148432156011,0.0011056186175188998,0.0029185048510578238,-0.000422052372615056,-0.008339677305364557,0.01329314395128467,0.0023887001155209475,0.003976743967035512,-0.0010765545513565788,0.007573800186655433
2017-06-02,0.015064151865290087,0.027774532205838476,0.0162219543509583,0.016433395623693503,0.012123901405628468,-0.0035259864393042406,-0.0007274963361344478,0.010033376368439484,0.017001527256955473,-0.002907459559299941
2017-06-05,0.011525720608242418,0.021316074591927192,0.02114958505200515,0.010468182727766617,0.010254780341369285,-0.005075996283987583,-0.0006949338827088036,0.0038068237463402266,0.009937831034187772,0.012370311252992927
2017-06-06,0.0015278443295165811,3.484499301631416e-05,0.006529597973377488,0.005005702363165332,0.014831482529353623,0.0039859931179973,-0.00022053249084763582,0.0029824359251480193,-0.008310738179659438,-0.0018650576965498766
2017-06-07,-0.011700370214759781,-0.01487538993576154,-0.0012479874116052558,-0.0029900454972501267,-0.011523343628256022,-0.003431027641455975,-0.002707580591396974,0.001640241944072418,0.010733364611476892,0.0007264038751202406
2017-06-08,0.0177293993527452,0.008782547695354914,0.012605169320909049,0.0032266517730703548,0.00760114167693704,5.476572849505423e-05,-0.00022117999882687034,-0.0005969209594604008,-0.008115318840793195,-0.009444541489458946
2017-06-09,0.001455448088835798,-0.0019225656024378646,-0.0009935906695336394,-0.0064211146583643686,0.006983974253838898,-0.002682633702463799,0.00033148999451526606,0.001499476439790648,0.0015046611575368907,-0.004776889649097837
2017-06-12,-0.016334980662265464,-0.03067100321142413,-0.022625378389236617,-0.020259726005086076,-0.013733535248828033,0.00777199573482612,0.006116754622541132,-0.015004935008448128,-0.021154134953081494,-0.016217288158001053
2017-06-13,-0.0054203399839710675,0.008781413965699869,0.008048887188775167,0.0003351881616238117,0.0037755126006999706,-0.005578982323527937,-0.004630780575160642,0.00011463984830184515,0.0066576852773694295,0.010157305719597165
2017-06-14,-0.02416005660821685,-0.03215839995369585,-0.026258990166244,-0.016447617981019014,-0.00887535024656183,0.015311471719795522,0.004569070861519586,0.008841540039533413,-0.011545603859741571,-0.004527783834121002
2017-06-15,0.009447169051714832,-0.0012269989256026292,0.01046496481356085,0.001735535596386173,0.007702863213498112,-0.0058232177562563825,0.0002921693008726134,0.0033152407652574656,-0.0012328310247253782,-0.005802174794692028
2017-06-16,0.004605731274558211,0.014387976743033493,0.011621192589199136,0.006527691584218731,0.008637458809541698,0.0006631212176784196,-0.005019490987524633,0.0036842917636952244,0.006562012809971263,0.004383561643835687
2017-06-19,-0.023422706084963774,-0.01502962060588664,-0.03295181446134854,-0.010451616193629887,-0.013813512142259565,0.00485429064460452,0.0012320945819592755,0.0014567732013908152,-0.022200544103233577,0.00033179332900235003
2017-06-20,0.014558380769910562,0.005399736522615051,0.009430993118424214,0.012122930119204511,0.012445185687852467,0.001254763725072383,0.001354622950357376,0.0014546541002802282,0.013500104344079666,0.0027064240640399806
2017-06-21,-0.0009299953670979244,-0.0018693778640584968,-0.005941252053869417,-0.001568598209706562,0.011718633572431525,-0.004342453457059081,0.0024247466333326972,0.012101176199992292,0.0009465143033255963,0.009157361516102691
2017-06-22,-0.012318812508402721,-0.019124163948469608,-0.0071369499957671945,-0.004196786289040855,-0.013582600360564578,0.0006242060216488099,0.0004388391615854914,-0.0010382984749940372,-0.012437713552349683,-0.0037764294974678148
2017-06-23,0.006719577329934001,0.007448633192604248,0.008451880466886497,0.002488624671315831,0.008251724208262923,-0.0008878234357596604,0.003980806225554412,-0.0022419565686854215,0.0010825114265093916,-0.0010138146064878617
2017-06-26,0.0031156360469579703,-0.0006178666616653006,0.011384650070781488,0.007155395147870225,-0.008467400508044065,0.0033107032407999615,0.004552924868001407,-0.007820696469079902,0.012712970787687405,-0.0047420867580455495
2017-06-27,0.010672664590696712,0.018845636968141788,0.007620080573510268,0.0034213846960746697,0.0036650801654314336,0.004309483197611819,-0.0010848824861414696,-0.0048824392879831535,0.0067963230659411344,-0.002653019037404558
2017-06-28,0.004901910920173558,0.016946759076866824,0.008740963080120512,0.010824074040638454,0.008017034474046891,0.0004968745573348254,-0.0004235567200269186,-0.0019695860438847523,0.016194747766803408,-0.014052303679958134
2017-06-29,-0.002543038193936753,-0.0123355048007745,-0.0026001988635464546,-0.01669724016840135,-0.0006914010594281095,0.006826453997672122,0.0033076512957757043,4.443248400232136e-05,-0.02047277455265606,0.002220043552446871
2017-06-30,0.0118511602522684,0.014336669251043599,0.015414573913521412,0.004743826123286832,0.01583250752238685,-0.001776891895887367,0.0003869127626334734,-0.0061230272434473765,0.013733383862133186,-0.008025245850754148
2017-07-03,0.013570061838115377,0.01240243428407295,0.005637665225756372,0.0013252181050467104,0.01656624048505395,-0.0058184098417383145,9.65171876972093e-05,-0.015301500544042113,0.00868229758594552,-0.003045666988743645
2017-07-04,-0.01037250417802793,-0.006520106472584719,-0.004667058003828495,-0.008576337073519125,0.0012715977954318447,0.0016945543910540373,-0.0017239499908698885,-0.008104133099314792,-0.014362756955970113,-0.02061249703966428
2017-07-05,-0.0003510775636994534,0.00229681431854023,4.784634251131514e-05,-0.0002067020640157402,-0.0014449366228352911,0.019235331028904623,0.0007789602827628084,-0.004567483730120392,-0.008801241045859332,-0.0011488459584996225
2017-07-06,-0.006572790824321828,-0.007889909902190628,-0.01125271332987332,-0.003409012251678556,-0.011212543417804977,-0.0018334245537968696,0.00045033337178757016,0.003212516233921159,-0.0038292868946232517,0.0063750187157405325
2017-07-07,-0.009789048795331712,-0.01542327128407428,-0.006940601995712448,-0.0018259431983616015,-0.009365145365890726,-0.0013775941302510697,0.0019505662060237405,0.01435684747773669,-0.010743148044767059,0.006770340729376656
2017-07-10,-0.014314669655385859,-0.012502932446629367,0.00020973687555625453,-0.010618632871617906,-0.005678906947592766,0.0030081834299289234,0.0028931148995763323,-0.009076850153113769,-0.011391218765010702,0.004191492077139536
2017-07-11,-0.002730286233030399,0.003762838893066389,0.009756014903022248,0.004553812441411731,0.002232504404089619,0.0037687064950746585,-0.0015464241792439992,-0.001878112802053078,-0.001669657825476234,0.0013760429019598064
2017-07-12,-0.0022354934291434203,-0.008070632180655402,-0.0020745712937227934,0.007737984476129167,-0.0003875833178992316,0.00027871945078783433,0.000871686862938148,0.0033211108180466464,0.0022163199015452495,0.002819874436860159
2017-07-13,0.002540003617057307,0.01236991053496439,0.007245615215161427,0.002634480060404787,0.0010129719064833065,-0.001492470645123034,-0.0025498327666655385,-0.006210443751626937,-0.0003837381941076412,-0.001872726892091725
2017-07-14,0.01459243445469105,0.020136779672827343,0.008643879269506716,0.01124416047613308,0.02731827657450281,0.00015479568389853426,-0.0016963740178749243,0.004958600526635104,0.012017994378285435,0.011290811569387493
2017-07-17,-0.007144847080567174,0.0008939988568867907,0.014674390937774673,-0.0024522863513133375,-0.008896639951471608,0.014038789486314096,0.004815023484615155,-0.0033109278683955967,0.003900687554926785,-0.001236861877786266
2017-07-18,0.012445463411295599,0.02586668031557071,0.023376001060321006,0.012391895152871868,0.008921753046212455,-0.007825386823496538,-0.0001230655206362341,0.001109034966966238,0.001282693469030427,0.005537846988541872
2017-07-19,0.008432700627298173,-0.006871514227771547,0.008817818548800815,-0.00019461505499218656,-0.004908757359483706,-0.006714307791208074,-0.0013566532015494293,-0.005064011379800837,0.005147577926662317,-0.0034112328499658062
2017-07-20,-0.006684161899048191,-0.016777535124762655,-0.02741617240132954,-0.018126831568063384,-0.011673162632176881,0.0003246642531160582,-0.001710929732095079,-0.0060403300995774956,-0.005175039669988335,0.0032119208416927503
2017-07-21,-0.004747401357300118,0.0026459346681559914,-0.004842351947297652,-0.011758382963167113,0.00428315358943121,-0.0009537911957189227,0.0011853460981721131,-0.0016763940528548016,-0.0014541174836084636,0.00011266759304473517
2017-07-24,0.0017663072651392664,0.012639191987018128,-0.00041731159503843873,0.0063650777437607164,-0.0010938676497621591,0.001984756049880465,-0.0010426177811707626,0.004719773800147209,-0.0011599042376641,-0.0009904243334584173
2017-07-25,-0.008844166685468058,0.008785060561955715,-0.0009002994873804626,0.0026261214965235258,-0.004074235992610475,0.005682809819554713,-9.015400384337902e-05,0.00168088115023024,-0.011351330717504493,-0.0075882516010506995
2017-07-26,0.02402745214085744,0.020713508776048384,0.015048140973771718,0.021174646602827085,0.018326227235588854,0.010813220799083645,0.004079489710073325,-0.008604615447354025,0.019919838349024888,-0.006973969528535018
2017-07-27,0.02389380826046894,0.020020047838819943,0.014142630100420606,0.013540016325539028,0.011486588898174777,0.0006441698095824844,0.00045036053018221445,0.006007330623733154,0.006883296118548987,0.011629581245440779
2017-07-28,-0.015044033568200832,-0.01419303923825277,-0.014279872803134697,-0.01993252144061164,-0.014116649150024863,0.0010803647713204523,0.0024185625191162075,-0.00371302202410162,-0.021514632218981422,-0.026348358612160894
2017-07-31,0.027080463317059156,0.026910628921706925,0.010180389535070944,0.008551073581848812,0.013396361912331844,-0.013671477659399578,-0.005032771213127285,-0.006013796716730635,0.012560156557039459,-0.007885198480465538
2017-08-01,-0.003038815720291521,0.002043572074893918,-0.0037366876143107852,-0.006921211051473253,-0.006586243811421366,-0.009069005390262452,0.0034868338620925865,0.006179319747732004,-0.0025418543819691886,0.004329612618230172
2017-08-02,-0.0004864870682697031,0.012911597098155259,0.007722506017732167,-0.0032576155403252205,0.0023360165550370127,-0.010417988369490372,0.0016645810539908101,0.00035971631304754226,0.011259915834298528,-0.0049949477284211286
2017-08-03,0.0066547641866006035,0.01559431198498995,0.020742307138637672,0.010349647326671318,0.012512402541588363,-0.005767705602821471,-0.003877338369052241,0.001706292510030405,0.008623164731157207,0.001144420607773311
2017-08-04,0.0016473442457409782,0.006702841302467011,0.008644585754329581,0.005435577091065902,0.011983133534826385,-0.009178113951196831,-0.0026030197794933985,-0.004778193870598413,0.010184076378936924,0.0037404744696767356
2017-08-07,0.014737638005164477,-0.0016401828705525645,0.01138040164081433,0.01351902450960396,0.01230045726331186,0.006336046657872574,-0.0035053984661370663,-0.0007712982499146204,0.005668078612039773,-0.0022582707709409844
2017-08-08,-0.0013923706926491919,-0.0020719605422748755,-8.199472182812695e-05,-0.0007898776695547394,0.014309942619008531,0.0003502303745646085,-0.0009863833191311455,0.0011775539296043913,-0.0012347961298126986,-0.0030483588531937666
2017-08-09,-0.0023881414968566217,-0.0014936881800253765,0.012551942194702015,-0.005091428611447624,0.0061280272362604915,-0.002375212370861468,0.0018514688853654704,-0.00033867364200190764,0.009252750286024458,-0.0020856697393254464
2017-08-10,-0.0033435841743354455,-0.0063226104568946395,-0.010904714641133184,-0.0008640593543663977,-0.003356381530893904,0.005133062822136214,0.0062593132130863705,-0.00667859575280183,-0.006645736855659057,-0.010516711909836163
2017-08-11,-0.000499245302218343,-0.017904252508766705,0.006810136850142756,-0.007311226457798026,-0.007223952346802176,0.006607031225665416,0.0015222865794277674,-0.0051503643768225915,-0.007277520355249534,-0.015179456535288849
2017-08-14,0.024913224731243133,0.022593488550335605,0.03774660779821071,0.013224664038353096,0.016473428836252024,-0.0036175357291919896,-0.005021978916240011,0.002898568698824322,0.0196293416277864,0.007480176928385873
2017-08-15,0.016410659685755613,0.021805127650757594,0.024617829519525847,0.017708312356242928,0.014640389510425011,-0.010564837464872467,-0.005402205796731896,0.0038203170200643566,0.016962272448795446,0.015098561438740665
2017-08-16,-0.01761367396073532,-0.01070296623804845,-0.004086507676764883,-0.012238201427460349,-0.0032986559751919664,-0.0029803681115940783,0.0013972612286141661,0.014470754907913275,-0.008332177214841918,0.00848608915943605
2017-08-17,-0.014568866625285115,-0.00782889606772863,-0.01088283384099653,-0.007629871119631204,-0.006397737912870238,0.002646641510760217,0.0007460219700685666,-0.0006227908489645495,-0.018472457051679103,-0.013458230491556145
2017-08-18,0.01928084093279936,0.014443925485476017,0.011400713221685566,0.013666456314471498,0.0032979425643859805,0.003019356741927881,0.002126524745363012,0.002716643651863526,0.008215540443366809,0.01348286651113062
2017-08-21,0.0016393628666255822,-0.003974602916007375,-0.006004759532901693,0.006598668317560508,0.00669716431131806,0.0009929879327212898,0.0003039376580840081,0.00822652726119144,-0.00638527394207089,0.005207029343485825
2017-08-22,-0.01597642521949416,-0.026415818911720845,-0.018974434040290866,-0.011479926472042878,-0.027212202485440318,0.004817468559908722,0.0024023203237133472,0.0037174050967083705,-0.011918823563341618,0.01304172538043602
2017-08-23,0.016216974387584848,0.014439160859592848,0.012161051315334293,0.012257169086455466,0.005943357651949643,0.008284477642188204,0.003042244007900319,0.004316063093555034,0.003400125056106429,0.018777402446572777
2017-08-24,0.0029850131328217344,-0.008443516376695381,-0.00517135190425666,-0.008502601670605126,0.0008554241668763396,-0.009479091442903709,-0.0015530757246882132,-0.008118947304770252,-0.008219399463460397,-0.016228342412202945
2017-08-25,-0.005847508801044898,-0.009472164001419814,0.006681885000668242,-0.00785937229061906,-0.0032163620503231627,-0.00033046806888525904,0.0013785897752172094,-0.008567498458743272,-0.007272028079140402,-0.004312529530518416
2017-08-28,0.008872438934191651,0.009648886469565188,0.011258521554826428,0.0157279118439968,0.007105903375959066,-0.004509915507048268,0.002829291586790905,-0.0027618615414460868,0.006748177046743686,0.006146902534398979
2017-08-29,-0.005142104126072744,-0.007616113739774222,-0.013189784659128345,-0.009694295868739933,0.01122236199044413,-0.0004755371457867419,0.005266214614932485,-0.0008971164610014348,0.0021880111337484465,0.0004125620867829749
2017-08-30,0.005118250840605576,0.0045621172321448356,0.018852779456958846,0.0035610499841451926,0.00326425337038172,-0.005840305246292976,-0.00269769091074612,-0.0012890787302879403,0.008885210036239766,0.008916428247610408
2017-08-31,0.009419472165505871,0.017079410747127488,0.01034756263828207,0.020557254208060316,0.001718174503700709,-0.008875681102809563,-0.001901934056219412,0.0017650883283968355,0.02797792777829744,0.011423214963363737
2017-09-01,-0.0028971599514300284,0.003432999223882627,0.000945039159785388,0.002495523411012446,0.007263476215619402,0.0015779308549812576,0.00283117413612044,-0.006054845483714266,0.004189513854509608,0.00713995716025706
2017-09-04,-0.013304006258793799,-0.0023872948808761896,-0.003999669768152581,-0.0049236241732263375,-0.016076130494896312,-0.0007478564647135366,0.0005136173749420436,0.009156388493107626,-0.006188383284866816,0.0035437430786267043
2017-09-05,-0.002153919122347525,-0.006761409263336349,-0.005688511869069823,-0.007021905829253106,-0.011995947105726046,0.0011547625644152681,-0.004087638867660948,0.007508109676608976,-0.005179457709897584,-0.0014276361171621232
2017-09-06,-0.0010581015550166217,0.018199382910010664,-0.0027146415937012724,0.006475556956128559,0.011017375111686878,-0.004728844178385594,-0.0032131990979094027,0.010205020319768776,0.009650023131236418,0.01194418525508989
2017-09-07,0.006821846874104587,0.004330137384816357,-0.007853072578006048,0.004382569099271816,-0.004610800470389531,0.0025076370970134043,0.003467274233637019,0.011206589147616741,0.003895351930618407,-0.001147787721412885
2017-09-08,-0.011642362088556735,0.002104228883754944,-0.019353820974691183,-0.0007920446526821223,-0.001997179917008096,-0.001658207981586668,-0.00103961547300091,0.006274243787404599,0.003459976754742522,0.018629983083612967
2017-09-11,0.012060165694743441,0.008451077931959095,0.007887732793226299,0.0024458396987336872,-0.005928689128437137,-0.00745062304603572,-0.0007927483158404192,0.0015079714229797592,-0.0024575642959093758,-0.0068799140639455025
2017-09-12,-0.005635715254125873,-0.001304214870488929,0.003469558388514482,0.002466934869367554,0.0021348804506227115,0.00011345290174458178,0.0026923819239570435,0.0005277886573875623,0.005521496086240862,-0.0030947992540646396
2017-09-13,-0.022473337637185398,-0.022190138879196075,-0.025402147194910407,-0.01039265840810688,-0.0251556919595467,-0.00027016639115173824,0.0029848776282666023,0.0016050667692752985,-0.01254037538733721,-0.0008772534618398664
2017-09-14,-0.009579782917427448,-0.014489469462914517,-0.011144688075767961,-0.008291298569439887,-0.00497440090065937,0.0051569441448005016,-8.910163618025546e-05,0.00021999926666915748,-0.017950003230900236,-0.00939585249564856
2017-09-15,0.007812850073935618,-0.0034020071661227114,0.007787650783172229,-0.0034229883496330604,-0.0006862798580565821,-0.003250001299703431,-0.0003427291384201503,0.012505540429304185,0.0015868442688666828,0.0011833299877450631
2017-09-18,-0.02272012703453763,-0.03244392688057951,-0.025190348894659764,-0.006715091229495762,-0.006955124619388742,0.015440154684688512,0.008477226068961619,0.016587151252635213,-0.011281655510235522,-0.004436591350203245
2017-09-19,0.009525945038958428,0.02405350522500238,-0.0013706684585897966,0.010816781642733586,0.0046515794602972615,-0.013450180399719125,-0.0007465624470928134,0.007710638187651941,0.01350499655843529,-0.004620970100254307
2017-09-20,0.0020226255074000665,-0.0004794698878242132,2.1983735858821518e-05,-0.008497422680412425,0.021109453825223,-0.0025333270855506518,-0.002405346060233682,0.006850008273344921,-0.0015078588150228,0.02339319055920641
2017-09-21,-0.002365496518683008,0.0003430358674267886,-0.005889600105519643,0.007996645030928562,-0.007590727853816426,0.006755048763264604,0.004776592174655647,0.005887561927099494,-0.009645363487604364,0.0020718045010967856
2017-09-22,-0.005875704274107996,-0.013464583606491276,0.002824758265879135,-0.005998256740517349,-0.019606601395767198,-0.000987312332886403,0.0009340776085440261,-0.0013284478177766346,-0.012084175998743563,-0.010606067430913746
2017-09-25,0.006372555900229004,0.017437548445379702,0.008606680363979047,0.004733819917672744,0.008076453649464854,-0.0011269301459004843,0.0040854887157362185,0.0010832317472670994,0.0005049425733698598,0.0036057298324974063
2017-09-26,0.00552217075920991,0.026529255076202407,0.00929083919833018,0.008335958493209894,0.021723045003517738,0.001348646195251657,0.001073953520102311,0.0023211924233614845,0.010785339700430274,-0.01542715920349258
2017-09-27,-0.0033215678910124558,0.0028128832008316174,0.00028254493877244435,0.0016704808031282603,0.0047393052055777485,0.004835837977190671,-0.0002388501188516079,-0.0026814722770749366,-0.007942454571517876,-0.003931965116364733
2017-09-28,-0.012215031661661713,-0.01135307861523327,-0.02671743506597457,-0.018421339678016402,-0.007270897094400652,0.008243472718715728,0.00933695158485226,-0.0058979586492151626,-0.01668098636414117,-0.00939366718442547
2017-09-29,-0.011334312360122945,-0.012863009087849209,-0.008756875772708117,-0.011744493032567416,-0.004119420845434374,-0.001213058597754113,-0.00136067430605602,0.0046708417653562595,0.0024687101880858098,-0.00714988134895167
2017-10-02,-0.0014744137150073389,0.015092826474776277,-0.006875518469721453,-0.004112160698426126,-0.007403626580747447,-0.005580400473213176,0.003533199825649813,-0.004984441993586164,0.0075644530001863775,-0.013700099047060155
2017-10-03,-0.014482666250952292,-0.007583351024236129,-0.017898890040831117,-0.01035592996074619,-0.004758531477146777,-0.011117356173071857,-0.004907180562894631,-0.0032294051553891645,0.003997068075699106,0.007476877945689742
2017-10-04,-0.016434403858793134,-0.0224572557578252,-0.01338014851044278,-0.014945940405201807,-0.013288967257593987,0.003337244166340625,-0.002689294916622398,-0.0025140222031904136,-0.022085544362559273,-0.00671806104849848
2017-10-05,0.010171733657101223,0.00432853267543587,0.016366824574374217,0.008091267909463129,-0.0008979537291329276,0.007736997041365212,0.0018514808485348144,0.009356168091362527,0.012859190235300133,0.007273357990830176
2017-10-06,-0.005189938985422526,-0.0008126986928789215,0.015759007820131954,0.0020815306565751257,0.0020773179941186992,-0.0012421481648475785,0.0004791264598593692,0.0023346675048339094,0.0009441895848523174,-0.0018184553347821986
2017-10-09,-0.0005319574569276897,-0.006447991903206551,-0.012095878972444685,-0.0019419510696405684,-0.0051947875060865956,0.011724351597769411,2.9511860414332958e-05,-0.005386442518679924,-0.003182648554801659,-0.013164691820716112
2017-10-10,-0.00039805281134674964,-0.011343326153270605,-0.005261341816182208,0.002162021476618481,0.00851744323358905,-0.001967140442745152,-0.003222063488869664,-0.007241836471622021,0.006030424284599656,-0.005067570812482547
2017-10-11,0.01148721211464876,0.015579907324233089,0.01524672463327681,0.007610303731538481,0.005185279210213833,-0.0059714969506937665,0.0010866888355673954,-0.0034660303299763884,0.011632865481523647,-0.01659500277066084
2017-10-12,-0.00813586617699047,-0.014819788494280783,0.0023985868424316603,-0.008938427327395138,-0.00789952783810366,-0.00034248035147610434,-0.0018477181789524622,0.010355190705742201,-0.012538348672802457,-0.0019289971963277752
2017-10-13,-0.00534096735600742,-0.021098938546544543,-0.019001330014518092,0.007411094221516867,-0.007335534152400958,-0.00450376269302355,-0.0002316448399765081,0.003891209045683519,-0.0056163271515484725,-0.002112719693832643
2017-10-16,-0.012659930680690268,-0.017968269573774842,-0.013950274860066614,-0.006077363312737227,0.0009874017141020541,0.009176778157702126,0.0036479044755532986,0.0009219023801625426,-0.013548721918846152,-0.017814777177293184
2017-10-17,-0.001118613057202733,-0.0030482074495074007,-0.002507214970581706,0.00978216282348221,-0.0037073241572722626,-0.011483385242254562,-0.006427068177791706,0.0007064852003668687,-0.004110549653153606,0.006470796616479868
2017-10-18,0.017419242434315363,0.014041181866224939,0.004935411065378981,0.018607576074731735,0.023886122190510006,-0.00020506305874135045,0.0040553127366134145,-0.0036752589477229147,0.01556897160478421,-0.002572475509135863
2017-10-19,-0.005595844181594978,-0.029356203826883753,-0.018348010458528075,-0.009958874038572874,-0.015873580809339094,0.007126107067833454,0.004352415119496245,-0.010069320733331555,0.0011031414083195745,-0.012477695195157623
2017-10-20,0.0035121270347675537,-0.014456090345106087,-0.011628182967415746,-0.017737245665294,-0.00200750186113563,0.004423773536909037,0.0058519719678689075,0.004295594901648325,-0.005901806458513348,0.006572773755065153
2017-10-23,-0.012581342943203233,-0.018310495983533404,-0.0158902519114974,-0.01894219206514214,-0.01229008567847778,0.010828097276469606,0.0006232778287558194,-0.005544754490681925,-0.00971121392166474,-0.01712565720928927
2017-10-24,0.0027189199324957336,0.010838546079720679,0.021013476379732055,0.013263190175090145,0.019795290830729284,-0.004888624660653096,0.0038072130082771327,0.0018349082424948815,0.007409493917079235,-0.009162746961866364
2017-10-25,-0.013349068974560674,-0.021164579570132513,-0.019022303874705826,-0.016682639822157452,-0.010323232295805784,0.003931713493570799,0.004834940449948588,-0.0029179223684581146,-0.016643277314280946,-0.0004120317398684792
2017-10-26,0.016112647538435443,0.030559921373801924,0.026692781434645596,0.01242127922687608,0.01721635639593022,-0.0010742142905293406,-0.0010206586052011746,0.0012566190410472355,0.019191555390668746,0.01801393220678671
2017-10-27,0.009046603542892884,0.0021055469543007632,-0.0004302353294394212,-0.012821707600646048,-0.0028751074625356088,0.012770919455407537,-0.0021206743625593605,0.006473501446079055,-0.010144434643058253,0.01270638617428288
2017-10-30,0.014185412413954879,0.015636450517701572,0.003202865341342953,0.005225174691860568,0.01746876375682893,0.00817779357197046,0.0007942128358031653,-0.0015296802007325194,0.0059871801066175845,-0.0018989288838606733
2017-10-31,-0.004795701984075862,0.004972768876456479,-0.005161931552190913,-0.009711287285790515,-0.009759119100597902,-0.0072053697380154436,-0.004983037172729854,-0.003947166838985994,-0.0010019304839016252,-0.015202261765638991
2017-11-01,0.009388586061294335,0.0005999561343548176,0.011580236341484973,0.0012015313309652331,-0.010303632312276823,0.0034502357183863186,0.0003289921872662305,-0.002026902969569866,0.0002744383695556518,-0.0008278162574141268
2017-11-02,-0.01567174417163797,-0.013313988977255664,-0.007759918945141719,-0.006220233415086596,-0.02493069344530885,0.00039662554411168394,-0.00014617066089062103,0.0014831204272807152,-0.013072632784050908,-0.00017957681091995692
2017-11-03,0.0017702775457995035,0.008562411461975783,0.0006068955284475042,-0.0033433426949396328,-0.008959936571744653,0.002819488555899863,-0.006406533454716978,-0.002463909526660313,0.016352459903465233,0.016645474157725326
2017-11-06,0.025535586457914983,0.024653274739949937,0.01899491505526707,0.014420050471569468,0.02635087812868009,-0.00419245471921359,-0.005031336337109504,0.011301561557244044,0.010427869411050672,0.013763065677457886
2017-11-07,0.005638795437761468,-0.00481799953728701,0.0023546103877729596,0.0011797838679887818,0.015904837638827996,-0.0005683927908372022,-0.002899094310300554,0.00013737459576335098,-3.2932067073332405e-05,0.006544030861606043
2017-11-08,-0.0037761959313691307,-0.00653646685949294,-0.006221531277031955,-0.0026584706297504423,-0.022616525281133226,0.008412853554189414,0.004398699468043832,-0.008001769652849489,0.0031846357626361677,-0.0106872647035966
2017-11-09,-0.0010592896425498655,-0.011540404089647849,0.0072526623022866055,-0.003296197639863774,-0.006626639185934979,0.002105682295618916,0.007882984164229168,-0.005757513063484709,-0.011099351175460903,0.002121962108955877
2017-11-10,-0.0013555794118096376,-0.02350120046006121,-0.020057289274577617,-0.0033733140327288913,-0.011978127560576923,-0.000499154759893039,0.005274152722681391,0.005248366261798143,-0.012683936667956974,-0.0060715990264007536
2017-11-13,0.00043787725862554083,-0.0019293845263361753,-0.0017359719284397723,-0.004376712897599888,0.014160153851874746,0.0056596766606420434,0.0054081160161447706,-0.0028690336865794253,0.0009844975263155753,0.004767951697534523
2017-11-14,-0.009275652206263585,0.0007671730886207317,0.003954685339453201,-0.009120929943732148,-0.0068103405931306815,0.0142056684809444,0.004840727736572736,-0.0001534769392821378,-0.002114184789290152,0.00040239889355198066
2017-11-15,-0.01982613612893902,-0.015436877592154508,-0.017191163108377205,-0.018437834976138934,-0.006818727992727647,0.007073394355432638,0.005635062494508514,0.0017692952145815788,-0.01298464355682416,-0.002222732053524301
2017-11-16,0.0210452184299188,0.02363032940710008,0.0131102927902782,0.004226248673043775,0.013456154230279349,-0.0033269493919416693,0.0001780023055537594,0.0073138807278556595,0.006603991724888569,0.008075601887658213
2017-11-17,-0.0033029960922454915,-0.0092118545931833,0.004793515261691583,-0.00216733454858431,0.013581988121815547,0.00031369839350503526,9.58303372771141e-05,-0.010766668801639567,-0.0010740192374802948,-0.00918494703498618
2017-11-20,-0.0013585722922114796,-0.009590200959729067,-0.011462263812478946,-0.005325497244530686,0.001515060479521102,-0.004368296281560213,0.002128924430353063,0.005601363556902328,-0.0007943399042178445,0.011535295512844712
2017-11-21,-0.006467263980344362,-0.0016862785601288177,0.00992982961880684,-0.010159233994139316,-0.00022224540119042402,-0.0015769609679613383,0.004120012436791498,0.0014349950463294903,0.001676839720599066,0.0052580400131228
2017-11-22,-0.00884059038449081,-0.013720955007149871,-0.011648525632403595,-0.0032434447740260497,-0.005101188458944583,0.006242065391941054,0.002612540713658351,0.002952673640355785,-0.0005103427429329344,0.0042289244713109575
2017-11-23,-0.016781659408312777,-0.020429994734376677,-0.008669247183143991,-0.006219227276999861,-0.014482810615199071,0.002626908548501783,0.009352339958688116,-8.413663789985648e-05,-0.020979490427374237,0.006581637582477873
2017-11-24,0.000993968625861319,-0.013800152251218778,-0.0022331603882826956,0.005072434797955827,0.006191629651111308,0.004587800486812288,-0.0029208508938584066,0.004081370981636523,0.006167807301215467,0.007703024879461395
2017-11-27,-0.009132456657152455,-0.00899198204183782,-0.008151266329314955,-0.0027397658974819272,-0.01643475448088616,0.00606216426531736,0.0031207207253476366,-0.0012506404843578567,-0.008969554454764106,0.00045701288680133345
2017-11-28,-0.010285723521968437,-0.005788686892356121,-0.015858342307655593,-0.01462077338628176,-0.024572849278372888,0.006081517135444692,0.003114852090925435,0.007568377909062951,-0.004114854736736784,-0.00014425393308348244
2017-11-29,0.0031531316091237827,-0.00466031324812155,0.00744148011857293,0.002144354975653906,-0.0005676963487326603,-0.00016188891169333086,-0.002018016040771231,-0.0014490086940522895,0.0035222613894589916,-0.006160531623581433
2017-11-30,0.011282103760003492,0.0236902140012345,0.012640165929546088,0.01337354097869703,0.017537220369673534,-0.008077464531103362,-0.00017964247950086332,-0.005893402486825128,0.02160637981412128,0.0012349048368396343
2017-12-01,-0.004306340036428491,0.0029117552883324294,-0.0010177864778891932,-1.944316713742289e-06,-0.0012616826071278897,-0.004468093970668496,0.002134996486431451,-0.001887960754704876,0.003151968704821595,0.0012411145285795566
2017-12-04,0.001850091753926364,-0.0002979114167342978,0.024007280628313143,0.009725491111052698,0.011607815432542745,0.0037746541100989184,0.006025741477569957,0.009243931568650554,0.0042149652629897005,0.01036069346751134
2017-12-05,0.005279508475455552,-0.01726692165799193,-0.01066800012372282,-0.014909867798401866,-0.01789521880309164,-0.0013662593404911716,0.0013483687655386767,-0.00694162436548218,-0.010993278283649377,-0.00954546757503072
2017-12-06,0.0027646387680100304,-0.011465369670950576,-0.01002018627229273,-0.007635206786850479,0.0024823852030708693,0.0001368812965396593,-0.00423283841489297,-0.0010295132454986033,-0.010051589510019165,0.006854270775048743
2017-12-07,0.020024105313231733,0.01416122243894069,0.005332923486338181,0.015205698960843783,0.019952341138314456,-0.007237292311061294,-0.0006290696320927491,0.011665716576894525,0.01820345237889942,0.018131907615803744
2017-12-08,-0.0059181149923711596,-0.0007122676999066213,0.00983336369938037,0.006004179351211114,-0.0022322893639126207,0.0030170726192906283,0.002145529393943635,-0.0007199589046508192,-0.008738479048041814,0.0015292548811463025
2017-12-11,0.0230532925541993,0.04118691747970438,0.02232360885727469,0.026310282544063313,0.023562508528900183,-0.007118995602427569,-0.005199597343994666,0.006700204596663095,0.025396113765841832,0.00765433166014251
2017-12-12,-0.01988050751237369,-0.029470268715751424,-0.003959697099400139,-0.009151950568191292,-0.023502787776854772,-0.0008430454289357625,0.0035113301046121315,0.010812224892392308,-0.013858526129450155,0.014306495831701405
2017-12-13,-0.005752782198428785,-0.0020441686439131024,0.002597680315265416,-0.0002825946360125453,-0.010884580457746096,-0.0050874791485399085,-0.004055073677138865,-0.002168381423732768,-0.009740582312719237,-0.013842691422992326
2017-12-14,-0.0068584421166942855,-0.010800128237402729,-0.004063657535540499,-0.003881557479681552,-0.004921027837926029,-0.010279905305667802,-0.0026886253708117147,0.0005763760588963773,0.0076386988276453405,-0.0037747106505758854
2017-12-15,0.0010182731044914295,-0.014750616376305481,-0.0050653694752086365,-0.013006083091139597,-0.002444227717229408,-0.0032889275352531167,0.004403452306608324,0.0022037576753974886,-0.027107154541261225,-0.002624890512588185
2017-12-18,0.005932746278948242,0.0025465712355561276,0.018035840030831807,-0.0019277043337649902,0.007270782450573332,-6.211351102958229e-05,0.004285942033606549,-0.0024474641832141764,0.0010693824525200846,0.008601900336926427
2017-12-19,0.006414686702900907,0.013601165342297383,-0.0025785106659322876,0.006224455468897938,0.009452602828559531,0.0034778668048307537,-0.006776428037597926,0.0019123198245898365,0.013230598680417538,0.00944855666947908
2017-12-20,0.013755765755235183,0.006781564745856894,0.019102647963757047,0.017418462936650503,0.02162675076952847,-0.0037077940348901883,-0.004485362795910275,0.007399981348503282,0.0006307901075086608,0.0116741127379425
2017-12-21,-0.006269575099088098,-0.012323767002903496,-0.013298704797676697,-0.002888470479812888,0.0011828023422644218,0.006833864165741055,-0.002666353280250333,0.010229255671219573,-0.0037357098466067606,0.0001457455064839408
2017-12-22,-0.0029833095323099634,-0.008323091964758778,-0.0017497435114933735,0.00428038815165821,-0.0001666171843341946,0.0026290175090182277,0.0038048178046672376,0.007897417570418064,-0.003647815717142122,0.004724198607604535
2017-12-25,-0.01239864554868475,-0.015867175744063045,-0.0139802474449493,-0.00454597316923433,-0.01009264910608354,0.0019380915777997831,0.002118105892465305,-0.006918789833046057,-0.010570957474303366,0.007474044804383073
2017-12-26,0.01910678634798968,0.02976330393941229,0.017996921981721536,0.015237600859352884,0.015250718233039473,0.003447751108529795,-0.003598034107391679,0.0011359891115938492,0.021525638348322884,0.00941068709982762
2017-12-27,-0.0050231869330429335,-0.005463209749861919,-0.006916816861644581,-0.011738591704890222,-0.008382878865523913,-0.0021357012021842037,-3.1478439517562684e-05,-0.01086766836274733,-0.005325444191546347,-6.596217871301935e-05
2017-12-28,0.0051602896824376465,0.005873570680673845,0.004388429476929412,0.003549905918051932,0.005606928699519953,0.0020621905929809614,-0.00030194555728868533,0.0035817192868918823,0.0014201147639696377,0.0021608495775913283
2017-12-29,-0.0005869738496480092,-0.0003357527816412187,-0.006122983990445752,-0.0016981155151312155,0.014678208505833679,0.007156200103662691,-4.8839986067750196e-05,0.004922353179608319,0.0002450445404487134,0.0034628915544760996
2018-01-01,-0.009898765407379995,-0.008861850564830132,-0.005641250049267632,-0.002160887650805021,0.00026436471540325357,0.0053804776184149805,0.0033900461817475414,0.006824843530492952,0.0054795554594830875,-0.007413363023425212
2018-01-02,-0.004519706730239825,0.004994198658124338,0.005679352383081815,-0.0016366890338056495,0.005939891800926578,0.0016338813958760579,1.5371795701213387e-05,-0.0019583072516551336,0.003464326176273902,-0.0014360540663638233
2018-01-03,0.0057579516047665535,0.019525060780522185,0.01182714958923814,0.011320465570346272,0.010250656500460531,0.003722712455961341,0.0027073159015580384,0.0031739539636033154,0.004352184866176723,0.006888305174635789
2018-01-04,-0.003691730411667149,-0.004897758226703242,0.010136775049290447,0.001349759933550354,-0.008598841899666643,0.021145612290575322,0.006835927519494689,0.00022583131310316418,-0.009458960719715415,0.008554585110172264
2018-01-05,0.0001407830465676163,-0.0035741597820438953,0.005033840738415396,-0.0065827699010390095,3.078292350755518e-05,0.0012321172338465303,-5.646298122008453e-05,0.006780986266040401,-0.010011437540976442,0.01295510189702842
2018-01-08,0.01233986775013074,0.015051715986295289,0.027985746414467716,0.02169679588142648,0.02742205635644468,0.004096210136649514,-0.0020733869867685106,0.012678946762420873,0.01235978876901389,0.004688002643087552
2018-01-09,0.005870025162018067,0.000988993459881904,0.010800159250908159,-0.0038718916496172096,0.015920044810337597,0.00041407454007447164,-0.0019149378503489078,-0.008375041336439515,0.013251877070712403,-0.006961115024550879
2018-01-10,0.03226869530694465,0.04069139894611595,0.032486978981742576,0.024640086035652375,0.007613781996829161,-0.009316148145387837,-0.003851237511027783,0.0021672743078322565,0.020331787630065268,-0.005551982626852081
2018-01-11,-0.009136196608208413,0.004875548958637399,0.007697464165158818,-0.000325515256386133,0.017837611878761317,-0.0019479206618631117,0.002872418452283032,0.004420143170463575,-0.008671761648287979,0.0011646177048181272
2018-01-12,-0.008198706457549054,-0.007910739791823662,0.0027928359980089468,-0.0020222793487574275,-0.004451420691448549,-0.0001137383090142885,-0.0013568564289044849,-0.00038192433282357996,-0.004193772105325455,0.001251667431088288
2018-01-15,-0.0005417962562641598,-0.0010803105969766635,-0.0044403022999186526,-0.0139830876132494,-0.0010366741534089119,-0.006487859578460764,-0.003099853594968005,0.005074161102567087,-0.006678407795931651,0.006338807559362447
2018-01-16,0.013519527236475648,0.01670603044952612,0.008461714456560854,0.0014281301303376015,-0.0013953997065889734,-0.004904952986296562,-0.002388961333412043,0.009177486739513352,0.012937928491501216,0.010091586117271456
2018-01-17,0.0004530696274389623,0.01017328871470724,0.010687472770625872,0.012598684662172399,0.007946638870740319,-0.006641390123629964,0.002601408047415932,0.005206027243162659,0.006497272155392642,0.010687373470682937
2018-01-18,-0.006448746716463893,-0.01952983472451919,-0.0077394590785268,-0.011004656233305155,-0.004609244592208905,0.0026407340596437123,-9.861238289776697e-05,-0.0065969160823478035,0.00236011251453605,-0.011923917695781494
2018-01-19,0.004228906623013451,0.019672494950811137,0.014247705297464108,0.0052409090701361905,-0.00240532106707414,-0.007154883017970182,-0.004250997107938748,-0.0027037917793554245,0.0011990060299269523,-0.007383817263009962
2018-01-22,1.0781101591250675e-05,0.0012868625213520168,-0.005074112252514862,-0.0075876121434526045,-0.025249476144118987,-0.004375365761299932,-0.0020342432010741485,-0.002029839301316394,-0.00972195459755787,-0.005266290362601844
2018-01-23,-0.00164517836601219,0.014040580288149807,-0.002488366484758031,0.006064276382213407,0.0033845554335469874,-0.008782272257355173,-0.0024392365866154897,3.6940935876472736e-05,0.008518418165541775,-0.004662708103657542
2018-01-24,-0.013131281498607539,-0.002304745573393885,-0.003931684849179384,-0.008716930168938375,-0.0117320418613861,-0.001600396262021242,0.002804390379409938,-0.006298196905645925,-0.021340385335926082,-0.0066622969896547035
2018-01-25,-0.008916993936794237,-0.016318316566274582,-0.014490760342420694,-0.00416987821089343,0.0041835232943518985,-0.0012333161670627923,0.005356667746804655,-0.0005613228483677402,-0.00788849527154556,-0.00974510296887332
2018-01-26,0.005121869355344311,-0.002104936230751475,-0.0008327913652396157,-0.0017186632250351108,0.003993748914742357,0.004184460476752694,0.0013027157747151907,0.0029815172709297677,0.01001091224022388,0.010293546467500692
2018-01-29,0.008562518467907898,-0.004568140084274641,0.0034599233156837883,0.012257431946024466,0.009905935559146428,-0.010771836465394036,-0.005252080001587056,0.00036787338035582096,-0.003982536199380604,0.000915260783191485
2018-01-30,0.007414845810851833,0.01656716884573428,0.002911234636414184,0.002370860237925765,0.01366007082763021,-0.01176246041852147,-0.00494527834319336,0.0024281094258093994,0.009500977873299288,0.00919533344315826
2018-01-31,-0.01885042261012837,-0.012987335115908771,-0.006132131096980187,-0.013101331536093608,-0.002826698304170039,0.01418945162865115,0.005200665923160042,0.016581352468564736,-0.01900609984947388,0.0025821004051227447
2018-02-01,0.017196125747909186,0.01948402466790311,0.025767823078959085,0.003957198030629661,0.007255570959762148,-0.002439804225386699,-0.0010561054407438597,-0.018470257842966076,-0.00160998914874122,-0.0030795699224317463
2018-02-02,0.0037784248474765914,-0.004104721168844638,0.0024255647045634543,0.0008815286202652484,0.00832237073337283,-0.002061154147703026,0.0033590298797199214,-0.003436382814231642,-0.004549331816889213,-0.005727510917030609
2018-02-05,-0.0005385140035225611,0.008741281242729215,0.011233920474920778,0.01138732708694179,0.0021779508464070396,-0.004507057763045164,-0.00676679860159235,-0.00035032730686068714,0.005951023243102149,0.002232876158820618
2018-02-06,-0.006751788365501388,-0.013191161921512484,-0.01321841501908294,-0.008799163852417302,-0.01106980817425507,0.01149699138186544,0.004052851823783232,0.008211395059174675,-0.015117747794675895,-0.008395385036074066
2018-02-07,0.010974352953454503,0.019686221932239567,0.00549197863341,0.008374322409122392,0.01714511453104839,-0.000933756561532495,-0.000572045568030255,0.00393425346599563,0.016471896145126896,0.010908560595012329
2018-02-08,0.01330907440801643,0.017485078768689988,0.029812652440507792,0.011241110137985899,0.017855169181695052,-0.012634335416836229,-0.0028496320137421094,0.0037600534567130417,0.011819935411378601,0.0015239384234451148
2018-02-09,0.008669870026232429,0.010671595361326114,0.015203709780784225,0.004204606199997407,0.006172472531738915,0.002491546791476118,0.0032490571471186502,-0.0034837872436409567,-0.0004006437188343037,-0.00382369117146375
2018-02-12,0.011374898212966889,0.011111901543714886,0.013844651518587492,0.009470854264613138,0.0027106822948916864,-0.0004416359955311533,0.0008167132088077178,0.005985841225653488,0.0005622020026765373,0.0071167547388069075
2018-02-13,-0.009369350251631658,-0.011090160320453402,-0.022857533947018616,-0.011887469191221411,-0.027274656834538002,0.013415212749132932,0.0014224549823864674,0.006839287697171903,-0.012132976127905759,-0.005669008232461525
2018-02-14,-0.008917180062563035,-0.005334064399602267,-0.00995788101621975,-0.012321982423819544,-0.008852992845654217,0.003943435666713624,0.008161718905520532,-0.008571938546732105,0.0038808159510788087,-0.005127258216389818
2018-02-15,0.007017175817178423,-0.005201493498133147,-0.002891966252341338,0.002310249005612164,0.008706303213848132,-0.006422034975797963,0.0011274028968524252,-0.0007055014475951804,-0.0011284325698849296,-0.0004811511034369387
2018-02-16,-0.005335367457520168,0.0021311659289553475,-0.006543101665540396,-0.01626131170473777,-0.005116866865010117,0.006466350353134143,0.003110545570224277,-0.008003280993672424,-0.011698068912827986,-0.017021763427233827
2018-02-19,0.0001597243010476035,0.004969798548569937,-0.00068196129630127,0.0017526635328095619,0.00025790494183142165,-0.007451575216994799,-0.005258020383867246,0.005154623953128601,-0.006327784307479267,0.006580313849635866
2018-02-20,-9.201188751273293e-05,0.0008976600866819062,-0.0052127637322029186,-0.009059658226370115,-0.004084409472300932,-0.010538617015449225,-0.0009494060314381159,-0.010373898085485611,0.004206926332152916,-0.007807399685853977
2018-02-21,0.01719722923539524,0.016160509466908612,0.0017802776427091604,0.014964395889870863,0.01121923739878894,-0.010469160337852168,-0.005361678771555911,-0.004159213875921108,0.01651778097015133,-0.0015777112429854467
2018-02-22,0.02177077722620946,0.033946561541831066,0.036238430612535844,0.0018839914658204115,0.009787500501250879,0.004171717533981267,0.0027674773606491954,0.004399425831329573,0.010181580429273751,-0.0038364847635978805
2018-02-23,-0.010469765600591874,-0.0207836598431812,-0.007995017145442151,0.0010638540530922835,-0.003523316695279388,0.007823761434206267,0.0011210848415508234,-0.0023811484867574118,-0.013024994723671024,-0.009012110784339278
2018-02-26,-0.006660146387467036,0.0037328265021436824,-0.0014148495393019322,-0.012152962911315512,0.0019441547525111957,-0.0005499961372694706,-0.003200973586854561,-0.004531931035508641,-0.0077287307163586005,0.0020691072734349003
2018-02-27,-0.005578361589232639,-0.009726540626565638,-0.009095811888113703,-0.011301410623455022,-0.008042398363984127,0.0064539553789935145,0.004864329702292114,-0.0007008541005569802,-0.00736134200822347,-0.012391732310264247
2018-02-28,0.001145252356356652,0.013299467742280635,-0.005510506418033301,0.005361152223128496,0.007150828063668957,-0.0008300193624209973,0.002627142330237753,-0.0016060665650288186,0.009846787922229261,-0.008979625596206353
2018-03-01,0.00036502157371098853,0.00713518018303283,0.006308780071967002,0.008941442047704307,-0.005440191882831957,0.00843825322657743,0.005677120757831888,0.008366029322666835,0.0030609800459591163,0.002342448108654027
2018-03-02,0.022631396202250187,0.03302454650256759,0.03601649227322046,0.026958276907677936,0.03339859254419175,0.00014195486534585022,4.683132306704252e-05,0.003131934892592003,0.0345770775300025,0.009681881051175845
2018-03-05,-0.017588552700598115,-0.015840598900968006,-0.007194865075547674,-0.004375250273453091,-0.011375358832142468,-0.00212412645474358,0.0017478656358351774,-0.007807242188870744,-0.01264304316944187,-0.01814633252393827
2018-03-06,0.008344319054310434,0.0048171948938093845,0.004934913931359031,-0.004598725025755868,0.008811730488117231,0.004501130537690301,0.002758097885310784,0.008602189051162279,-0.014384238684443384,0.009089670438786612
2018-03-07,-0.0039036604513223994,-0.0025041013915739763,0.0043088974076794795,-0.002129652060411269,-0.001297845349656379,-0.007123221548791414,-0.0009531663328801177,0.00778972694154989,0.017778591756037132,0.005035670488658939
2018-03-08,-0.007191969225253558,-0.024279303208681435,-0.012103194965388697,-0.015404990180518996,-0.009393485946567193,0.0003913140917333191,0.002735479509757832,0.0071473614739892,-0.01118121550483131,-0.016971081159919077
2018-03-09,0.01191156861422571,0.008116362329813054,0.024244084540552935,0.005952589054228463,0.007253252608760974,0.0035394103510897335,-0.0028984395339858304,-0.0028587735263868597,0.0130999235143896,-0.0009566708602922747
2018-03-12,-0.006887046691633425,-0.004156888915962997,-0.005148900981603921,-0.016018042934281662,-0.02243356039527966,-0.004249807208647205,0.0017268379503228015,-0.000583335465407453,-0.009884156781073905,-0.0032784704094387385
2018-03-13,-0.026203781720856467,-0.012662411473136292,-0.014707768503719465,-0.016473986827502785,-0.019912063538019664,0.002050693883689725,-0.0011622526042075476,-0.002067734203629601,-0.023162947317683757,-0.01487825811479393
2018-03-14,-0.0028555644272806324,-0.017274509441290165,-2.252990845352798e-05,-0.0037707176838154277,-0.0023256891011800285,0.011689861002306623,0.00244382265046017,-0.007432001583148384,-0.0030736756980878077,-0.0008311544554077122
2018-03-15,0.005965686138978077,0.013911223734143663,-0.016361254360052646,0.004388311496124064,-9.347025575712209e-05,0.008223808490563922,0.001497806110193789,0.0008728207173080982,-0.014053950009624061,0.009506536818490341
2018-03-16,-0.007415527469692984,-0.0172729491621062,-0.018249484845682784,-0.019332445527441733,-0.01284677412777524,-4.950556318750188e-05,0.002152309148946152,-0.0044621118892264056,-0.013012502823803063,0.001765335285987213
2018-03-19,0.007727591741189643,0.011874463481822417,0.0009245969578166591,0.001847212952449162,0.0021449489788136766,-0.007148407148407143,-0.0044814476961861915,0.001912752971029441,0.012716405300186029,-0.004025917730753781
2018-03-20,0.0036714156932411424,0.008819535504463571,0.011847218109504176,0.013999667384130055,0.005767868501476814,-0.008643866601473427,-0.005412266839859292,-0.005707332768714712,0.010812835612252991,0.0030058049014531907
2018-03-21,-0.010893932102983728,-0.007683163187425679,-0.013124821893871763,-0.00462646070068129,-0.015157629510433535,0.005735511197520138,0.0007637389164525388,-0.008403330087358718,-0.0039211220951296255,-0.010908530567330654
2018-03-22,-0.0033235500454033007,0.0024025059899499546,0.004359061479020321,0.0033897756214271713,-0.013940757861443998,-0.014482062566900322,-0.004523928451747872,0.005994299788511626,0.014549744941259934,0.0005180371553070717
2018-03-23,0.012199928436770646,0.0007180012778933431,0.013267476562627722,0.007328086600517647,0.004439910890118304,-0.011250399987595139,-0.0016748865466024165,0.010904429262530435,0.008717599225345207,0.003948226927996679
2018-03-26,0.011248795714061233,-0.0010966756786144893,0.012129542631799772,0.00511307471440392,-0.0024118286263565825,0.0014092920606316728,-0.00307227773543417,-0.0021887875356405573,-0.009610333342359723,-0.0009477302051892345
2018-03-27,-0.0139285852176263,-0.010900642817866402,-0.006246411796502316,-0.003041363100690253,-0.006831783767531463,-0.006004374971971149,-0.0028035015370437844,-0.008386947000468714,-0.012153409106444135,0.00113149753889763
2018-03-28,0.005209694709561896,-0.001601944533023314,-0.004321929251107637,0.0054157345001752955,-0.010218668545721954,-0.006102233355820164,-0.0031454470054577133,-0.002076446019113831,0.016784713918781113,-0.002684745091920515
2018-03-29,0.010635945981227302,0.006318189526842266,-0.004487443217725762,-0.001465661249862027,0.006937930407119541,-0.0013337147378000846,-0.002486420344349538,-0.0019216271968524046,0.0021014794061144926,0.008285780242716312
2018-03-30,-0.005392736420502087,-0.0033545987869890714,0.019728943253618292,0.002875676182001241,0.014522620565769584,0.0014999978355010324,0.004089360968162703,-0.0064766441820618414,0.010563459191635483,0.004720961827381132
2018-04-02,-0.0157317939125573,-0.025812045621289914,-0.011870063540980746,-0.01745022860051637,-0.017754682745145578,-0.004635176189285661,0.0027811570998026447,-0.004849968920115244,-0.006994900825491035,-0.0034944226716561166
2018-04-03,-0.005169201433926629,0.0035524663798207623,-0.007284548115311207,-0.00665993638553497,-0.006893892263717949,-0.000602179862150054,-0.0032732899920165925,-0.004240650278470204,-0.0065995567360888074,0.002007054930372121
2018-04-04,-0.013759186428205505,-0.017801308721930198,-0.011336676636377163,-0.00759170721063851,-0.008167501585938708,0.00436843458392322,0.004322927354812212,-0.010007702326741419,-0.016005607923576415,-0.004506828141695007
2018-04-05,0.0008014532440421274,-0.0025132461474646206,0.004072960008823179,-0.0015361279354458857,0.006762146386229961,0.001381551101166778,0.005072469783238942,-0.008330869222941129,0.0034525777678082736,-0.004358609034380012
2018-04-06,-0.018116326800417082,-0.019625054554905597,-0.030411702313894673,-0.014984112880639056,-0.016653693404835357,0.006813257553664798,-0.003516417891483492,0.00341161327098205,-0.0017179344770130722,-0.0004272077076262759
2018-04-09,0.011661016051279338,0.0013775441299315183,-0.00033986240882799557,0.005054342763857855,-0.00487612303082241,-0.0005578501314166262,-0.003143747888123105,-0.005220043794955664,-0.008254747136168139,-0.010630500627283324
2018-04-10,0.010722600042327501,0.0020799574817529365,0.0004896036689288064,-0.0025881159335461312,0.004707752423944278,-0.0050950126838622545,-0.003818163329131541,-0.007388153504756301,0.001166565968469424,-0.006331573974835414
2018-04-11,0.0016632649426708834,0.0022281728783009047,-0.003518465750709243,0.006418124894245869,-0.012022839554421183,0.011714527178896983,0.0028344725794471337,0.002120694318290095,-0.012789431004660123,-0.0008927075859812561
2018-04-12,-0.0005312316816661333,0.002234161179907712,-0.0031845493409776715,-0.003963151823312305,0.007586023929087027,-0.004217936431652802,-0.001076167843771958,1.4820465659148852e-05,-0.0002841467946056442,0.0017841031659351358
2018-04-13,0.027261387391797065,0.036930360430551534,0.05344702247531341,0.020489783891322277,0.02628383372637355,-0.004650601601080551,-0.002275140786352714,0.0003517858396449025,0.013518088298146935,0.003607317950880873
2018-04-16,0.01930364967333964,0.01971468881669769,0.02030750911863244,0.02581028223512538,0.0169152811331994,-0.0009841015948615084,-0.0029400183582533046,-0.008008695645393527,0.016272280965453412,-0.0033427762585774845
2018-04-17,-0.006394033059519022,-0.0002891065949156557,-0.0026722321592862475,-0.01227425584586006,-0.008575412653630488,0.005399940981897444,-0.001287836228978323,-0.0012733746787088052,-0.008752222805764598,-0.0007417845188507632
2018-04-18,-0.007138800921857702,-0.009048460954158677,-0.006134179037247223,-0.006032685776619862,0.0034560403185077693,0.0023801804452430186,0.0029537800191843377,-0.006384435577172831,0.0014257619433466484,0.001656946302164286
2018-04-19,0.023353049047143637,0.023347413222968294,0.028653448473379806,0.028315804863414673,0.02204169603060402,-0.007015296580977992,-0.0012747653068313491,-0.000354065575796092,0.013583396966705852,0.007999513014306237
2018-04-20,0.010001081087696484,0.024922989462495604,0.010145161985232631,0.009632925883525933,0.00845494829756066,-0.003599512125125548,-0.0053599465228932885,0.0015173953730136525,0.0055389841997055544,0.008230310664032459
2018-04-23,-0.00676057760274662,-0.00779699448492055,0.001545923421665485,0.0011229030151957975,-0.009668710973474659,0.0010303985575861319,-0.000903210183808123,-0.0019961295814852065,-0.016256052281424016,-0.009866866704126176
2018-04-24,0.020115798516680883,0.03324398589135913,0.02768965982721361,0.022556178081916567,0.020539187195421915,0.000707085383976791,0.0005028851088981767,0.009109553258502379,0.019903365822212526,0.007259284153923629
2018-04-25,0.0015826332905117813,0.012077398979774223,-0.00577714707917476,0.0022688355782001235,0.01950623588726841,-0.008754331701405271,-0.004397385275463295,-0.000820165384307181,0.006466309555851035,-0.002391835917577523
2018-04-26,-0.0005701611675467122,0.010797934444470636,0.000315346771352365,-0.0005525565991745252,-0.009668413324362635,-0.006852702430280244,-0.003929521047334572,-0.009692814517206938,0.007460260757259141,-0.006906990700216609
2018-04-27,0.008664822790783733,0.010192470853736868,0.005194112971760534,-0.0059405922936374145,0.014450809723876912,0.005241798873805603,0.00040691215073640485,0.009967908970085926,0.006960623216269557,0.005428925530768458
2018-04-30,0.005761472852378047,0.018189135632356468,0.014939497459769413,0.009497880738265518,0.016427560172774802,0.0005709109952662939,0.002618064251605823,-0.009450537183878338,0.011220024933388695,-0.0012747753352028157
2018-05-01,0.018871461294317937,0.013739825143201712,0.016290033489349653,0.0098821446946451,0.020480755820384555,0.0050408955720118165,-0.003106123948020345,-0.008009047080530851,0.010606840644550974,0.001199741653075348
2018-05-02,-0.020820189274447842,-0.028547070821220877,-0.020351574761954594,-0.01632843049264221,-0.015063624683584909,-0.00213365769167706,0.001296617819774637,0.010140937916755632,-0.011510481617169499,-0.009429465644471113
2018-05-03,-0.0021002203509877804,-0.020560048300551914,-0.0019295292273754372,0.009832484589781032,-0.0035742439122420366,0.008265515666405765,0.005296527933166928,0.007180085834734395,0.0015388680262073962,0.003125730705980212
2018-05-04,0.012787539739261167,0.016013307958381517,0.01333584587276615,0.010044121854623667,0.017136398505149364,-0.0028866959284735705,0.002827366467446746,0.00628830918634149,-0.0027275713253046563,-0.011008550433300957
2018-05-07,-0.0024771339608739007,0.003008794807201287,0.0012978972686761292,0.003275574475250176,0.001153118702180933,-0.00339328154733054,-0.0016811540559620308,-0.0029779905323187306,-0.0031239728081443596,-0.006821431214962703
2018-05-08,-0.006705358432241959,0.0021128734482520617,-0.017300953436383493,0.0053287039343772324,0.004584173549017967,-0.0046250274525216906,-0.0008095832882306642,0.005751968593420642,-0.010738605051985317,0.0066878481211265495
2018-05-09,0.00529479950490197,0.012017136002353324,0.017505996322877415,0.011672140156109734,0.020118338334508712,0.0014697279587982948,0.0014952773885517079,-0.00603156049094089,0.008739115943010578,0.01186658614038838
2018-05-10,-0.0038480705903045642,0.000682139700866502,0.0006825667260568213,-0.0021056919862518786,-0.0008800421960101223,0.0024234851949258562,0.00021699350638848536,0.0035468165674905627,0.0070902752911936595,0.011541623586538652
2018-05-11,0.004555477952428388,-0.007668000913376938,-0.005142110770781971,0.0006631853740926008,-0.0015935310010287695,0.014129087064182144,0.004130400994715622,0.0004976430313570201,0.004326695581019058,0.0047242400911347016
2018-05-14,0.0038376058026943216,0.000652256672729612,0.009280145693757458,0.003928275406190007,0.00182729760041056,-0.0064681568212571205,-0.004293348502261707,-0.0029867155577038007,0.003303276725565185,-0.0011139370000425863
2018-05-15,-0.003720795403917898,-0.024397605385768406,-0.002908230604505624,-0.0028755217991816018,-0.0024921953420695697,0.007650441827007581,0.0024425457661567673,-0.003503946443032313,-0.0031276512389961653,-0.0058423633454998125
2018-05-16,-0.006391448386564469,0.00535285793391993,0.013838937623691372,0.0033051228544429545,-0.001561369435241211,-0.005209687055608314,0.0017827005037307497,0.0007324901836884834,0.006258661860486292,-0.005146044651833659
2018-05-17,-0.009291150559876504,-0.014257761994242113,-0.005198436856826971,-0.0032282474652644,-0.00990933825246143,0.003857576748883984,-0.0018388672422989805,-0.009096021060170933,-0.004911644075216048,0.005570560593988638
2018-05-18,-0.004331567775595624,-0.018469760816509972,-0.008796833170316987,-0.013332244308411734,-0.015374369396949916,0.014493218671116193,0.0008574788699631242,0.0002821540719746274,-0.01747379515547476,-0.005934440828647802
2018-05-21,-0.016029878074900417,-0.017194116226880274,-0.010928594759769261,-0.011140515138814311,-0.00949196188750856,0.006065206771607601,0.00011879497987909993,0.004526661585100067,-0.002326654947415463,0.002425738728084159
2018-05-22,0.010052423657668896,0.014652227158470588,0.014115697173774144,0.020825182318377822,0.008509242684582974,-0.008812757888794542,-0.001365979997043465,0.001374832287025285,0.0038991756180213333,0.0007109381129808412
2018-05-23,0.007417423527867006,0.0036744834683979377,0.015016381368609055,0.00831447929623863,0.0015720070001488118,-0.007042263448742703,-0.002869508162810286,0.0053988313822237455,0.007466954040066032,-7.458112657665605e-05
2018-05-24,-0.01258244606492609,0.01914008050173832,-0.0021348781215472235,0.011549594081978087,-0.00613358803049735,0.0021018946866291355,0.0007585010463424524,0.003002221894909507,0.006939701674101295,0.0016265635712870985
2018-05-25,-0.006557806540676503,-0.002670842660466799,0.005690414412411249,0.00042146813091581414,-0.004363886100188119,-0.004323895472802097,-0.0032759252853235,0.004035243942447586,-0.001254961589583381,0.009384570734650488
2018-05-28,-0.0031058011130978835,-0.017117100549172926,-0.020470420037631776,-0.007710970981708587,-0.011755097348396859,0.014348463914694687,6.36930670097069e-05,3.111905684249905e-06,-0.007527499814256489,-0.019173474927503542
2018-05-29,0.00943902079189285,0.010902986849948393,0.0194051043347494,0.01141293830090695,0.013731389946511685,-0.012646641706774098,-0.006801726362116289,0.002631108068368304,0.013612209946783027,0.0005785798179787083
2018-05-30,-0.00416586030609456,-0.003749372019848596,-0.0020212402276176267,-0.00288109619894239,-0.0023483143716959143,0.0010342943888819178,-0.0004122332507339177,0.010285760398270671,-0.0010534137797665322,0.004202879275882809
2018-05-31,-0.0038735641142170207,0.008301956232482866,0.015002612245999414,-0.00529107238261417,0.008360961570490044,-0.0031060638854255584,0.001980844850621555,-0.007560513291572812,0.005149400717413988,-0.005385884414620956
2018-06-01,0.006423804452970749,0.026278384164531765,0.011517477084681316,0.01775253531767862,0.018100671244612787,0.0029505937491547396,0.0021049784504301172,-0.003806733406388041,0.01149647034229373,0.0049480350183477295
2018-06-04,0.011080553351223932,0.005817025314832414,0.006957667013211655,0.017054592398247692,0.011256950247664488,0.008490028368703717,0.000783634171926284,0.008433383957460183,0.004401394412780535,0.008861266309425186
2018-06-05,0.006926962830857919,0.017252399968040066,0.004717083731498928,0.005473772362662999,-0.010440891500826943,-0.0021824057698276444,0.000712665976583704,-0.0017741027223193706,-0.0030039661244073423,-0.010811551609931414
2018-06-06,-0.0023056646958605764,0.0019352073203644515,0.007589402979473858,0.006676971592862291,-0.0037001291692058125,-0.002584270930901744,5.142643253530643e-05,0.007359058139337682,-0.006161078570950718,0.0004993419077745642
2018-06-07,0.0031200891397242803,0.010238623219165799,0.00029005955173277975,0.004604837309808207,0.010524097725437054,0.0026758236784938383,0.0016344953373594873,0.0031631266307834416,0.008748332727634978,0.004870721530320088
2018-06-08,0.0021383273880302145,0.00950416225015771,0.007386139889880905,0.007774658440659721,0.003257570491879136,0.013919606637290416,-0.0012191595207845518,0.008055851049612706,0.004786406681272393,-0.00901476814246005
2018-06-11,-0.01355800814350605,-0.0020304576829885956,-0.021936252386306587,-0.007043280401237029,-0.0008827618378997037,0.0006594025729220743,-0.0020339790316672435,-0.0005166541417177539,-0.0036076427643207953,-0.00027811791427023724
2018-06-12,0.009250776327474952,0.03264929194997679,0.017156182373365025,0.01740107104617028,0.006700817955140881,-0.0007326501289783849,0.001757116321100538,0.00662977981581836,0.01631887589962311,-0.004158439942660852
2018-06-13,-0.005281688392302919,-0.007009781477957722,-0.016475308469984462,-0.013549684157932895,-0.009655990278572557,-0.008240357439242452,0.0024289632388259097,-0.009115298054283683,-0.01044978278015185,-0.015472302434964669
2018-06-14,0.0117347290269052,0.011142675632588972,0.016510129515424854,0.004106670525714895,0.005735784140695976,0.009790189189549325,0.0029178218271772582,-0.000642861539326578,-0.01241039757320117,-0.016048465597622852
2018-06-15,0.0029744105949807143,-0.01567472689352889,0.0027904836290435497,0.0010232693696565764,-0.00014868560198944003,0.004270420116818441,0.00475825476278624,-0.0020499640724026547,-0.004163011119041715,-0.02101233705050276
2018-06-18,0.013067683140415731,0.009554280759364486,0.013294339644154052,0.012831382737062969,0.009169156175952375,-0.01075376655030813,-0.00040720757406087493,0.006588446484396826,-0.004116248240247811,0.0029200768322843462
2018-06-19,-0.013590648841060426,-0.00022665547969447086,0.002577428338349952,-0.0016307893020220954,-0.004626311145126238,0.005798901047423977,0.003594168371576112,-0.0038483198798573426,-0.005180268845644154,-0.008824468242418448
2018-06-20,0.013590820116343716,0.022591140136660526,0.012812626041210029,0.0028373832160120127,0.011844464655100584,-0.00867114103290434,-0.0015054804884847561,-0.013316747871599977,0.020100997213088334,0.004648549874680663
2018-06-21,0.0024314780724974394,0.004317285477585253,0.008110723039342904,-0.005528561737840998,0.012166857491534788,0.006000318352755718,0.0017528241373852005,-0.003152900260071978,-0.001042513867910544,0.0031440937124271873
2018-06-22,-0.001704592806792804,0.009238002292654146,-0.0005454787778529369,0.0023755305285415584,0.01147714208236894,0.013874483496997048,0.005616559829814571,-0.002192533488670101,-0.006920058955241393,-0.0025900864110814936
2018-06-25,0.012168024547666967,0.013720570956257339,0.014758648563934385,0.007730861567726954,0.005405085033985291,-0.002652361240875978,0.001514584581120415,0.0033540964186580258,0.004195175835787213,-0.005401410692480013
2018-06-26,-0.009708505083946162,-0.012789909795326682,0.0013310492122422524,-0.0009399027589325204,-0.006198573628377613,0.0057441433244065365,-0.0007625226493455095,-0.003312788846558279,-0.0050157291225850775,-0.0004723728761231172
2018-06-27,-0.017401224709971408,-0.007031490248015526,0.011360776705334308,-0.01093576476080671,0.0034055051323729213,0.011700940626225176,0.0045097180979556395,0.0051378374318864495,-0.004007829904547511,-0.00597283241576918
2018-06-28,-0.011172842974049968,-0.02816448901856783,-0.02176600193439915,-0.014565031686433416,-0.011387927095609096,0.008459453966533248,0.0032000508146217133,0.0001448125524752264,-0.021723066593694607,-0.004088333695866142
2018-06-29,0.00012060598026253366,0.002050297452068195,0.003760007712836355,-0.0007031713673780748,-0.0034492490394690822,-0.010988944549428337,-0.004158572814279782,0.0026832653274986296,0.0077980013923593106,-0.006001146146109804
2018-07-02,0.007957041543251497,0.02059346484431379,0.01985223392979263,0.016514367055512125,0.017639046143372417,-0.012709979221982581,-0.0007171831487393643,0.00028343147180054373,0.03078235718884481,0.009999863975900691
2018-07-03,0.011463635536676842,0.015238157402939434,0.013047552698847609,0.0027173373745423834,-0.001777746428112792,0.002452671692178443,0.003629209794285382,0.011079107190438808,0.014572104611346282,0.00986356149056733
2018-07-04,-0.005462547142329299,-0.0068924027428779455,-0.0017980144698297451,-0.013686038926081001,-0.0036175819007183696,0.0055171912081817265,0.004510598480026662,-0.0059345378100843504,-0.006617857111670289,-0.00248360930702074
2018-07-05,-0.0019019479485499202,-0.00022658854756729685,-0.0022464473633801996,0.0007529147352156595,-0.010553621906854604,0.004080209074881935,0.003346773862724861,-0.0018191055745920837,-0.001628754486295625,-0.0037989654143998353
2018-07-06,-0.004470955041297353,-0.01492508549103777,-0.026032326080984047,0.0019017247062993459,0.0022588936236931367,-0.00960506396918226,-0.004629472378529953,0.008564076344197868,-0.0019137955540574625,-0.00022917879662542884
2018-07-09,-0.015131026418954141,-0.019798082875077005,-0.009813610726321254,-0.009358483557408537,-0.024106300813916626,0.0022539944226678266,0.004768543035058359,-0.001101925865888198,-0.017131162054479065,-0.004725056636660119
2018-07-10,0.0028123546740832506,0.009483837796754102,0.0019508726070576188,0.0024477875362440837,0.005417591973971847,-0.00904980164396163,-0.005329559748427637,-0.005851511995143666,0.012290646773569058,-0.007234318036099974
2018-07-11,-0.016364067960260686,-0.02093194488271799,-0.014512621726387454,-0.00575264435421019,-0.008906831873725873,0.0006530581781543088,0.00467080528552799,-0.0018616181863896353,-0.004194493263034671,-0.0028362272116876364
2018-07-12,-0.0011231390055078672,-0.008993799496592736,-0.00899305707629705,-0.0028183699994405176,-0.0054511880809267055,0.0013252918024588833,0.0018037488522026912,-0.007181669439546456,-0.013032069154998216,-0.005371042066001475
2018-07-13,-0.01205036667937509,-0.015449573290512997,-0.018444665652290748,-0.0032816716685869496,-0.01623581063516355,0.002200838401492211,0.00040269409258453237,-0.013016658145186044,-0.008299068022200484,-0.013199292778373728
2018-07-16,0.027135258397866124,0.04656769403481831,0.03422421445182788,0.024030346909224454,0.026039596111442354,-0.001622745412716231,-0.00043958252219888916,0.0028690996715223793,0.028396693398623274,0.0012685002973715775
2018-07-17,-0.015605112497651952,-0.03043688752052809,-0.022302520694823746,-0.024559421707632145,-0.008956732400879241,-0.0016481300857841275,0.0010202799487346592,0.0012489131417139365,-0.014412858157408559,0.006275813749630821
2018-07-18,-0.010494852072998495,-0.006777639256948187,-0.013642657370830369,-0.007370638154343245,-0.011102198552931708,-0.0036959451621988437,-0.0018238371625962646,-0.00510458564537597,-0.008078221752668258,-0.009414886627130525
2018-07-19,-0.0023421425808947127,-0.0069807884561515765,0.0004406943623367354,-0.00028960991519044743,-0.0010488117943441289,0.000655582744452321,-0.005185364031795037,-0.00855728988650517,0.004569332347512223,-0.01136801294066303
2018-07-20,0.007310663934815942,0.0036588705067572835,0.006255103356396896,0.0075657818934782295,0.0012399027719807165,-0.0021946940898390777,9.227710181636262e-05,0.002089746280030891,0.009283671161173013,0.005458271922363478
2018-07-23,-0.008326953509040114,0.0005324471303078671,0.005248161221690584,-0.008756245563679266,0.006658924681460565,0.005847575737384592,-0.003467655752219634,-0.007572423750282442,0.0027378102107891156,0.0017995019082039931
2018-07-24,-0.0004884550745515304,-0.0031987491679792424,-0.011247332263642495,-0.0035614548732683105,-0.0017521738323480474,0.0014787540375920116,0.003347179503440323,-0.0041883221962039086,-0.000591837474182566,-0.009312239342169959
2018-07-25,0.004672616582456657,0.010208019807789848,0.004036918793264288,0.012163142238802216,0.003000366621095596,0.0002611387025472922,0.003327796486757073,0.004612193396677178,0.009017667682694075,0.009579786368811849
2018-07-26,0.004889973030433259,0.002803544884941722,0.006141944466436788,0.0008137687050373543,0.00185137233843502,0.0012516230802877004,0.00409413421881033,0.006740630436471884,-0.0010231272138602199,0.002889415929812067
2018-07-27,0.0013075608810602102,-0.005108467231409786,-0.005638695316210751,-0.002426259111737772,-0.00235330442681414,0.009357207134070844,0.003967646490477428,0.0014460575634875905,-0.009458001249455616,-0.008830705363970681
2018-07-30,0.004900790988689785,0.00951337628920923,-0.003103398124700618,0.012293374818631353,0.011960614647043899,0.0017435365437217243,0.004345663335449723,-0.00519939126775959,-0.008446189149278083,0.002114694914466808
2018-07-31,0.022860742102699172,0.036584553603628445,0.031049779625732077,0.020191902705053666,0.028783253629621086,-0.005908044616181218,-0.002014099317433793,0.000535226945711953,0.02890884606192068,0.002734567914546737
2018-08-01,-0.006236622996687924,-0.007871874777168553,-0.007068640235274648,0.001489748470234309,-0.015375990852343202,0.014658372849430057,0.003437799459204305,0.0031574930011275537,-0.006509145836962937,0.012496747038999168
2018-08-02,-0.022029841707200015,-0.017829739610770612,-0.020157467994011857,-0.009907915413209456,-0.01416757176368677,-0.00020776781811415734,0.004039896933542897,-0.010471369146875631,-0.011256336363893449,-0.01617026519234921
2018-08-03,0.029550175422768055,0.039209757729372186,0.03227266797036776,0.022692109746858424,0.039392554264697344,-0.004293860939359684,-0.005032337035389078,-0.0002786040821070035,0.017105013902432464,-0.013891557758782591
2018-08-06,-0.019003565097890918,-0.005943537553933731,-0.01603242121053261,-0.007001580825670817,0.0009336125342447321,0.009574101881617114,0.0035768996098435313,0.003997888388765691,-0.007648683074022999,0.006492966226941954
2018-08-07,-0.009383847478979135,-0.0005129813871047606,0.003135337506764424,-0.001968914445080183,-0.009722123453768328,0.005364186804180937,-0.0015648550293511088,-0.00902505602989534,-0.0022893657543634482,-0.0024396849619472416
2018-08-08,0.004633894654215265,0.0016978351822602988,0.007529418679339539,8.515677914977537e-05,-0.00306673844100136,-0.008594186556537098,-0.0036845695614579066,-0.0008635080996899358,0.009068005941390345,0.0032732260575834005
2018-08-09,-0.0028438097666707574,-0.008059600301049352,-0.018276960043890234,-0.006811962247222247,-0.004128179614062866,0.0032222222222222374,0.0022297578915297933,-0.002543903562346017,0.000981541514389006,0.0024007216293173705
2018-08-10,-0.0023312503132714157,-0.008086678026841154,-0.011096908187887,-0.0020401407617742784,0.0005023916872117784,0.0027292528787710157,0.0021669859748889575,-0.002102306353735095,-0.0055841132446915465,-0.0036309466373356525
2018-08-13,0.005172724923818928,0.0025887308028147427,0.018128688436639395,0.005992139344086267,0.011564898437259163,-0.002654213840603936,-0.00018670464441761236,0.0017631234403681084,0.009430345538418816,-0.013186071817192668
2018-08-14,-0.000422296866536942,-0.005206654365952246,0.016759725509786216,0.003161273998165459,0.003314125587742023,-0.003750622530851344,-0.0011260206306832332,0.00672518941706457,-0.0003673391879313037,0.018594480869617014
2018-08-15,-0.008467874020729793,-0.0004159552511380227,-0.02534780502602696,-0.009682519914430698,-0.01535961408803943,0.002187566108692529,0.0013726230640425108,-0.000681431548844369,-0.02422651357318817,-0.012319417155167156
2018-08-16,0.0030937352376030347,-0.00809349809373583,0.010369629873835828,-0.008979667206306274,0.009656414682416292,-0.009894154462554039,-0.0012739833253321287,-0.008426288935555193,0.01593008812389174,0.005733450976308729
2018-08-17,0.027711571471517482,0.03334614545567871,0.03428552983634048,0.017116532488643532,0.010158932584456881,-0.007799965644301743,-0.007139432571611648,0.00020211992395124945,0.01478749571975646,0.0061846389914514965
2018-08-20,0.01832565271909714,0.018751899433089303,0.015702692966048204,0.01299169946242329,0.011761853128319677,-0.004570465853576788,-0.0005510672314532616,-0.0060100411565041645,0.02204190196458411,0.0029872052734245536
2018-08-21,-0.004168578408881518,0.002355400569911126,0.005729091521184948,-0.014686520999285246,-0.013453857930173063,0.005680365171242707,0.0031861863083484376,-0.0057070052963535955,-0.010077831194510112,-0.012231798356207024
2018-08-22,-0.022825273686697622,-0.03435059875001978,-0.020196948474203835,-0.015317601713875195,-0.010785479733224745,-0.0017642760418696835,3.618382882297766e-05,-0.000770623757206268,-0.015892996580413987,0.014148870342472142
2018-08-23,-0.004532654963101068,-0.004935140506030278,-0.0014146630126289361,-0.004728949106352354,-0.002459721161064299,-0.001525670014284386,-0.0011422447136091307,0.0038911457479877676,-0.004982759639211576,-0.006204966560447667
2018-08-24,0.012440338597435874,0.024600267329104808,0.0072564310034917145,0.01575007184441568,0.015526024177768827,-0.013912492438862722,-0.00863815013306024,-0.005571688901449101,0.01317328820372321,-0.005577684057065491
2018-08-27,-0.0026450266302000536,0.003449835469385265,0.00602278103278886,-0.003404596204876542,-0.0060358622570058085,0.004830202221684399,0.0018546961486074487,0.0022645182733476155,0.0001819627426657977,0.004934845638813856
2018-08-28,-0.007083135382401129,-0.008376854187698957,0.0002846993206737647,0.00027591376498681264,-0.012356849304840711,-0.002850966899298424,0.0003905007086864032,0.005150262849991316,0.0007604042168205538,0.0008021535489053377
2018-08-29,0.001621149643417752,-0.012916476953415135,0.012263365005210192,0.008609961566088176,-0.0015740809181746807,0.001287609655059363,-0.0016242511253156122,0.006230357876749748,-0.0016804920569480908,0.0021843604563511754
2018-08-30,0.017219259851994684,0.003435637593879104,0.02170236976858053,0.005053902230625296,0.008296723542941642,-0.002675893183335387,-0.0008033731599071947,0.0012776690675995184,0.00650550736661204,0.0013365468175576822
2018-08-31,-0.002081543810007913,0.005403899330131745,-0.003330864107996767,-0.0020934996913227755,-0.0004811473668167032,0.0024849702741946977,-7.05722082863236e-05,0.005104154849630893,-0.006288058453860157,0.007832409987268418
2018-09-03,0.00849246360869138,0.0017015713918653308,0.02467710498960507,0.010986741986912962,-0.010491279249338126,-0.0048342005125415755,0.00013359253646250124,-0.006760840278150271,0.011926818400072037,0.006530796081522183
2018-09-04,0.002223862965150536,-0.00168705677949621,0.008385837280772135,0.0014226314550440655,0.003741699562840317,-0.0071088561451231325,0.00012223344445638773,0.007909368660879545,-0.006386224150307762,0.020009695342506628
2018-09-05,0.011601488715290653,0.009827391875401714,0.010857584432683698,0.007124847916840205,-0.0007866771407535333,-0.006620123237867537,0.0014376424176332225,0.002968925038041137,-0.0002645548113374696,-0.011015525770439183
2018-09-06,-0.01689630730092151,-0.02587293680663172,-0.022981606379888442,-0.013921651677368918,-0.017644637692211806,1.4834541877561946e-05,0.003398961879161,0.003996543185467383,-0.013439379734159429,0.00403662748328637
2018-09-07,0.001205962849232911,0.005669021920112982,-0.008873581073768233,0.00512070857501179,0.009493381861024774,-0.00923048015167749,-0.004605625307992578,-0.0007035392151646391,0.019565206567954796,-0.005811800743069084
2018-09-10,0.008996833351419209,0.009656142156993397,0.001114471297385844,0.008519627896965698,-0.005785749707517662,-0.0005981880392337269,-0.003616643361928795,0.0029782408831102725,0.014409712684722242,-4.12642956978404e-05
2018-09-11,-0.011053861420987299,-0.015173369974073703,-0.0222562714665836,-0.02134531547456109,-0.010823824357273248,-0.0023991781584185023,-0.0026550048738303023,-0.0035089276023225757,-0.01570152303690342,-0.006362370488250724
2018-09-12,-0.008072138123032646,-0.01845401371839106,-0.004317382402351799,-0.012287728152977184,-0.009504835500971698,-0.0052368226652946825,0.0006059384503440679,-0.00239628551893023,-0.0048588351877969504,-0.00902590314937568
2018-09-13,-0.012499264954317524,-0.026248996035596828,-0.011791642967162508,-0.01815533304908956,-0.01915087401150184,0.010317430649210202,0.004690645440413865,-0.009349950508700466,-0.009403901501073508,-0.016322820033118468
2018-09-14,-0.012800792896231261,-0.023885994534210697,-0.024023423171065206,-0.013754221304296377,-0.019267940188128274,-0.0032396562961612974,-9.142041474607954e-05,0.00835616724884436,-0.01018773639139059,-0.01586831678517464
2018-09-17,0.0006256932978228047,0.008282582216808665,0.0029452967506062855,-0.002028049033351742,0.012024927269314922,0.004007586860197643,0.0006746812919073975,0.00892836485107562,0.006343591468950249,0.009253143859968338
2018-09-18,-0.00046897653789046423,-0.002978946873909316,-0.007871032800512268,-0.002563597413390628,0.00768364789024667,-0.004273859776729783,-0.004326391111805661,-0.008971921822661821,-0.0033015320403630977,-0.002922288249585625
2018-09-19,-0.007159592258972003,-0.014590893754296452,-0.008519972419628208,-0.010859182503147435,-0.005180022651504079,0.004450010925090897,0.0006391846788065259,-0.0018655257543092052,-0.01031031512485625,-0.010450471120563187
2018-09-20,-0.0021116812730627155,-0.0011322301347406194,-0.011882646141655462,-0.010818987721980089,0.009010230787532825,0.013441597863903532,0.006410532094402344,0.009763151836076789,-0.015264940056740173,-0.005748599914389585
2018-09-21,-0.007325531126800899,-0.011100055222454053,-0.006995913909601192,-0.010108643747068435,-0.013440638359581869,0.005108776320755126,-0.00037454030832950735,-0.00912012198163148,0.0014914477297882645,-0.00025674631782057755
2018-09-24,0.0008980234130504527,-0.0025059883526433735,-0.0013497420171443286,0.0001876489302725659,-0.015027952589349192,-0.008020272613895707,-0.003138893359351469,-0.016524171454457837,-0.00521453311113329,-0.007781747713922371
2018-09-25,-0.027530252539780253,-0.03216139627187098,-0.032834860796448484,-0.01355102236629735,-0.022361711188681466,-0.004778464826713846,-0.0005234297894614048,0.0069516036131767045,-0.024386132855723774,-0.006036644841612926
2018-09-26,-0.0140432220710629,-0.012660075321135555,-0.006008602512050487,-0.01772944938400689,-0.00870783605961245,0.004771717500185568,0.004837005044593612,-0.002226711502094525,-0.017921506203091186,-0.017339798185626476
2018-09-27,0.007709178341086087,0.009947591275430101,0.004973587924563816,-0.0016038066979707777,-0.008553343215416231,0.012795013139055955,0.0035051123023663866,-0.008212747102049223,-0.0003189366450819797,-0.0038545522713623326
2018-09-28,-0.024433785130149044,-0.0261716449003635,-0.02723837898427517,-0.0058171610235157045,-0.024510682897262215,0.01132182163372386,0.005622255747872673,-0.006915983397726477,-0.024021912228842424,-0.015669542145945514
2018-10-01,-0.007220455239016488,-0.02154537289926617,-0.005389163006197739,-0.007450056828506191,-0.013981057838123645,0.0027977379056052243,-0.00125816845021276,0.004883030565735247,0.00042599051396874366,0.006461297711815472
2018-10-02,-0.010807361745335142,0.0017283364243603216,-0.00601578244873735,-0.005416795296110943,-0.00481089234865284,-0.005251073367071091,-0.003450303910842778,0.003522749182218954,0.0014535293660398185,-0.012422200021575236
2018-10-03,-0.00472736328900647,-0.00817520720246101,-0.0005234327449787912,-0.0062177652498115465,-0.001009835174584084,-0.006014215418261415,-0.0006208042572293238,-0.001524802256023472,-0.013271594761975591,0.004140179570048419
2018-10-04,0.003654225917276044,0.005032818606062861,-0.00461897280378043,0.003251360786646007,-0.0034828643076065813,-0.0006193314545559492,-0.0013011832635302367,-0.0023962827042853796,-0.0012286850981032549,-0.004055711044186006
2018-10-05,-0.003247854417059659,0.015488124607157872,0.006221876902276158,0.010177688725264034,0.0025349785295400995,0.0005961466742638866,0.0011444034162977346,0.008854605964313533,-0.0028242247670293708,0.002194016082327721
2018-10-08,-0.01428214101417169,-0.012898734847773707,-0.0024084573408929,-0.012012055057641358,-0.023264021296549142,0.005396069715918328,0.003279751134335873,0.001235440035386226,-0.013017604240786573,-0.006298725683803297
2018-10-09,0.003932030733849512,0.014872170512127747,-0.004361535900582858,0.009259124921563666,0.0010846412631910773,0.0072103508224306,0.0010277300013594726,0.007842039383349597,0.012657447944625533,0.008371263510017712
2018-10-10,0.00877370756888829,0.012321020044270714,0.017221088909055604,0.011092393184278793,0.003240935687534696,-0.0020195510603668865,-0.0007463328145966841,0.0004865144770169749,0.004564568680778702,0.012514127900653094
2018-10-11,0.004099267278546925,0.008887504066642515,-0.004222983138156278,-0.005026831390105069,-0.0007916157450014172,-0.0061470057768281405,-0.0007132240720606475,-0.0035949256981818722,0.010356753505507355,-0.011055207145017176
2018-10-12,0.01008493284954426,0.01715607238850647,0.03510936123730701,0.008892528739738337,0.008593981246430848,-0.01103399660089166,-0.00024893314366991603,-0.005415065058898105,0.011526660699730185,0.01705981739418938
2018-10-15,0.010560684430279466,0.0018575077247318106,0.007799278236532592,-0.006984396203816856,0.0035898673487191335,-0.006421420077486695,0.0015775931843982072,-0.0013943353708552042,0.00869378635750584,-0.013698471111317612
2018-10-16,-0.0007499124551537673,0.012982012015759326,0.0014642179034312086,0.0009057107020951083,-0.000590176033657297,-0.00459711860551959,0.0004305379107010232,-0.0013922280107843132,-0.0016166685687621918,0.005929779545909231
2018-10-17,-0.013893159214260153,-0.012189112514343181,-0.017890559696420172,-0.0008176083264235245,-0.009858294103885723,0.005855269142809094,0.0028686023192954213,0.00035645905430370384,-0.011154407820733847,-0.009350048206981043
2018-10-18,0.008890075970755973,0.016962831782727505,0.00917154927544983,0.013047869225373043,0.02667999488411854,-0.003082710878597017,0.003710567074011406,0.011741911709200581,0.009667988656153703,0.010874533606879622
2018-10-19,0.0033408176806350998,-0.008336442965836133,0.0021558658154097188,-0.00436864885126087,-0.0007074458843236986,-0.008257000094940459,-0.0010654351671564033,-0.0020329524422305623,0.006241565452091757,0.002758615854855595
2018-10-22,-0.017421275815890924,-0.013255047933171782,-0.02750223130761187,-0.018628561732573767,-0.019152615991066213,0.004688683339431732,0.0034610927465086316,-0.002047544514196531,-0.012773306133166296,-0.012028314253255346
2018-10-23,-0.01406165555629224,-0.013185138900949078,-0.017371632870608944,-0.004759276085740893,-0.0113777522099624,0.011158823728698586,0.004969424858975335,-0.0016143298356187108,-0.008484545932553322,-0.00685692450306763
2018-10-24,-0.0013151087072958978,-0.0003302000613228939,-0.0060815906753513005,-0.010780163919296148,-0.012803076744031805,0.0038265395155470117,-0.000445288479373529,0.010036486043806025,-0.000283381205498201,0.0012670884753138711
2018-10-25,-0.007606636693520796,-0.017617999306713705,-0.005613692995990682,-0.011158329552605872,-0.006247412618471171,0.001713362278771724,0.0038785006817485534,-0.002328615125054334,-0.01098551043716367,-0.006974992735617969
2018-10-26,-0.014365152919369684,-0.018053119252750216,-0.01775860354586245,-0.01098268836748939,-0.015763275671448085,0.007989881796953036,0.005718150629381968,0.00039875026223046284,-0.013310673512844873,-0.00461975410677995
2018-10-29,0.008540786601662687,0.0007591443023258204,0.0013678054844055154,0.0019220121362673037,-0.00975660005297685,-0.0042470053344095815,0.0038415494736432354,0.004527773331199025,-0.00031585797389810377,0.0011315013330837065
2018-10-30,-0.010388639933742172,-0.010024007234129773,-0.007179202646924399,-0.011260708314702383,-0.020279369419670568,0.001080284802357001,-0.001377471430502708,0.003536094376590082,0.00023555780299333584,-0.013318167817064519
2018-10-31,0.013082086821948335,0.0018126021903146494,-0.004424233908970399,-0.00020393057296941297,-0.0030091285084229424,-0.005945517614442286,0.002039308444339527,-0.010315245395972172,0.0024057902548570986,0.0012462996682607308
2018-11-01,-0.014924202129193986,-0.012063414435342534,-0.0030262883528731077,-0.0015080720097302436,-0.013514570872165788,0.011390180217684565,0.004627727832892781,0.00879821388315949,-0.002851602039029011,0.00379247885686973
2018-11-02,0.0020380005106714894,0.004985787101038808,0.008307991322216823,0.005683908486236122,0.005574185133450094,0.002284815084589553,-0.0001501697098649224,0.0015785664866756477,-0.008845918074383285,-0.000817028024302946
2018-11-05,-0.019320458482463332,-0.028271411661384582,-0.016269280730272007,-0.018953695806112836,-0.01521080553656684,0.012867950787921245,0.006500490085199484,0.005282443596634989,-0.012172407927616202,-0.008261633722948636
2018-11-06,0.008354102377981176,0.0019323263362229781,0.005839893592713086,-0.005625818374925484,-0.0025682347261228866,0.01969670099380383,0.007559994534510617,0.0034041329807568133,-0.0060585319461656795,-0.007655970425048286
2018-11-07,0.015008309712316148,0.0008314450966799836,0.004298694290540084,0.00414804160959048,0.00986814222854071,0.007394854004738383,0.002784209765611223,0.0023149860911919617,-0.006457898258201311,-0.00582837393037916
2018-11-08,-0.001411444109957527,-0.011042763277130052,-0.013310740023492751,-0.0057600368642358735,-0.012537862445019421,0.006057618874098614,0.0037361769164887537,-0.00045234690295503643,-0.00831362237549993,-0.008978023499624066
2018-11-09,-0.021749702326460008,-0.02008346813777695,-0.032404565999216484,-0.01613367321321668,-0.018380869937375977,0.007648092136029794,0.004478660621055841,-0.005150917320548842,-0.024191335349645682,-0.019588274480353052
2018-11-12,-0.014487985093576405,-0.0034815555396058295,-0.026759408897135684,-0.011097687720017846,-0.018848863485311784,0.01674983408765751,0.006576555482737723,-0.003185842664861771,-0.007727133933721153,-0.00783433006743861
2018-11-13,-0.007372864953791192,-0.004304253836344918,-0.005010613172292233,-0.003089387808976052,-0.0017434253818581213,0.009022958231259759,0.005954395223859654,-0.005811314117571631,0.0037549881621374848,-0.00528892211921117
2018-11-14,0.010075738649865773,0.015861016417292984,0.015179649894535796,0.011074831015499775,0.013031056459380741,-0.00836571955705534,0.0017023076435935813,0.000941142344392798,-0.001816725685019005,0.006491589298353917
2018-11-15,-0.0008505730207889473,-0.008294102662336766,-0.016653263212550118,-0.011058873337895236,-0.016094792694568816,0.005790528910476045,0.0018716762087160888,3.264229852750766e-05,-0.007435589819346666,0.0011387887591687296
2018-11-16,-0.020134082313789325,-0.03680837034699813,-0.02771667248576326,-0.010445798234409165,-0.01933728954270686,0.004133515012339606,0.002929921556140691,-0.004500509521686569,-0.017192916240402978,-0.010791472766053856
2018-11-19,-0.011141453700303394,-0.021196375155261182,-0.0014885795961111503,-0.011006800270843886,-0.00946298905730314,-0.0015436081968125404,0.004602833854091326,0.004224157027959308,-0.020862129280522335,-0.008730981013026606
2018-11-20,-0.0007178169392336731,-0.008117017202670107,0.0009407179396327958,-0.0028026706246546684,-0.001857492889222434,0.009976734048376956,-0.00039186731671436714,0.00018714527012231308,0.002419187083271712,-0.003690176536062184
2018-11-21,-0.008092465364772039,-0.005056928294573715,-0.008507177516201447,-0.010642335111136436,0.0029723834759873835,0.01277526351647218,0.00416680318422169,0.0015820769078875863,0.0025717569289720466,0.010502520526344039
2018-11-22,-0.006911266231480306,-0.0192968230296654,-0.011013286634641739,-0.00756338394149747,-0.012161537218304375,0.006307676869538925,0.0035278588077978235,-0.0008267544086281164,0.003929505896628882,-0.004575205754649647
2018-11-23,-0.012822346940196572,-0.0038781126592282167,-0.005876168171582985,-0.012860673954174007,-0.0025084194446649555,0.004384558327921617,0.004446941586832676,-0.0018378682001859437,-0.005341592814503193,-0.003745996198015744
2018-11-26,-0.010494483438774016,-0.009460981102516253,-0.01536326035565272,-0.013479761412327984,-0.005923453872980655,-0.0022682032349322645,-0.003972943550241914,-0.010859402461857792,-0.011252426831140028,-0.007815532521371793
2018-11-27,-0.01450567681061754,-0.013705277559672102,-0.01870734030302379,0.0023706795378988232,-0.01692138043700231,0.009151792981147988,0.006329269092287815,-0.003340164083042274,-0.01014585872131768,-0.007680827437585913
2018-11-28,-0.03871546409107163,-0.048752904195708546,-0.043400848060388464,-0.029546378628768633,-0.042328675384326386,0.010355557232820889,0.004087781640506272,-0.004910204622853076,-0.021696059546145063,-0.02090180690585297
2018-11-29,0.0032916968793181844,0.0030769857033905446,0.010469306633114517,0.008665781187105592,-0.0021429996789839034,0.003734564572904775,0.0024060068918780875,-0.0007718939596453867,-0.003092746876474317,0.005588500866339663
2018-11-30,0.0025172635735868365,0.0052721224440590575,0.009841773443833413,0.005241135738891289,-0.009830278579626484,0.0007010391945729832,0.001219254768518807,-0.009364208006414132,0.004665530605681756,-0.011770130563510284
2018-12-03,-0.014260414427991752,-0.01882287288356954,-0.019609145415885765,-0.004326812826403903,-0.008623884146138017,0.003509338042040122,0.00040873443562317036,0.009775313086639814,-0.02456405505318293,-0.0036372169423911638
2018-12-04,-0.014501212919036832,-0.01750311907421287,-0.015746207037390048,-0.014732722919210683,-0.007022187028617566,0.004538236118573957,-0.0032809033218162975,-0.0022939695102024427,-0.002889977857881143,0.011704586532879091
2018-12-05,-0.007674439119056631,-0.009804126847665184,-0.0037306993664794064,0.006080005998409854,0.00746076275684282,0.012887410677630218,0.0061678554311974665,0.008480804327988478,0.0006454923681766811,0.0013358417020816749
2018-12-06,-0.0001834323868222798,-0.003628366687688178,-0.010944647976026012,0.0010620097520772642,-0.011667842777190907,0.007528915570645722,0.0048764660359350565,-0.009408055945818727,-0.020439838400415078,-0.00534164496172862
2018-12-07,-0.014780306472964022,-0.009534022615995008,-0.017960725717791393,-0.013106121153067085,-0.009722723652655252,0.013336738209886123,0.005994341930112279,-0.013288215547530235,-0.013095441041958478,-0.028321975281799694
2018-12-10,0.004197076371032837,0.01610937383805444,-0.0011421738413326388,0.007347304638575247,0.007376528634934987,0.005376678162229087,0.0038138740756343825,-0.0010679177504957504,-0.00759079669606999,0.007530910296159821
2018-12-11,-0.019956207607323417,-0.011657590830718156,-0.010553452524943885,-0.015014723988537981,-0.03257414112677259,0.010312995198027641,0.004299709523862161,-0.0026172097052722387,-0.0191853175861878,-0.004134984551064758
2018-12-12,0.0009315255914825737,0.004447947468033453,0.013512442294413729,0.001689385604779936,-0.0007444682389613488,0.01445541817621554,0.0031337189033797674,0.0031152105235212613,0.0030024619647615047,-0.005473483502193233
2018-12-13,-0.007459810814544499,-0.02016828352800637,-0.021479858516148642,-0.014770308476547478,-0.019384529348978163,0.006754523302742399,0.0051219505510318175,-0.0014307796260289996,-0.01683009676474878,-0.0052120998077170855
2018-12-14,-0.0011647413028985643,-0.004277106513214668,-0.005312206506111972,0.0019825849735919387,0.008765547882267022,0.006571106101067814,0.005625940406260854,-0.0005789294526010735,0.007340937970170325,0.011453720909591736
2018-12-17,-0.015932292888993227,-0.024837959020057032,-0.004878523289820635,0.0009316671867720672,-0.01540010311185569,0.0007956391919523575,0.001024422914751577,0.0012894650046160194,-0.006763282395605752,0.0052831492193667895
2018-12-18,-0.0012788829300428572,-0.01562986340121908,0.0017584607996055102,-0.012050696970381636,-0.0025046162767630165,0.0005527608588054012,0.003250527939912873,-0.008369073492581869,-0.00677738000348771,-0.02069870423534359
2018-12-19,0.0027610291922868235,0.005318027660147884,-0.00199189876317718,0.009769126632761305,0.003085563920989687,0.013833947509025446,0.0036973757110443373,-0.000662690523525411,0.008626284428379982,-0.011914312030186891
2018-12-20,-0.010641622884698276,-0.01618554183609555,-0.013707554458781135,-0.011463693021233401,-0.020064533656160455,0.031172624752914935,0.008266525923211976,0.0004393027280198414,-0.01651261093926304,0.007344181357893165
2018-12-21,0.0037879471673136766,0.017845291346739955,0.00684235536499922,0.012349200240088454,0.0019172853340805318,-0.0042012361592638214,-0.0028568897786951375,-0.0045229981684279386,0.006566558922958432,0.0020156217795184173
2018-12-24,-0.0034604305980595607,-0.003273495947889171,-0.016810913609155986,-0.010517168613012329,0.0007126303535871514,0.0027474516830652274,0.0012586209110876379,0.0015505761199536838,-0.006323939642235654,-0.004712571443973301
2018-12-25,-0.007782551744569877,-0.010469700495296275,-0.003322139797645507,-0.0026403719619711996,-0.006893232989334752,-0.0003152124811491852,0.000826267834772132,0.002552940654386715,-0.0050670745774427095,-0.010642801250283385
2018-12-26,0.0011988953793267143,-0.0020384277903416903,-0.010578474126642368,-0.004638902806616496,0.0026494310366387275,0.009624393960564914,0.010719263487859232,0.004944218855179372,0.001282299609257187,-0.00047253124036561456
2018-12-27,-0.026967823000007662,-0.030529808101426692,-0.02920259132156744,-0.027739669616641538,-0.014950386231302293,-0.0022169556107516364,-0.00015427834455106204,0.0006075071596089998,-0.02059282255221917,0.0037171774242366062
2018-12-28,-0.013267968466793456,-0.010302634685629308,-0.014365127101926056,-0.001567422259765583,-0.01543743521163532,0.002657883125373184,0.006180012481564301,-0.012411036794575447,-0.01713058845090676,-0.0011631496944934927
2018-12-31,-0.0031881530628816712,-0.007503592518580016,-0.02119380705237417,-0.012658738540329284,-0.01717439723843328,0.016338304915220814,0.0065018071662730215,-0.00431094657487463,-0.014960673283435533,0.007136541710095923
2019-01-01,-0.007470725291481739,-0.002055864657933393,-0.023873138594082355,-0.007482543536000419,-0.01722816120505133,0.002955952456162869,0.0018847190610216114,-0.013620622666689175,-0.0209805779344463,-0.005397272671471609
2019-01-02,0.005361144135730633,-0.009837189762975096,-0.00022216077920478305,-0.011806103816217162,0.0029965842475982996,0.007487168877139627,0.004679497395418286,-0.009136728965400409,0.0011891750010770696,-0.009960416672646577
2019-01-03,0.0017865012158353455,0.010730516507166055,-0.0017317899389526215,-0.0055790141821897565,0.002620529311662567,0.0034372086734366647,0.0034799278198793804,-0.004699501531356565,-0.005699659181194305,-0.008209411757884144
2019-01-04,-0.008145969185197388,-0.023899018471091327,0.004225687778169007,-0.008764806707239559,-0.020502960171114748,0.008215065833998558,0.00021903360719432996,0.004279738058150295,-0.010014471721772722,-0.00822474439271792
2019-01-07,-0.008123531279264684,-0.013659846896003636,-0.005413779478234071,-0.016790812850870473,-0.008819308710651286,0.011341660164208678,0.010580518541472905,0.004719725756180626,-0.006659476207951376,-0.008400537634408733
2019-01-08,-0.009402810549290819,-0.0030865468319883904,-0.00603190368333717,-0.007396440352450018,-0.013693974715046298,-0.0043371425335073654,0.00021720398674074382,0.009401993298304712,-0.001049981579270498,0.013575534906395292
2019-01-09,-0.013817559503996657,-0.00699020132782846,0.008628736458574426,-0.007001914476524873,-0.014059085748973521,-0.004718289759674477,0.0010995799420676633,-0.004701539615692862,-0.0027281090506017236,-0.013406905370094147
2019-01-10,-0.020122725244619,-0.033306100622391144,-0.01282814895537221,-0.021732382044552634,-0.015121752953304868,0.007036788224559443,0.0008156128095104798,0.0013173391120380185,-0.019869107554308263,0.0010121592880105723
2019-01-11,0.009604285299025017,0.004469965641652696,0.00198019074940059,0.005414144698884904,0.023402982019782304,-0.004337142106122571,0.003571390322924417,-0.003163271154269065,0.012640848354886991,0.0018708240534521803
2019-01-14,-0.004867965789434381,0.012462960668321976,-0.014560693578075767,0.0016980519353486656,0.00846279511362158,-0.0026700213601708045,-0.0003160787534097764,-0.00794700281890759,0.0010049783168941673,0.0016302092595885664
2019-01-15,-0.00035622184091432807,-0.006839980418346214,0.0010535579270936068,-0.016115865495408443,-0.006640346707795675,-0.0026686466356904415,0.006270199599235804,0.007726947176848631,-0.009844276185660972,-0.0002648477495338364
2019-01-16,0.006533060969101445,0.009163006585863442,0.005239958397305733,0.0018036615785679277,0.005850364345761916,1.2567102041227685e-05,0.0004041267402077331,0.0035656132056443024,-0.0029562257215653975,0.013670652275260098
2019-01-17,0.01866915766063748,0.010433563481774044,0.01388642544637575,0.012407403493569502,0.01845327729859636,-0.0008389691888690542,0.0008028774319233101,0.007152931436034571,0.019509661094522457,0.014607588061636534
2019-01-18,-0.011265105259550934,-0.013648414572830614,-0.019979444715761185,-0.019145635476181422,-0.004932473725071551,0.01574249739771605,0.007824550055576251,0.003843625746687618,-0.017679623848281922,0.0042004653753004995
2019-01-21,-0.014259970097134866,-0.01914044951468208,-0.025661336308416938,-0.00997250477874112,-0.015495575277755913,0.011029397196983703,0.0056180928422131515,-0.0012605113107625465,-0.01979341725343453,-0.003062297769409139
2019-01-22,-0.012763656392459022,-0.03034733113427368,-0.024328275226813245,-0.01302349953645865,-0.018122334950742447,0.013046997015533579,0.009685383111539547,0.006590884064477276,-0.019448415662007945,0.002242329723086689
2019-01-23,-0.004444655475608683,-0.008500588441108237,-0.003093064467965534,-0.011462379029019365,-0.012511919522030013,0.008701715970264923,0.0035357310497436956,-0.0010190591836923835,-0.0066850112776923876,-0.010079381583759317
2019-01-24,-0.010858900721542053,-0.00020050205715105296,-0.01273896181189138,-0.008328777385606667,-0.004875051711007106,0.0007090593720966432,0.0014828113277352006,-0.0009131189244739879,-0.007042184095771065,-0.009605396407321165
2019-01-25,-0.012097447739886635,-0.005185220837143678,-0.01003489823335979,-0.0011012221760873242,0.0011451763089691536,0.016004093245904683,0.003026480848886459,0.0055081716209015585,-0.003282963668976735,-0.005274960613334767
2019-01-28,-0.018965409046221238,-0.021224749144462596,-0.028561601301941186,-0.018481446262838652,-0.028681721977792063,0.011599214804971947,0.006619189928149138,0.004185851118868378,-0.01460285416403806,-0.00642940230970257
2019-01-29,-0.003622982395041996,0.010764239591245506,-0.003914026432422002,-0.004892198826665473,-0.0074587911296502,0.00038735010576385065,0.0036631887671929597,-0.0019973596775499924,0.001704989621802433,-0.0014490200983082735
2019-01-30,-0.02613253156001616,-0.026760127149726864,-0.03781552122377285,-0.01570808804272328,-0.03216301624636342,0.01785034505541705,0.00609174557098191,0.0018306728057235766,-0.02404563119641745,0.000850811531905471
2019-01-31,-0.01680818453661681,-0.003103675837557107,-0.0009717264963653438,-0.01041166569298313,-0.00533672081357095,0.008991126978553865,0.002037374318208718,-0.0052924016412542185,0.004767917316271575,0.006489698233475005
2019-02-01,-0.017073179816882833,-0.017831550402314544,-0.023610309744126923,-0.011861201872775284,-0.024776624469826092,0.007599830862817347,0.0020337120791933394,-0.00597041241268137,-0.017071617321345434,-0.004461408521996613
2019-02-04,0.002900956311332692,0.008454106280193274,0.000928403852728632,-0.004409840065659476,-0.00803300258203643,0.00016750124612818773,0.0016078526468945586,0.0037873892775666107,0.008586342120538992,-0.008405584607153016
2019-02-05,-0.0029851423043787406,-0.002432528710284765,0.009244509094335385,-0.005108186913000523,0.003626422395308637,0.013733702314596696,0.006477546054070249,0.0013900891356792844,-0.011001128025079576,-0.000855583727214837
2019-02-06,0.006821954565782606,-0.015385766465558892,-0.0033960959484633513,0.0011869321015116618,-0.0026221094379792476,0.00298078345043451,0.003514097988758902,-0.0011520379138955095,-0.010772463916852493,-0.0009144981523557805
2019-02-07,0.008048062517409749,0.011578023860676856,0.004562587369083548,-0.006752273001793929,0.00628544670633624,-0.009754395566199947,-0.0031455494028904685,0.009912559498071127,-0.0017754681235093717,0.009777512318948745
2019-02-08,-0.01858158570831092,-0.0189506463706951,-0.011949898146826121,-0.0152433485821869,-0.010681758833088084,0.009702030773028003,0.007422494830771065,-0.0016585074099711994,-0.013304264332643312,-0.015763447729235214
2019-02-11,-0.019340527212955094,-0.016614111292096556,-0.02437614385302056,-0.007093982692694678,-0.003650319872101182,0.014904321571277634,0.0005471961386820379,-0.006325480648084358,-0.003317948521525893,-0.0022220953502768426
2019-02-12,-0.01528325825563659,-0.024598069317005367,-0.012321026918518663,-0.0143645730167139,-0.02004108158058615,0.017015062006036308,0.005474626342136801,0.004387419651441515,-0.02431894932531431,-0.0124015786565157
2019-02-13,-0.015047637059977803,-0.02393025935030879,-0.005598399757576256,-0.01104533416419995,-0.011730911644044495,-0.0036258123861973024,0.0014732705950757374,0.004674241094195564,-0.012617640325244817,0.00884470011724825
2019-02-14,-0.010223022302230156,-0.029442652812758596,-0.012634226147876793,-0.018429136276996272,-0.016721419440821617,0.010358961683855528,0.0035485332978746342,-0.0017491580824501307,-0.012155580459820237,-0.001990406151669788
2019-02-15,-0.002142110868383451,-0.003100611887274729,-0.033019294378785924,-0.0040073116988788016,-0.0005208003712845466,0.0017571643977951634,0.00393348670401239,0.005350031968483382,-0.007810133866375857,0.00010600326792920001
2019-02-18,-0.01173399435779976,-0.002320684832557207,-0.007390977043641445,-0.0056089614478564975,-0.005101226431397321,-0.001780033924451585,-7.482031506322873e-05,-0.0016309615708307579,-0.004894161219877291,-0.013668429667472615
2019-02-19,-0.006047317028187282,-0.026397575328116263,-0.0185931019250819,-0.004493358805962355,-0.010261394404032953,0.007148175472108997,0.004720074398336882,0.001006585995830811,-0.016154244339496082,-0.01375345409886397
2019-02-20,0.0035378963124235163,-0.006924185997757348,0.004467853791966903,-0.0010254573865486893,-0.0009216997321979115,0.006057284801140872,0.0036025250981002177,0.006159554361552022,-0.0015485426550752024,-0.003289017979861364
2019-02-21,-0.012131484334874099,-0.01531512512994948,-0.012437872415434814,-0.017861274501816737,-0.004729409903199255,0.006262253309155863,0.0031429684205190878,-0.009279248226693015,-0.012216289079373888,-0.02752495596007043
2019-02-22,-0.028031902172217515,-0.024679023032676106,-0.018146119803091776,-0.00913618506622782,-0.01588047941883408,0.005377236282801512,0.00388986704796479,0.010482307672459834,-0.010905258998254674,0.003923218613046675
2019-02-25,-0.005804872412627393,0.005729678615421063,-0.010465706970398725,-0.003675110211448618,-0.002315027140989412,-0.001903398968306158,-0.003422140245046723,0.0037181427078192275,0.0018710979949285722,0.014871725964814564
2019-02-26,0.009936447198231724,0.026998550482588257,0.029531496542926305,0.020806095458318907,0.0303120120095397,0.00357953222391294,0.0004927866233921385,0.01167770837898141,0.00561477387375553,0.013936634181479057
2019-02-27,0.00462633451957295,-0.006201777615377435,0.000328536478389152,0.008848508594165416,0.011264656839503173,0.0009090207231818859,4.406730178674323e-05,-0.0040388030087825655,0.004224579491755032,-0.0006606713975920719
2019-02-28,-0.01947221391436038,-0.027759932443625512,-0.012100175717624784,-0.012582772811681076,-0.011888550273804088,0.003449897485916731,0.007004556174612597,-0.0029695099901287936,-0.01715103307661625,-0.0033257629966090274
2019-03-01,-0.018876781731532732,-0.010325130440745345,-0.005255093086363072,-0.006697944674613376,-0.010094965179434312,0.0006732253445165259,0.0009038937170497974,0.0015071485403124196,-0.014317836963349095,-0.005122346353020446
2019-03-04,0.0028112494074328254,-0.003785556516700206,0.008448496405147665,0.017397655467525475,-0.0003096804770694739,0.0012835952561491837,0.0012819782997277596,0.0061288193988471296,0.0006589673913044436,-0.008769452811244971
2019-03-05,0.005413249488797511,-0.007188907458886562,-0.0021263925011018037,0.0011463332870003118,-0.013044280517353624,-0.009443861490031402,-0.004741112687843496,-0.0015597576052370776,0.004214614011147644,-0.0005650075176071301
2019-03-06,0.009919697685403683,0.0063111639459103586,0.020210057824906924,0.008719144876971452,0.015004380542204876,-0.00819600455708347,0.0017237786397688026,-0.004931792033296523,0.006814595674083934,0.008243955198236508
2019-03-07,0.004423916432803265,0.00045776438002476105,0.008447380684052819,0.0027997551631111506,0.003743037265001359,-0.0049986292185119074,-0.0014844971779042204,-0.001151341422914287,-0.010027812507973799,0.0030265478664173173
2019-03-08,-0.024423791260555605,-0.026740606418420243,-0.016037163878283467,-0.02485939384740088,-0.033323287322604145,0.0158071045470638,0.004615453499603017,0.0012098526610222482,-0.022836228671581082,-0.00634330578460629
2019-03-11,-0.007075899072310321,0.004527945439340542,-0.0011990347770044485,0.004283906949632987,0.00525989798901727,-0.0008598455850252762,0.0047284108501044475,-0.010563831340971053,-0.008504459079752613,-0.004588898081393067
2019-03-12,-0.0121717261639811,-0.012202696757162346,-0.013697077012086445,-0.012483614328702819,-0.012481340017615916,0.008121516343434498,0.0033771901831991524,0.005577042015420863,-0.007478276454000343,0.009335674244019376
2019-03-13,-0.015338480706363122,-0.01455863409095881,-0.014063102233462077,-0.008744306266112778,-0.016889345475051165,0.0018586532743556372,-0.0016032885008034903,-0.007351077936679329,0.0032897845981088025,0.0004987765857331627
2019-03-14,0.02396102900629904,0.024269844153657294,0.034456448496216874,0.024496898092701835,0.009495575924853172,-0.005278299286937682,-0.0029397146136258545,-0.003253338224080471,0.01765202975844815,0.013979162159535319
2019-03-15,0.01136498217936821,0.01402131967397513,0.01604773546595939,0.009758142746748577,0.01060032404334077,-0.003925417887756022,0.001486880017257164,-0.007885547665955728,-0.0009713339053564196,-0.008910087431102665
2019-03-18,-0.01692660864646789,-0.022814637205670896,-0.018601745167673434,-0.01807553590764388,-0.012337294534988996,0.01574111617766305,0.0023285963487282846,0.009879724009333346,-0.01662139510181959,-0.0011450286413159372
2019-03-19,-0.005681664943587905,-0.016152094707727715,-0.025744509677462224,-0.012080378877826536,-0.012234953951595684,0.00013742544873918128,-8.171332527640018e-05,-0.007880392745670872,-0.008783082475183668,-0.005067952734507886
2019-03-20,-0.0009538620109762475,0.013754648489850974,0.006218905472636704,-0.014403475230756024,-0.0033908459996719875,-0.005214906322255963,-0.002799700209492162,-0.007568600605187825,0.004899394279925362,0.0009700919703696798
2019-03-21,-0.007174370460870105,-0.015220526918270139,-0.010573774800300528,-0.0014169468202146485,0.017620249975666802,0.00045014564986645134,-0.00015574920574701334,-0.006529045050494897,0.007409980317239828,-0.000630419134632132
2019-03-22,0.0009685086561883605,-0.013846629134819044,-0.0011156334347286467,0.002994818758889961,-0.009922102911927633,0.0010950670209779467,0.002997733586616258,0.005046306436894854,0.005506796247137347,0.005919007514879837
2019-03-25,0.001536731292857807,0.003509135697849164,-0.00015097602569336122,0.00020574662218453277,-0.0034650595836815956,-0.006091188873647124,-0.0026506181841166043,-0.0011578437180247425,0.007645547670721342,-0.0026378967959928
2019-03-26,0.010856544045608318,0.008896005893239023,-0.000550802524425742,0.003706077457019008,0.012582597352607916,-0.00858653394266129,-0.003039268764791214,-0.006781574336163887,0.007464420884885303,0.004662547900210923
2019-03-27,0.007168958499645939,0.007050044855826831,0.01799078056192238,0.009969461537288948,0.005790747475259428,-0.003241589653572241,0.002033264165421711,0.0020882280596103975,0.02001944275098455,0.008198265380310099
2019-03-28,0.02044953704427277,0.007849526066350698,0.028613157397663125,0.0156350360311861,0.0020927120428229085,0.002686289226592642,0.003152459979119726,-0.005533868494022598,0.0047060597249592995,0.0004925902992138909
2019-03-29,-0.007082500076579401,-0.019162819261517527,-0.014069288911478739,-0.009002463623574153,-0.0016511170183788337,0.0026824266875615788,0.0023547692773302487,0.002658066888300059,-0.008777171582918797,0.00746393050951033
2019-04-01,-0.002432762970879576,0.004660128175886236,0.0035521320275588852,0.008852639296187625,0.002661267642091625,-0.008807626376074684,-0.005019337382571876,-0.005302040598045732,-0.0006177203281351185,-0.005614689805622963
2019-04-02,0.0017782156434380525,0.015393449993545305,0.024138931006769226,0.003633522882110274,0.011402471954328863,0.004755160999879493,0.0010240592785839553,0.016712877979093488,-0.006739612637957193,0.021155869706217967
2019-04-03,0.00020727399416986536,0.004636144831849265,0.00017151215471056247,-0.003937973219149127,-0.004624915490431425,0.0006623799097293936,0.003689809835661917,-0.009448746196621616,0.0014760810864173912,-0.004044844821889382
2019-04-04,-0.0005731922398588551,-0.004217641655375304,0.00020869126311606756,0.0012952683055775793,-0.0012503153511558285,-0.008899296056338879,-0.008496611813752608,-0.00630275955455295,0.010619189868667389,0.00015148347769700088
2019-04-05,0.012948338995014685,-0.006442000087646171,0.003537306697591891,0.013023377069088404,5.4127875023013416e-05,-0.0011173504107683252,-0.0023328580625683326,-0.0036156496230856927,-0.011413064683002516,-0.0024445730176088087
2019-04-08,0.011844254262755705,0.009220624558927248,0.020248076408565296,0.013005796822904703,0.012673564127651638,0.0015121116392571299,-0.002029788767985652,-0.006143233713327145,0.017350582753120403,0.0007075357108154989
2019-04-09,-0.005518143803171838,-0.009046787625567765,-0.0058434449627734475,0.00015435522926576795,-0.006475379169424644,0.016541646912129115,0.003277373972709663,-0.0013554219461241468,-0.01277261192422574,0.001452002002761299
2019-04-10,-0.007178332990683489,-0.005047620517728446,0.0008834961021295662,-0.008075069368752352,-0.003716056841600035,-0.0014554637205906884,-0.0008183738120379758,0.0009666393029850173,0.0008170853495106378,-0.002607390079797378
2019-04-11,0.01235700833536768,0.006110480682281594,-0.013758307216998888,0.012994821843877347,-0.0011643877341926956,-0.005993630058498178,-0.0024575878194750267,-0.00024465695906905616,0.005391339196741951,0.003399531539085565
2019-04-12,0.006870684290872564,0.014490614584457662,0.006051113314702983,0.009556295427601391,0.015674489587996998,0.0028785461174025695,0.002517070827322554,8.616789815008019e-07,-0.0008430136255781484,0.006158373753338164
2019-04-15,0.026664357138580286,0.0329318367869853,0.02978877284720638,0.027208933037086824,0.01304154980995853,-0.006809856581427076,-0.0062121958185425985,-0.003082223060922318,0.022676791365432658,0.005914551210293828
2019-04-16,0.022539195204302365,0.015831639313590884,0.014256103321399927,0.008749180391098177,0.014874220487652412,-0.003078749429144212,0.002863794224834404,-0.006427249602186436,0.007346070563923668,0.008124888753939352
2019-04-17,0.006677286227027901,0.007563779944704585,-0.021638920336601974,0.005252001235764858,-0.0042955828240404115,-0.0008863781605826793,-0.0012381345439537172,0.008795898784963674,-0.003455236953896823,0.015390321886660896
2019-04-18,0.00803932043156963,0.002043628909852435,-0.002001146196413006,-0.003191942551119764,-0.003167594547897834,0.010565705018426241,-0.0025054226956976455,0.009807489324125784,0.008079232669822911,-0.0017665934117317983
2019-04-19,-0.0006082273284768736,-0.005958505679745207,0.001912588882822197,0.003922574185493577,0.016827154549831302,-0.00449715382644833,-0.002342891615457421,0.012232311440592891,0.006372255359049728,0.010176254722546352
2019-04-22,0.005911229125909356,0.010281111910707352,0.002706025134087575,-0.0023656332477893782,-0.003648550181375332,-0.0006337156793039256,-0.004674255223072188,7.424149238888234e-05,0.016051700866900553,0.01695524343185384
2019-04-23,-0.0008825719985063873,-0.011331699162980935,-0.015102225040332429,-0.00630909057659601,-0.012369179753091597,0.0027947988150320846,-0.001080150592766116,-0.006601097174055548,-0.006464949048406887,0.0018309746769791246
2019-04-24,-0.00707081002544141,-0.002983065683183961,-0.0046714967342336156,0.0025580624976995203,-0.0004638057736467971,0.0018003432282043264,-0.0053830055384046505,0.008852022445957175,-0.006101930440556846,-0.007357448545506573
2019-04-25,-0.013409040132520422,-0.020801066763846077,-0.016180038777288686,-0.011576751044783395,-0.019591848742529727,0.011377244512350781,0.0073056205522716855,-0.00618598527956038,-0.01165581739692334,-0.0060966523575632925
2019-04-26,-0.008576668767991347,-0.004004990378718931,-0.011426147027436717,-0.012250911544580578,-0.0048625129576080894,0.012529164021625405,0.0069848913812691205,-0.00354632455264392,-0.0123570373386368,-0.0015540553203328145
2019-04-29,-0.008677615374010017,-0.010691781170915626,-0.0016200499610958818,-0.018424103785409818,0.0007730316134293425,0.001866642720763867,-0.0006880971569347416,0.0037799454640654595,-0.01067367850795764,-0.0026855676726957878
2019-04-30,0.014518024020957254,0.01184170994463285,0.01630882415674839,0.014600602412523367,0.017859123834671697,-0.005418751776881003,-0.0037038787050829303,0.001962031265480668,0.015580904910535986,-0.0017923040952266822
2019-05-01,0.004965830502925872,0.01316654577537979,0.0038099789159642405,0.015822147545419663,0.004584236523461405,-0.006064829615517686,-0.004635779580376309,0.0005687791784563245,0.006107287846049969,0.005419924495245088
2019-05-02,-0.012179156987338291,-0.011414970714205053,-0.020301196874809024,-0.014511720111199722,-0.011441108161466818,-0.003336666033494695,0.0066303224030697105,-0.011174000704446074,-0.012323425881024419,-0.005983584091859839
2019-05-03,0.012424126879437614,0.018206342786599494,0.01147804446428946,0.021032036019895894,0.01421285958941243,-0.01384496960067172,-0.004802699180356473,-0.002194451088256444,0.0017482355525735294,0.007186372594263357
2019-05-06,-0.007925278850518969,-0.0029614163223118384,-0.00042034877587615593,-0.005533340105710827,-0.0012851444251182897,0.009590114939457939,0.0018179576536385689,0.008987159610687634,-0.0009432715935212554,0.0016829146698864594
2019-05-07,0.027747681195108065,0.021073072647139313,0.016611570784677898,0.006017616386241764,0.01852481032434783,-0.008750259956811002,-0.001184575262934251,-0.002300169097639748,0.015445118258298418,0.0022525827025814404
2019-05-08,-0.004939681576225707,-0.007725777786856791,-0.007321198415017993,-0.017357163406877985,-0.007816757962862408,0.0009238763432182218,0.0013479564223823903,0.0014737672825364534,-0.005522811385768489,-0.0059991273996510275
2019-05-09,0.01213360408372921,0.0024086563403245,0.012682951943791432,0.011997638987395032,0.010925374161635748,0.00514892975102943,-0.0037305780667816757,-0.013821816850948965,0.009323459894063468,-0.01371089305618911
2019-05-10,0.0016474529900973867,0.006422025885262084,0.019644882797978047,0.0033185224607499286,0.0016628630311503745,-0.002847337440994857,-0.0012184234507196523,-0.010389596970432846,0.008248733434096156,-0.002586767229011744
2019-05-13,-0.0015616155298606715,0.00106112703935346,0.005274302693555999,0.010618071692800823,-0.0013725256956418352,-0.004009629096835554,-0.0025250373290551797,0.011286118013935642,0.0024667274877341328,0.0072814002128207544
2019-05-14,0.0029853882491470696,0.000821501737792163,-0.012044775379121408,-0.010677400011900984,0.0008639161844226084,0.0022094987155436563,0.002360562449041703,0.0034105995307414094,-0.005980283931917962,0.004703578391516139
2019-05-15,-0.0007609252059933569,0.0038637956037868015,0.01001247244687442,0.004733152890554537,0.006853050457545695,-0.00019034853775257154,-0.0018602858614569229,0.004178446146234416,-0.0033819687732841164,0.00295135414219283
2019-05-16,0.008058103794073457,0.013376888194535974,0.013749889326749587,0.006488363311505818,-0.0076273310965716545,-0.001459755490955339,-0.0037066222633089785,0.004080792693340385,0.0038054787491805797,0.003839207344671136
2019-05-17,0.00624936230996842,-0.0052617036867964595,0.0018693335825779034,0.0008875996833923594,-0.004662358587993798,0.004598026282303325,0.000989843045828609,-0.011861805038800965,0.0023608560006918022,-0.0096052457202781
2019-05-20,0.0053018795445725075,0.006144959040315756,-0.0002844649993347659,0.003682862423680211,0.0030154031474338705,0.004960299744302121,0.004065744347186762,0.00041310684750417437,-0.00033481510479704824,-0.0041859626259570515
2019-05-21,-0.0011366369511750518,-0.001212283674379866,0.008158513507518173,0.001953848489448795,0.0031898909432270806,0.0032361336158286402,0.0013486789203340788,0.0011295527298098573,0.005469619522651348,0.004415343134820615
2019-05-22,-0.011917199060139438,0.006239021625270125,-0.009854235014552182,-0.006762254408041235,-0.00064170004770292,-0.01204476346689487,-0.005278219660766581,-0.001890489121094463,0.005041420360932358,-0.004618420459486239
2019-05-23,-0.0063537545717355925,-0.009140272934282323,-0.014594367613162573,-0.001350064986179178,0.01967007731500381,0.010369183803059734,0.002820619838421523,0.001518699634960985,-0.006587895761336671,0.009048874734296941
2019-05-24,-0.006265822784810138,-0.003296504620329377,-0.0014385938173125945,-0.0006797639615115925,-0.019377841619587,-0.00030206456176096186,0.003917902224119363,-0.003154001946214402,-0.010497869244361357,0.008004934131944585
2019-05-27,-0.010699955416852536,-0.020574049850955012,-0.02399760771511883,-0.007571148619522683,-0.013446316747667941,0.0031928625178581083,0.005131999709753643,0.009068527054237663,-0.014777207179167973,0.00993783645587376
2019-05-28,0.0031384793665101274,-0.006533580546186801,-0.006944799060409457,-0.003311559189884683,0.004092454743707785,-0.0028358335466106555,-0.0028228103677470084,-0.00020425063518525466,-0.005195300931257973,0.005188104336646626
2019-05-29,-0.005767965729138402,-0.007800719174109627,-0.006032421453180503,-0.011616604156138854,-0.003171367384823376,0.005039955699226661,0.004358945036621931,2.7352952238324235e-05,0.006536310927282907,0.014244582941305373
2019-05-30,0.008591196998426476,0.012736686081710191,0.018202247191011267,0.012323828048044438,0.011431788079470317,-0.003046827784638828,-0.000977458763314898,-0.0019924371155733978,0.006852736493681011,0.00933930193077348
2019-05-31,0.001856003712007448,-0.0009812187313830156,0.006619467171793403,-0.006958001779271306,-0.0012977472103673504,0.0025598924647489696,-0.0013676671715759925,-0.007391274185439611,-0.0069627681866906155,-0.0019307367204841608
2019-06-03,-0.01303982416599625,-0.028914543935126602,-0.0068220032871803005,-0.011752061976729289,-0.013492604636525685,0.009885218097116955,-0.001966413129914857,0.00016825386142627075,-0.011987935808403405,0.002381740359836515
2019-06-04,0.00030946914916207824,-0.008552511357310055,-0.003166823631428728,-0.0072238528789178025,-0.004468664850136306,-0.004923717962276308,0.00282701447259881,-0.007143115951406154,-0.010334273699898922,-0.00740315051783369
2019-06-05,-0.03346490128359636,-0.02832637157975726,-0.027589821861870867,-0.025096503673877057,-0.020079093390014124,0.0020123422020001946,0.0035363358392532795,0.012420951656040069,-0.011914526282952864,0.019108670298195518
2019-06-06,-0.00563182272729168,-0.010276148043583677,-0.012350452697012515,-0.017293414030511767,-0.0074569213937208945,-0.0009435709489477029,0.0007637886298585972,0.00701097605248302,0.002525675203068012,-0.0038620584170475647
2019-06-07,0.01938751036174602,0.03254806438744784,0.014472365810445753,0.013027456444148156,0.019319785415030877,0.0008513633859845715,-0.0010118083992001203,0.00014914662562159897,0.00503455231305705,0.005215073811664972
2019-06-10,-0.007361910010092565,-0.014814622965255597,-0.015090069465339306,-0.004005148543315129,-0.013024038785267034,-0.005866350509037277,-0.005449134233853625,-0.015981873291993076,0.00018232944093754533,-0.007158755530339844
2019-06-11,-0.011770356416621941,-0.0022433411762644573,-0.014311804748464163,-0.007219233796903701,0.011804131377758376,-0.0038100412891268753,-0.0009773707115037222,-0.004732576929272092,-0.006577517071701844,-0.008375241593507554
2019-06-12,-0.03760417258406923,-0.03981222471554846,-0.027649575528904458,-0.02503972855731651,-0.028723045594918672,-0.0018435097129274602,0.0012292509134048668,-0.003393378735000674,-0.01712152805152234,-0.010759376186135539
2019-06-13,0.008803725241572469,0.03171463460368695,0.026977211505980758,0.012167062012877095,0.022188714454112635,-0.0017837686135965258,-0.006671267434853689,-0.004795717118169507,0.0036468691137707676,0.010369478305314983
2019-06-14,-0.003478189261171938,0.00033246522967811387,-0.00762434256913358,0.004832761671362151,-0.003829060107686466,-0.0037719576058922177,-0.0019288822639762504,-0.006836540620964504,0.0024940645397761863,-0.0008121742987027281
2019-06-17,0.0047081388824856685,-0.01077272475488844,0.002185892663491451,-0.0018808265641347965,0.0020207446757740666,0.0008254773263498549,-0.0025334431220643827,-0.01069859757567948,-0.0017676174139178435,-0.004829845727903015
2019-06-18,0.00037878213966457963,0.011850926056582667,0.0027357344929817007,-0.007071814720790992,0.0059778873958156176,0.00030271564965267395,-0.0005208333333334147,0.0012750011383939608,0.008830329075369736,0.011082274493624755
2019-06-19,-0.01638964736835269,-0.014036400341778998,-0.011625173159770408,-0.006432992324786224,-0.022573680992549416,-0.0029926615742917884,-0.0011279726974674498,0.006494404004897314,-0.007594245625529017,-0.010482449066243182
2019-06-20,-0.02058041341202399,-0.02282376131814734,-0.022486754377558427,-0.009465803832001018,-0.020105732237260865,-0.0007550888455997162,0.0013429633480197545,-0.004894968592463966,-0.011917270896827814,-0.008452226876883406
2019-06-21,0.02523295848858287,0.023860015117852518,0.04172414759000298,0.020981075356972134,0.021972962437787125,-0.002073070103640995,-0.0021072743371080005,0.01192145550376833,0.0212379476943505,0.010296010296010571
2019-06-24,0.01774643691153721,0.035865916271721865,0.02151462850209307,0.02110197335403252,0.01121736847196697,-0.01404376668166385,-0.008260568661861645,-0.012945912060356779,0.023695325948733137,-0.004554557338747767
2019-06-25,0.005557624298570651,0.004202636396130943,0.008586155215443592,0.0008421011242214504,-0.001482793446189734,-0.006347542880487778,0.002471642505093685,-0.0034228839401673206,0.003926377427523775,0.008107183022834974
2019-06-26,0.008639271869494758,0.014984198207332433,0.00571560928982251,0.006151660195255593,0.0030178938522560372,-0.0013377154900899857,0.003352375691541898,0.0031994032312452347,0.006341981610640479,-0.0006499553761979415
2019-06-27,0.023268004371770346,0.018667335457310363,0.012279381473396134,0.02365411209631496,0.02569431272830469,-0.008565942929229409,-0.002868344978523618,0.008061711950270833,0.016850178899717294,0.006330439220156414
2019-06-28,0.0030342058489865043,-0.013931197369409398,-0.007365417306888111,-0.006460697818938321,-0.006944472160249515,-0.0032923724769869933,-0.0007577649782998241,-0.005177598528267158,-0.0002592046822733618,-0.006974109943170936
2019-07-01,-0.008930343732424628,0.006995241289274201,0.005947999793393777,-0.0015388946832948225,-0.008600629373158974,-0.00019278650684206866,-0.00041910715141513233,0.0064234441040340595,-0.005377298931410923,0.002768437865569018
2019-07-02,-0.0007635928923271917,0.0038011149096579544,0.013828160475978901,0.0020555560896049485,-0.004553826362735824,-0.00024243156269154742,-0.0008662985876936036,3.798549660727346e-05,0.007884073233643152,-0.005305707856709807
2019-07-03,0.011625503448189578,0.00961856477198042,0.001459232494353646,0.0165769971780092,0.006086875073812115,0.004582290955627677,0.002062947903155754,0.004379649734023383,0.009918633582139735,0.0004604999554804756
2019-07-04,0.006065859674106999,0.002340784173064714,-0.001607241912823354,0.007824627681409568,-0.004240701287591908,-0.002709345006824848,-0.0005169052913074346,-0.005477514749184675,-0.002138388295461313,-0.009023591497882788
2019-07-05,0.011994977987666688,0.006563297658890521,0.009524427616249609,0.018683246253050845,0.010125906494238723,0.0006765923175977573,-0.00042839366935609746,0.005485574610182065,0.0046221442026865844,0.008951399471812449
2019-07-08,-0.007277503998572965,-0.0077411691693090035,-0.001740463904189804,-0.00518414118512156,0.0022347987406787784,0.0036518168057599887,0.002877388836596051,0.009163693164477626,0.007446729697762278,0.0016369844437800207
2019-07-09,0.019944416196491455,0.006908949326087432,0.016115579807461256,0.006235216577144875,0.006512774594557902,-0.003240156673324779,-0.003142785650491531,-0.0032464533042357857,0.007739082365948002,0.00013329963814712187
2019-07-10,0.014787438085360982,0.008531679103556566,0.01576414684554739,0.005189577992883665,0.00984291494960865,-0.002093846663483112,-0.003970128613176582,0.002395772947176633,0.00616108139119409,-0.0022199761758653347
2019-07-11,-0.022781258878121102,-0.037156154147360176,-0.04134626066603864,-0.023531704465177605,-0.029774234114417042,0.006931909157026572,0.003562628690463754,-0.0025950327148578367,-0.018516365000468937,0.008213680934046952
2019-07-12,0.00027659054706385966,0.00316658794324276,-0.0012096390132393386,-0.0091087688661593,-0.0023289775842695315,0.00724040756246036,0.003136153943822828,0.0033932516270991364,-0.003286971743509115,-0.006164933713506682
2019-07-15,0.0033242238431820947,0.014516101787961366,-0.011077946145605866,0.0004689088271299102,0.004606251224343216,-0.0001955322579342278,-0.004906807228153065,0.010575895604213459,0.004126099110741244,0.0008929129375170319
2019-07-16,0.023502266139074468,0.029649085198975245,0.02693793715284931,0.018063401990512817,0.01769865966845141,-0.008858918418617079,-0.009440842100502667,0.0036473875769755804,0.019444603565586638,0.010379350628088702
2019-07-17,-0.015202915186012134,-0.01478171053881594,-0.02375702107613986,-0.004872539977537449,-0.012282713986140448,0.0055549454886121286,0.004549017145966117,0.007317247133899141,-0.004201838070026498,0.0026062872216401356
2019-07-18,0.004556440587647037,0.014829100160026254,0.006175164999703275,0.00820620137949879,-0.014016998220427346,-0.002180269140169444,-0.002930570107143371,0.0037194890991671947,-0.0024151227311201007,-0.0059399811268296965
2019-07-19,0.002030468954884679,-0.004991428247966168,0.009102337164079488,-0.0004988967299166536,-0.00027599097154296093,-0.001878076777557136,-0.0014966569754328862,0.008340387773210667,0.011442412723791984,0.008572609534307052
2019-07-22,-0.011281758447439727,-0.013281753183293055,-0.010611758984706787,-0.01812176383319286,-0.0014486692742713414,-0.005341581066877099,0.0022659454318494365,0.014077312692339916,-0.00444664277227913,-0.0054260664296974515
2019-07-23,0.01318122022042889,0.00594058998192093,-0.002950690436028691,0.0018561346584116123,0.012768153113819958,-0.013459901275971187,-0.005643753202634216,-0.0010414952313980708,0.00765846850603058,0.022234736625231788
2019-07-24,-0.0016942543796277798,-5.526818374412823e-05,0.0041422315552255284,0.001967021075002018,0.011139565525862372,0.0008943794211544454,0.004169877537582023,-0.0011648950554364879,0.005419909837476977,-0.0034075121130606734
2019-07-25,-0.007855172974398306,0.0013019447287614394,0.014897062667763139,0.001960033448736631,-0.0026703447391001056,0.008617009074919801,0.010865846449771066,-0.007940521065456063,-0.011015495623373672,9.437752628427276e-05
2019-07-26,0.01745936904873724,0.02193459487749827,0.017616904186782856,0.01884284731506214,0.017067352791402035,0.0016352600461262412,-0.0013359337504718072,0.0020833105912958505,0.01919530950209558,-0.010647476583101056
2019-07-29,-0.022020755917636192,-0.01760075220309487,-0.009868273823763096,-0.008124106210516402,-0.022206820948777017,0.009605173869575712,0.004852415311020097,0.0014019075327600383,-0.020594070540834175,-0.009884530586994456
2019-07-30,-0.004600918978841073,0.002380530558966587,-0.0075256296947505685,0.001799904910684047,0.0014499354536170461,-0.0026000346329230206,0.006779032217266279,-0.002703659353983534,0.003446063674170441,-0.0025474113016432653
2019-07-31,-0.007061391739785705,-0.003167179970583134,-0.015733933499080477,-0.008291498325058821,0.0033881519635940993,-0.0058360704649566,-0.0010896621675065,-0.01354235888761357,0.0041183384848841875,0.009087033247834775
2019-08-01,-0.0023468311683561005,-0.0038864670648919297,-0.005205083812699907,0.0019126875979844637,-0.000972246062738602,0.014746110593673478,0.008790618123960092,-0.0028715394377362147,-0.009001877920314705,-0.004379542082846077
2019-08-02,0.005368657306139779,0.004460175542688738,-0.012617233928906568,-0.0049362000409410856,0.01112660761291373,-0.0032613526943658933,-0.004638425797884538,-0.005008956751684779,-0.0011687368517104835,-0.004571847636207993
2019-08-05,0.023326999355798073,0.0333618494755068,0.03958139406433414,0.021519687677765686,0.013499986724371471,-0.0027327261650642587,0.0013160000463869892,-0.008572325081359522,0.013091403299319015,-0.002052914987521026
2019-08-06,0.011103654565286725,0.0029783434418295673,0.010691760999606226,0.006381845837916789,0.008071477504784319,-0.006557705025536209,-0.0019090971420524516,0.0017182204873797957,0.011941423162679765,0.022689348642053853
2019-08-07,-0.0003798276287401148,0.020751120194953288,0.010073070346055868,-0.005080074465311113,-0.0034628783340762137,0.003860332640100106,0.0010109116259942041,-0.00568103341114079,-0.004982897990971624,-0.004251453537493122
2019-08-08,0.00171574964157295,-0.0030631556857060316,-0.0028272326642574397,0.0034969563528040037,0.0006167479000582787,0.003291662094318415,0.0032930412594607272,0.00089856620088824,-0.0011397094906271388,0.009338828838368674
2019-08-09,-0.010529094321914623,-0.006734156289589954,-0.014659785521965119,0.005853502991284065,0.00017852512187266356,-0.009476433460098854,-0.0038077042348751977,0.0034479169377292784,-0.0009715165114818625,0.007776930412478622
2019-08-12,0.0018910987936093804,-0.014881756723913675,0.0032918310245335647,-0.006953135024568402,-0.005193241750224065,-0.0011395972071672755,0.00024912643375274435,0.003602902722490864,-0.01149495942955503,-0.005170414126948741
2019-08-13,-0.006565919544310628,-0.007535521358209563,-0.0076893812936233985,0.008684627768006603,-0.003113090170912214,-0.004413312311802753,-0.00046751750523754687,-0.0013781068773561778,-0.006153846153846176,0.0005661473405162987
2019-08-14,0.0187895958370643,0.03206529196637553,0.025999408499764565,0.008710827649191621,0.016370785616410366,-0.01324397603817995,-0.007194227912806217,-0.005614910303748499,0.01794764623289624,0.00781699384964818
2019-08-15,-0.010188113737389148,0.009719195410936576,-0.0014946588822392082,-0.008819372439573203,-9.565246615328427e-05,-0.008473969072957943,-0.0033614435137740983,0.006201735965644994,-9.588859220777124e-05,0.010546258120565533
2019-08-16,0.004878730663747666,0.006936797851978094,0.009824527102986425,0.005904262615330502,0.006108123481048722,-0.005418300129140241,-0.0010134287516443408,9.740934250412892e-05,0.002242532881876036,-0.013988214353421902
2019-08-19,0.01434961412390745,0.020657554600380656,0.010042049854791735,0.008848615989546671,0.0032944229941473946,-0.01579162965178449,-0.0049389635922193476,0.0004395922652449258,0.012827684343527324,-0.002479494434155849
2019-08-20,-0.01375064948109117,-0.01221794738483939,-0.014521706184416616,-0.01437969464129496,-0.025796280714965425,-0.0014266052365923265,0.00027221051449677347,-0.003832249482198291,-0.013693503397941287,-0.014932685125942702
2019-08-21,-0.014408482536300338,-0.018516012120938674,-0.029433396853184024,-0.015534390258605035,-0.02222803553541053,-0.005912769304940002,0.0005357833473251805,-0.00016000304438223978,-0.005392090045816089,-0.002622532034296743
2019-08-22,0.0033005792407276857,0.017771708527891894,0.0075372675135001455,-0.002236502911586835,-0.00960073783572668,-0.0015160695156425374,-0.0019850136419602427,-0.0009203809892883719,0.0007173282301375927,-0.015254768392370721
2019-08-23,-0.002499475149829844,0.00929429940854476,0.003928473194541704,-0.0014283719781341686,-0.005059349275645553,0.01260846897619361,0.004315636092264041,-0.0016320643059311024,0.006509313030593322,0.0026189708675807832
2019-08-26,-0.008190309027805376,-0.010944550098818007,-0.008988677084058816,-0.005182374089665931,-0.01053580906199647,0.006401269243629493,-0.0017377424491681337,-0.0015983085507338401,-0.01686183129097929,-0.006659344055990446
2019-08-27,0.02866757821023813,0.032146964013044954,0.02134864454538077,0.01507211727803015,0.019511670460985453,-0.006737183054007279,-0.006993221135884853,0.003953959649112049,0.02203475838818214,0.002021198271910274
2019-08-28,-0.010557781717619674,-0.014397568686612239,-0.0029928306642035274,-0.013722411395428735,-0.019591347616915722,0.003906950037534607,0.00026141210931118763,0.0035204961399131207,-0.008035631505238339,-0.016138356496724682
2019-08-29,-0.021775560861817422,-0.020819435179008194,-0.02751791195188502,-0.016856749256047632,0.0006070037192773547,0.008042490393167512,0.004086639023987537,0.01171853445897475,-0.014035765190859584,5.354495803766568e-05
2019-08-30,-0.01239386097723294,-0.018321174099412363,-0.021294986269694505,-0.014839165228306861,-0.018438961440042423,0.003377160740539953,-0.002661848413991863,0.0016438510256810979,-0.011707270831358363,-0.011804622091466821
2019-09-02,0.025060110468892116,0.023339964991016426,0.025307092045421697,0.02261074822845832,0.029099444052712586,-0.007910126945245288,-0.0043508429580616514,-0.004165415312155085,0.015759688415802442,-0.010496988638955984
2019-09-03,-0.01193871552052872,-0.009294860322776932,-0.018024177893464555,-0.0034001049780466586,-0.015573496393254782,0.0016019881681410553,-0.0011074486865458866,-0.003123459521895411,-0.005970241978069835,-0.012109824174114103
2019-09-04,0.004979124663049728,0.020690363322095395,0.019464283999270027,0.014790827936285833,0.005514076354082187,0.0012764089823760205,0.001550623130477602,0.0033020780037726905,0.0002912427189321054,0.0007220185011769242
2019-09-05,-0.002118194873928392,-0.00841688742832225,-0.0022358508637230212,-0.0035067455183884766,-0.0018890767240927753,0.0009200055405871321,0.0006780605566087949,-0.006174115524637536,-0.0012208639017911027,-0.0045869754384737504
2019-09-06,0.0008518826606802588,0.008120091684515218,0.005946779548995362,0.0009906605897906928,0.0017047683780662126,0.001068261127124881,-0.001741520363908844,0.001929579377480728,0.00675986768025072,-0.0007453223336056913
2019-09-09,0.004418008491548386,0.005188396181757815,0.0016237804048186977,-0.0025907695728163427,-0.006603354636553593,0.0009190709223083626,0.003244926500058476,0.010255543612438967,-0.003990411083177325,-0.006125287031243265
2019-09-10,-0.008605735295877048,-0.024562171141673694,-0.009967405241711913,-0.004572712946938617,0.0008399301400254799,-0.00268339702113074,-0.0009840413544091042,-0.0014503263234227903,-0.010162601626016232,-0.012526594685928316
2019-09-11,0.0008145451620040767,0.004690962863844295,0.022353507229001313,-0.006556234954560369,-0.00890827198666122,0.006422100316280321,0.003836982162948477,0.01169769668644638,0.00418240741791176,-0.007108718146268567
2019-09-12,-0.02386784964279609,-0.013806646411369305,-0.022921729738070495,-0.020119404667238494,-0.022046772412422366,0.007843238214280568,0.002580855774871882,-0.005688762173093664,-0.0069981334126665296,0.0015413997413455949
2019-09-13,0.019650511180924868,0.029653473703595612,0.021253276902182483,0.02372109146734025,0.023728799005050538,-0.0025390145012301746,-0.002508146166170122,0.0025943703262871765,0.019315708170999812,0.01757794611151553
2019-09-16,-0.004534781125134613,-0.01377374027938727,-0.004987026000575323,-0.011174535603715285,0.004055589961820649,0.0006261035737797904,0.003907691434302585,-0.0010809306796288887,-0.010786932656700832,0.002952581627594153
2019-09-17,0.00393073947797018,0.006749749222163759,-0.012729756485710508,0.007107789373349993,0.002578632990351215,-0.005422688628062944,-0.0008981923055174645,0.008508246161793576,0.003762311194912993,0.004403329052114602
2019-09-18,-0.023013283499166648,-0.015510596217861328,-0.02053483444626003,-0.012825635601519947,0.0021692576472580605,-0.002323053510978501,0.0007655176512428863,0.0006536587733811938,-0.020795629545531047,0.0048703248543295885
2019-09-19,-0.010240206458443701,-0.021019326802119487,0.003632173341454825,-0.010585882315592432,0.0023710408744719302,-1.7343400213754023e-05,0.0025304499996936514,0.0038499691366802313,-0.015359713469022318,0.002498429371267541
2019-09-20,-0.011977886977886931,-0.01748333437169014,-0.012263061730055647,-0.0109815007034898,-0.028830348317169907,0.002972888237635418,0.003842743683260874,0.008986857990813224,-0.01896478689875214,-0.0021403281739598157
2019-09-23,0.01725738476926364,0.017079096089978707,0.020660842159531345,0.01071412350196943,0.0056129631975812,-0.000607003822040153,0.0013080129255842454,-0.0029034263899657686,0.012820258887625613,0.0038424941677728253
2019-09-24,0.018777283498939923,0.01196443983782447,0.025616181382959402,0.01755630487849902,0.0187592720519123,0.0019157300604133454,-0.002746372585289758,0.002677505886289122,0.0215742360754394,0.0013804415671130332
2019-09-25,0.005272468694716981,0.005496600001540175,0.01176880546392245,0.0071890476641114365,-0.004290819757780007,-0.0071301768728448955,-0.003405838325389321,0.006783678863467424,0.012182640056969785,0.005651863201427743
2019-09-26,0.0013396200756277121,0.0045972653834149835,0.014658137516474268,0.005537303195537691,0.007496636840136794,-0.005764461215768457,0.00036235993259170485,-0.0002133048051830011,-0.00340553762356266,0.0019026752767525856
2019-09-27,-0.0009263444663587528,-0.0029618730320888353,0.0016564458826455741,8.409721638225065e-05,-0.0030043215690619407,0.005172563835027066,0.0028832461710781576,-0.0015402251502274478,-0.007275887851886043,0.006928698854808069
2019-09-30,0.012309284207109306,-0.002638048303046703,-0.0019037205386442935,0.0024510719936214898,-0.007124290245362874,-0.0008782605086681272,0.0015090123263368227,0.003352301491811094,-0.005709421054509778,0.0040305988318265484
2019-10-01,0.006333338009848699,-0.00589764132680648,-0.015685854362236906,-0.005300260042066518,-0.005781746081719663,0.002079662322870268,-0.0010069903867545582,0.007778974571099884,-0.012144508759427297,0.014678739805640273
2019-10-02,0.0008842736707512788,-0.006547679873210921,0.00879191297309223,0.0018287445535893898,0.008036243316618119,-0.010153417835943257,-0.007938863298053156,-0.0029454985239997233,0.003974242033026654,0.0034921293854972557
2019-10-03,-0.009362233882730386,-0.013183609859857337,-0.004232271947407273,-0.009848776541267923,-0.02028367546677723,0.004707520414715782,0.0008015153176381684,0.005091593246424608,-0.001015797853642364,-0.0013822076749562262
2019-10-04,-0.020305475990567312,-0.0027730358645970954,-0.006803468578597038,-0.00046285873519913423,0.0005700336177325571,-0.0071429339768264155,0.0020300440858143087,0.0006747911959215092,-0.007531792131851622,-0.005165611665241543
2019-10-07,0.001728390505538746,-0.002792579941545248,-0.008727773372915637,0.0006678332747929172,0.004230088319116865,-0.0037111454894526164,0.0002676736473881114,-0.0011111957633533898,-0.011200936431133734,-0.0024928183759541644
2019-10-08,0.015665807032625212,0.01471001222208601,0.019415112940928347,0.012963688764435766,0.007396292351396827,-0.014599469505636176,-0.01119735413216616,-0.0028455861769586255,0.006996012259829154,-0.007226366931332606
2019-10-09,-0.0006710543816021985,-0.004669837062446502,0.0006614551100068145,0.011798635379745681,-0.006852053645089784,-0.0013702554330857764,-0.00010863412598138833,0.005603257473179912,-2.3563848866703374e-05,0.0006278890710367246
2019-10-10,-0.0011050592759441757,0.0051186252163764046,0.006126951902212019,0.001953490943603642,0.007762630221807676,0.0029708117287206015,0.00503774016468439,-0.005156115726153043,0.007425405569577936,0.006733504829724568
2019-10-11,-0.020248186646694366,-0.013874981005186027,-0.017303823545403496,-0.01518974148316865,-0.016996597304570038,0.006213247429472046,0.007125680137611168,-0.00453620422923573,-0.013091005489021867,-0.0113660240491531
2019-10-14,-0.0036449951887711496,-0.003743757112150803,-0.003640968814310641,-0.007789834771456672,-0.01743500509427265,0.008395447907023623,0.0019932575732253266,-0.008344874638951172,-0.0033194550879438456,-0.008341523183814537
2019-10-15,-0.005610541945677339,-0.00961368760671133,-0.014111142990241743,-0.012803157338285964,0.008746941628801075,-0.008157239397262983,-0.002151386373300035,0.0025789929897532815,-0.003412419197797556,0.003196096791964642
2019-10-16,-0.0003265112583994423,-0.02150238370311941,-0.0001893186718279205,-0.011127583472765767,-0.009466596212206468,-0.001119446389511669,0.001021745763286619,0.006487604188753604,-0.0023662505070536355,0.005352393378689424
2019-10-17,-0.0021011724958600597,-0.007380896839330964,-0.008184497029011917,0.0006363142621164108,-0.013606106496387604,-2.237748441447085e-05,0.0037671931988263463,0.0005299360810533393,-0.00822910202731153,-0.0021620758209756064
2019-10-18,0.007609334673132295,0.0009977591648508977,-0.0022294697080862402,-0.006444205353845267,0.002545976824666063,-0.008434216944062323,-0.0016513628195005126,-0.00017954420255850145,-0.001744419732575886,0.0032215555511088123
2019-10-21,-0.006360122816164715,-0.016222138472025693,-0.0031563799674242388,-0.012092766159649715,-0.007412189359403465,0.0004868311483503529,0.003788364169237557,-0.00440696919855843,-0.013842845983910501,0.003650009402834664
2019-10-22,-0.011125455491931335,-0.021731485009231832,-0.023665316145653148,-0.012890295876381463,-0.003051460543353035,0.01083121071741111,0.007685142494278985,-0.00033942605841086326,-0.010033153502349124,0.006012962789469611
2019-10-23,-0.019559619041201737,-0.006488156760030117,-0.005433369729111459,-0.011329961084334927,-0.013239637589310682,-0.0010256087958250282,-0.0016691593460161913,0.0048331326704349475,-0.010151335181030285,-0.0026089508602905598
2019-10-24,-0.014342229037537235,-0.010883495124719644,-0.008890529837676686,-0.0025900221283443603,-0.01074559549829135,0.0068538333644097005,0.001425131775883326,-0.005737908968849625,-0.030526049710558834,0.004802897300050235
2019-10-25,-0.004800191746197835,0.002922295678834841,-0.015743320091647917,-0.0027967561662255447,-0.0016112666600547332,-0.007815531540815712,-0.007258478513733957,-0.005440194392339226,0.0036030021675317325,-0.000936276856362328
2019-10-28,0.01548812555146628,0.002805219619167465,0.020876910632553924,0.004835575271653569,0.011573688465588372,-0.00973901218004003,-0.006490063624224218,0.0040510825998243405,0.01784327608258729,0.01155447825872491
2019-10-29,0.023104238579938707,0.01510191355859547,0.018173019349229325,0.017769801066791935,0.015750065719698503,-0.002567341444430271,-0.00414037752826335,0.01343350574958313,0.0070837143289894655,0.006836223206101
2019-10-30,0.006808885479645976,-0.0027685528232626044,0.010920580089356147,0.00910058769822042,0.007173592611928514,-0.013943497854810971,-0.003935015303887401,-0.010767559745193167,0.00828720433925878,-0.0059983312600923044
2019-10-31,-0.002114040999836697,-0.0017666975375316696,0.0076708407643109044,-0.006769601630583821,0.0019714981909473295,-0.007860091772135647,-0.0018645015044107538,0.0025493992224701056,0.0007278543075992516,0.003675006890637933
2019-11-01,-0.0312974569374177,-0.034562996959587644,-0.01480259515954041,-0.016704732870619354,-0.02267109810828538,0.01368360800670998,0.005555471055273431,0.004487932393923755,-0.03135777899535319,-0.013067852417316894
2019-11-04,0.004094606854947891,0.008051808549831119,0.001547612358423267,-0.0034866687179762046,0.006531413671782449,0.0007985471473603845,0.0050303465749022,-0.0064880762870094255,0.011359944831673907,0.001337860322885298
2019-11-05,0.009512246667155333,0.018015895731049447,0.01805055308972059,0.006200631977808735,0.008703482291882114,-0.009987840485039978,-0.00258912370508535,0.00045404960614892076,0.009364279928151253,0.008656404729024292
2019-11-06,0.011941152972791524,0.0036332729950496745,-0.0003904773900994529,0.008031994556389144,0.003300442782175228,-0.0013725767719007242,-0.0018470342533610795,-0.0024019300638575825,-0.00012421978807264367,-0.008118780471515374
2019-11-07,-0.014856908842583727,-0.016835713346822656,-0.015410980481104897,-0.009567881830124136,-0.0017780343911230068,0.006656188286879194,0.003990967412768498,-0.001153764351227271,-0.01492078957764209,-0.013988544879914966
2019-11-08,0.006494800516841259,-0.010809626090386937,-0.015426627930787418,-0.005731372205099894,-0.010295670538542745,0.0024889212367054103,-0.00039995708695717003,6.412638488328959e-05,-0.007412561251760708,-0.0055584246340502075
2019-11-11,-0.0039172940014308155,-0.016214371809415762,-0.006981939897147571,-0.00610042943259792,0.009789876551349774,0.015053226607938175,-0.0004716674716082059,-0.0033072295396513463,-0.00699537306039022,0.0034192191590725063
2019-11-12,0.016074909376923685,0.027974595166775362,0.03416030159633987,0.023537247305066344,0.0159871188905627,-0.005672831041937498,-0.002081119877026083,0.0047088303146725075,0.011892524472981059,0.008380621061336191
2019-11-13,0.006022385689314014,0.017840593649423475,0.009738538823622411,0.0009463300396204133,0.0004265089946657863,-0.005614123329493292,0.0011014853062143448,0.015340953869594998,0.015364396484971676,0.006929578739300224
2019-11-14,-0.005998879261316148,-0.009419382057541004,-0.01872512457300446,-0.011132377448149544,-0.005602114115517254,-0.006220908500900957,-0.0002451337416695676,-0.0037168529405343653,-0.0017001353111807394,-0.0022396683886605206
2019-11-15,0.005765828682736451,0.006138662054159472,0.015719464094661628,0.008876682523447421,0.009054696710973476,0.005404214370288818,0.0015532087151324259,-0.009819006948536102,0.0060860570143839166,0.0033030100033213383
2019-11-18,-0.011511561757521105,-0.020860734779913792,-0.0194018306046152,-0.020721318199334204,-0.013328483084758092,0.00907338413497838,0.004488092407718192,0.008473874746640186,-0.015428211586901885,-0.005592563447611387
2019-11-19,-0.009646145773384296,-0.017231187302035433,-0.0297948000185978,-0.005904268434794524,-0.006699700629709926,0.011957246997315929,0.0038085899968034465,0.0011735620208022102,-0.015026135485678438,-0.0028437462972052963
2019-11-20,0.013186202770982591,0.02623711710417642,0.019429925522474578,-0.00028201652005210853,0.011331057817791645,0.008557469467878498,0.005169200139700569,-0.0017225619903139533,0.01084784429443042,0.005177477125736241
2019-11-21,-0.00935608145294442,-0.004039436447220601,-0.016645945012781493,-0.008262356147994976,0.007306449552907379,0.01082655553517431,0.005370692518330777,0.015274475427805578,-0.004527922186818745,-0.002763985994303053
2019-11-22,-0.0043316304810557815,0.0032169874504550666,0.013747902373408838,-0.00700320430439183,0.0014034709308088367,-0.0034080999697404524,-0.002473713902096608,-0.003284615409259395,0.0004611334460231653,0.0023454567007807903
2019-11-25,-0.003151154960289837,-0.002830188679245338,0.004805049936745798,-0.008091416265316953,-0.008724835145004106,0.007922618908799972,0.0009407119860418423,-0.0015934788705345149,-0.00990052385158624,-0.0009559798723296487
2019-11-26,0.0014175697150491384,0.0021884816064376977,-0.0005777325373463871,0.008754136120553868,-0.0015489103305711405,-0.006825350845459877,-0.0003206798227144425,0.0021722963401757944,-0.008611582326006562,0.01829373987967653
2019-11-27,-0.0004647158594459633,0.014173259389702153,0.012847001826495896,0.012432611417514394,0.010693032618748877,-0.006663476728234308,-0.0002656987947735612,-0.0004031600681999592,0.006543501711109068,-0.008713366769632747
2019-11-28,0.0034323545480841045,0.000762361376569709,0.01943693945740277,0.007966885555867886,0.005052804939615241,-0.002039108853953975,-0.004620405812293615,-0.0044148567360910995,0.0019036366971469931,-0.005148881988965237
2019-11-29,-0.006038386888074232,-0.012715046570044963,0.000895450297019762,-0.011946286494561753,-0.002948695307275151,0.015125931925171088,0.004263676232260982,-0.0017963694936755648,0.0015987267849446596,0.004626822942979336
2019-12-02,-0.0035380626368125556,0.010312658471330893,0.004539051985228193,-0.004027961406827485,-0.004422331175402361,-0.004680574081560307,0.0037138354962635844,-0.0001827089430368467,0.007282818018785608,5.587520830974135e-05
2019-12-03,-0.0007480673131232685,0.001445218015897476,0.020658643407950983,0.0019371191877837202,0.007623980832133892,-0.013130379199303599,-0.0033909067583707264,-0.0029303460622263078,0.0020075845257385705,-0.0012668995601470279
2019-12-04,0.0027269883391043415,0.011566662777986458,0.005617522513642559,0.007102749916014783,0.017388875461496145,0.00253464628494382,-0.003652487655258496,-0.007319011588772906,0.0016884111395205625,-0.002811133768010232
2019-12-05,0.008840760877750542,0.010552371026576468,0.002437478820223715,-0.0055362674018858415,-0.0017938074523381475,-0.00825701222117381,-0.00698877557469868,-0.007943205630419836,-0.004612526425932573,-0.0016255168273949794
2019-12-06,-0.015728702803228134,-0.017972133049577677,-0.02548278585515895,-0.016268288133185593,-0.0017072506851091296,0.0038275784411963,-0.00044320722909840793,0.00641334978119823,-0.00541193801443085,-0.004533290252793809
2019-12-09,0.006431021444682994,0.003884452077052014,-0.010213875377031334,-0.003980369541126683,0.008615090326402619,-0.006833942641749302,-0.00396019948018278,-0.001426198522252009,0.00404365188356226,0.01005478268968596
2019-12-10,-0.0001916117128579753,0.021225009539571182,-0.0011975765576746067,0.009943531639224235,0.01725992498761575,-0.003135942991501217,-0.00015653696975448383,0.003963496825187374,0.0030992963566083276,0.01248353109985012
2019-12-11,-0.01584652621061522,-0.007263124528999021,-0.007757390369821371,-0.00880970416411575,-0.0037704610119027038,0.0006710873725483957,0.001952551999097274,0.001984126984126977,0.0005125737627911242,-0.01292298096533906
2019-12-12,0.0041616250905296415,-0.0061638462400537275,0.00302096597964141,0.0018111011075983008,0.00286159196128688,-0.007850536349413573,-0.00447559561599975,0.00960611898293906,0.0006607244279668301,0.004577017333670774
2019-12-13,-0.01261616568795143,-0.013210525867864975,-0.021188999807114084,-0.009067001062403102,-0.005252867352566026,-0.0026229208258620185,-0.0014602359096426154,-0.012326455002549475,-0.013824694206720167,-0.014798486474149941
2019-12-16,0.008604309878736283,0.02265440550243092,0.017078126817165806,0.015558102094332726,0.008025904646708826,-0.0014675471949836538,0.004375785056906389,0.005999166782391319,0.021798514855064566,0.004311020646850849
2019-12-17,-0.008196147416878907,-0.012667034927113963,-0.009454173541972088,-0.006534952303155261,0.001526293495545561,-0.001968419919685771,-0.0026370616431370397,0.0022070394652435876,0.004473604882045956,0.021767779410833965
2019-12-18,0.02188626466474597,0.02213566691010338,0.029171930814665625,0.023646435788446718,0.028736285679420437,0.004547497714165294,0.0007996659969011777,-0.005334491408422459,0.011847833744276226,-0.009766243348080295
2019-12-19,-0.0015931988972818223,-0.0012138052062007354,-0.0014005056775783231,-0.012613722613824763,-0.0007508084333175402,0.001293799940400131,0.002137173685501592,0.0003909915545823317,0.0023643789188745323,-0.00866015093405903
2019-12-20,-0.006417560937638456,-0.01550998893488309,-0.015169762812552778,-0.0025766888083805783,-0.009948604497443725,0.0027529354786235416,0.0018013768269833363,-0.002553479767581135,-0.010275651969766209,0.0052414825907898255
2019-12-23,0.009629760202649162,0.0017655907398910209,-0.004863073589233324,-0.0076809162495009575,0.0029416773964996423,-0.006227679692731636,-0.0016527483742189153,0.0035347169614168283,0.004953260533924864,-0.0026238152030630957
2019-12-24,0.012324922726743681,0.011567460948684438,0.015601272169851965,0.0038240385050725134,0.01066439884036563,-0.00029680250946517717,0.0016526658279629736,-0.0019368399817134563,0.0003477707059744706,0.01342631053377974
2019-12-25,-0.008461512255778847,-0.002748721561424694,0.0070985346831364815,0.009318979006276207,0.00537002785155849,-0.002885869676147901,-0.0005731169683894644,-0.008545643189036833,0.0017619841449350027,-0.003919328083641704
2019-12-26,-0.0029075635304778302,-0.005794322573049238,0.0039296675112208135,0.0054225461045323,0.006868207166627283,-0.0010509640815927757,-0.0028742671205428394,-0.009758676022807222,0.00014912891986051946,-0.001554503210146163
2019-12-27,-0.025802880722248123,-0.03008150024741918,-0.010200395924182204,-0.013549065360650259,-0.01564516728723253,0.007841855145035659,0.001968136148712496,-0.010127969383646684,-0.01970159153965878,-0.02139173970238062
2019-12-30,-8.621699712818565e-05,-8.93914188596634e-05,-0.003475370912445319,-0.008250456192521072,-0.008933027921445458,0.0002573896713267132,0.0024846937697124982,0.0076594388557387205,0.0010050194109476607,0.0041957585829424104
2019-12-31,-0.00842346365750768,-0.004799222007082271,-0.010313166968947352,-0.008001076362314619,-0.009228608140775862,-0.0020844584496563234,-0.0009558056996943343,0.004918777746151237,-0.006984049442184892,0.0030387110894598557
2020-01-01,-0.010490570749479455,-0.014997316039131015,-0.01589297964783909,0.001055099441801266,-0.0033068092519218384,0.019169206311435705,0.004142504402554037,0.0050139635655293,-0.0035108643733785527,0.0011515498763281506
2020-01-02,0.010338153147976481,0.006524011833529908,0.011845978079857655,0.012857238377105729,0.01739939488755793,-0.004878522961308751,-0.008616993551966767,0.00608414463502549,0.01101315579869766,0.0031328875858624983
2020-01-03,0.012656646914120051,0.011630862115831198,0.017858367421795807,0.014082084690553831,0.01538799200117058,-0.0038941073040873464,-0.0017930265119179278,0.0008010713715274065,-0.0025777988493591586,0.004247308285895812
2020-01-06,-0.0025965960145885036,0.01287120493876781,0.014915948941077284,0.004808721825635409,0.00022015675160713677,-0.003810348659504248,-0.002558448827719828,0.00907154192478088,0.00881506160154033,0.010302572642139962
2020-01-07,-0.012517747644503974,-0.013654460831043602,-0.00693926636748321,-0.007189645001687728,-0.007259571709281043,0.002281153686922055,0.007003744131016676,-0.010473450577365817,-0.00439582143033479,-0.008357234831528948
2020-01-08,-0.009326756229763311,-0.015835496264161142,-0.0024888537903331454,-0.004325792818737462,-0.017768335731917495,0.004275632337843005,0.003482685012942577,0.00020163703039477454,0.00537025727641538,-0.00934998711259405
2020-01-09,0.015662348742881527,0.0043258495617495285,0.009573501520258931,0.01015691563671739,-0.00012038863640706499,0.002084842391490538,-0.0017957020211597507,0.0019102486355366821,0.00961341960652784,0.011646255365350244
2020-01-10,0.01229843369424155,0.01237523007220731,0.00920331578703637,0.0119038878862745,0.015608624147942507,0.008355311193271264,0.0003105327841939065,0.017828529737254684,0.014300272213303655,0.031421123970388765
2020-01-13,0.00023929222190499644,0.007379388408875309,-0.004792190549610553,-0.004397102569251077,0.013087947233276775,-0.0034915411536015073,-0.0035493851765220352,0.0030512991124953537,0.007193838649919959,0.006237810458441295
2020-01-14,0.007495297606113782,0.036340327503291636,0.017553512777438884,0.021257268365598492,0.019011942803267567,0.0015530980721070176,0.0015850060684838851,0.007498087222647332,0.019808122478037538,0.010019355573266386
2020-01-15,0.010112540683260951,0.008711559875752561,-0.003220251940911689,0.005769996681048939,0.016886381016262497,-0.0027787344341929643,-0.0029112697054571868,0.001176101989274203,0.010337430341262444,-0.007965147506415526
2020-01-16,0.001984144100621865,0.006335102652318403,0.02074014134875335,0.0018924988079072058,0.0048188101709618625,0.011003677132163991,0.0021012353416569596,-0.0030372757288785746,0.005824686485454089,0.0038715076554518557
2020-01-17,-0.015904140371419517,-0.007183934709498185,-0.009356976908174608,-0.0036691566868239933,-0.011301505888303032,-0.002815479564175938,-0.0003329345642508752,-0.003660774108328657,-0.010018142885773629,-0.018494523421114017
2020-01-20,0.0004133794976892702,0.015369054616220179,0.00914264991488234,0.009191796309397038,0.00175419560185186,0.006422579497957992,-0.004180943402971815,0.004498626263789385,0.01409647508210976,0.00614487468064695
2020-01-21,-0.013546248764746638,-0.012037546508702479,0.004211382910635608,-0.004669506696344472,-0.009321703876972731,0.0015397513825514686,-0.0009447563190025932,-0.006301393853036519,-0.007228694133252889,0.0013673766057236136
2020-01-22,-0.0029831560283687386,0.017318768866381617,-0.007451397340328847,0.005761009435483633,-0.007518160862089229,-0.004764191737476553,0.0007612480306844471,0.00929413593054318,-0.0066106103139806915,-0.0016536938781006594
2020-01-23,-0.017238926407234345,-0.020121416375132983,-0.019588504342902935,-0.010808122289175381,-0.026945679786281262,0.00602800488135391,0.004855524866316019,-0.0006579803732947864,-0.023591407214456073,-0.013113878427521652
2020-01-24,-0.002883969427662114,0.005343939519813823,0.017261291489251596,0.003451863294966495,-0.0063912576436987445,-0.002528329257159845,0.00027082495821240116,-0.006046444765135273,-0.0009465434796247507,-0.00864781378565671
2020-01-27,0.010323848066348562,0.015087190865463063,0.010298451945786047,0.007564019726778781,0.010558742500430762,0.005775584577008663,0.0026111550612459844,0.007263434957498038,0.00659658703071675,0.004621516800564773
2020-01-28,0.0015919169239404507,0.00541155496218626,0.021009440867051588,0.013560137220932633,-0.0017382713663082194,0.0042087624528885925,0.005125726336003389,0.00282571928121067,0.014884746627028322,-0.0063088841770110315
2020-01-29,0.003441055944620075,0.0006902624414237835,-0.002949933673558225,-0.009693882491937922,-0.009883043923743284,0.0024524320394374577,0.00198330238504707,0.000667654964774167,-0.005877266950596316,-0.003802181593187348
2020-01-30,-0.015178086721072903,-0.012772172280704597,0.0007102530621494463,-0.001468479040354631,-0.0031914257932390555,0.0019400756748915171,-0.0004063960121983845,0.0016925302576344947,-0.003379445604233866,0.012950138984202164
2020-01-31,0.016298984857936905,0.02436675532023891,0.02777164952044786,0.0130610992411766,0.004314725653203455,0.009593761406826218,0.0017221803604376973,0.0035206071133468964,0.00774485935297653,-0.0017477684131577131
2020-02-03,0.01476975960358029,0.0186144571083382,0.015977743570914082,0.013687020773014646,0.012978098526110093,0.0020154106781791192,0.0015988090987533177,-0.006632734913949001,0.013093984101978595,-0.0066811175139057655
2020-02-04,0.0005521009530891074,0.013378760505851961,0.00277722177742179,0.011316748151491973,0.011145899733773446,0.005004395753026358,0.000990988272918658,0.0018176952953676828,0.006346773767373026,0.0030352134449327384
2020-02-05,0.007509705899164221,0.007627123570640881,0.007285610918436047,0.0031244302786841427,0.011819006562435952,0.002824886963278983,0.00018455403306205653,-0.0026441521248836697,-0.0020059759177865066,-0.011431205663999244
2020-02-06,0.011826469471561962,0.008080940173734508,0.0017366701620249447,0.009397365353521314,0.010112843415853057,-0.007010504934713113,-0.0047191680096135835,-0.003075855249396242,0.0012825639703444303,-0.0008129311736834177
2020-02-07,0.000899261182539135,0.0046757765776215265,0.0006882435365551665,0.0034411466142658664,0.0025178014915026026,-0.004271574108628329,0.0010723091306052979,0.018210849415755348,-0.002058670127999984,0.016243988609704108
2020-02-10,0.012429680413504007,0.009298536766911836,0.006623734798013814,0.001706165242799873,0.0014722457758566954,0.000794668931728415,0.001227972458797133,0.002714033590946796,-0.0010097366522556772,-0.0056849961067303445
2020-02-11,-0.007397318578420964,-0.001973514643328178,0.0159164614205487,0.010441920868708321,0.003921077663925576,0.006359303259055427,-0.0033317686863005846,0.011265798741394217,8.697520020750638e-05,0.011171667009045594
2020-02-12,0.004285800044594668,0.019169070104997354,0.013986417643371052,0.011309036225594093,0.020374762960820192,0.004734556611881491,0.002293264619328772,0.007816372968928453,0.006794017153707532,0.000272695045131055
2020-02-13,0.009354792569963521,0.007472362431773183,0.01907577354254153,-0.0003838342319689714,0.004144024050207085,-0.008062003831755704,0.0005392054465798157,0.006405330799512887,-0.0015011929706999494,-0.0004743600229000222
2020-02-14,0.003754190416767944,-0.0010060602277588426,-0.016106214234214322,0.0044369529395758,-0.002852080776749699,-0.001933194014252182,-0.000409184708767385,0.005193502164528407,0.008139864099660166,0.00495041403462837
2020-02-17,0.008040793965190307,0.0037930647926769367,-0.0024492749221975973,-0.0003160627610340194,0.00851402246665045,-0.0017079322263822139,-0.0025384488714439435,-0.009922601893161742,0.011041161220196383,-0.0099796173711022
2020-02-18,0.017148972817498498,0.016389150792270435,0.009934984487341092,0.009122046325361621,0.010552058443705548,-0.006897264252996305,0.001226518352771988,0.002229832937927112,0.008429632182548108,0.006409448041801102
2020-02-19,-0.028970406905055368,-0.02062082220304884,-0.012939406409809506,-0.019596463535807795,-0.017916761327156694,0.008102768192325804,0.004778493379557824,-0.00331676346583909,-0.02228856279705005,-0.0006142539606440733
2020-02-20,-0.0005883560527659704,-0.016251041438684166,-0.0056350370778534,0.0016221834345548913,-0.004069645373842912,-0.00045127281234347283,-0.0007829702805064453,0.008387066236905216,-0.00191211322423257,0.005336800345610904
2020-02-21,0.007422309280533668,0.0051506591161056825,-0.007182524792996747,-0.0007596417529492916,-0.0007397458102109677,0.010506016843750077,0.005450755539018859,-0.0015149220962101806,-0.002037309288117739,-0.006565097215764482
2020-02-24,-0.0033905786895928047,0.0035860560451455026,-0.001449856224832624,0.004681430124447994,0.008144491130374965,0.005534996242176904,0.0005306312666397694,0.001844018200580999,-0.00197468526816702,0.0016756590061213217
2020-02-25,0.012646667383789056,-0.015332693312773649,-0.008692911519252555,0.0030403278529747,-0.0140371542244917,0.0028424637039083933,0.00010837583818346097,-0.0042466042680983085,-0.0017489811823795387,-0.003599092189615849
2020-02-26,0.001149729334552374,0.0015848128998501299,-0.009650946344379685,-0.002103220764250846,0.0031544578640938514,0.004638862115673215,-0.0026860461631041943,0.00020445701082327794,-0.006260309532415409,-0.0008421835522646193
2020-02-27,0.002662977333485861,0.021466357221381793,0.029090929046615033,0.020706109322814248,0.008252830021348023,-0.006391771080836217,-0.0013098821429726737,0.002357234208924641,0.010951482814901548,0.005109357211664722
2020-02-28,0.017383726358816798,0.023401366551499603,0.015410130237531128,0.008381055082699485,0.0001897416372313998,0.013353071696795338,0.0033190475551134746,-0.006307565060031717,0.007440386633208673,-0.005201824246137021
2020-03-02,-0.012242950055371571,-0.006158791108043071,-0.008901726514803587,-0.013965438221261173,-0.013798258728343948,-0.00419883452950387,-0.000886427461993522,0.0036658933068645094,-0.006719227457667065,0.012193302852356869
2020-03-03,-0.010581846712917176,-0.02220666652196257,-0.01946692808033168,-0.00912185565628032,-0.015646118980314316,0.005405251046675996,-0.0017254717220771543,-0.002609582710013214,-0.011071379542527682,0.005993464379244529
2020-03-04,0.006431619695530966,-0.0018628312445081452,0.0025561522612895793,-0.009405793222897585,0.002874318142111143,0.0024150892845409277,0.006260094408016004,-0.010173743981989003,-0.0006993774350959603,-0.006160694126374877
2020-03-05,-0.006614456007646985,-0.016138836995522432,-0.010209320721713766,0.004008402315493598,0.0005303732227335267,0.0081311299593676,0.0027618390804597936,-0.00634300260095455,-0.004830272352743692,-0.005044030464321336
2020-03-06,0.009006714855548159,0.009490261085785212,-0.000190608189889252,0.0010581898604247186,0.006122498990761338,0.008382263429260961,0.003404849227902629,-0.004250237889340536,-0.004163747479084767,-0.01175386472182438
2020-03-09,-0.0065411396725707505,-0.009492478046195352,-0.010219908463391492,-0.016386114915728722,-0.0204247234913163,0.0017438873462087834,0.0014078566718742636,0.010066683216202632,-0.006433267696826062,-0.014072148643259008
2020-03-10,-0.00925995335665497,0.0005482177272135846,0.004097154005112458,-0.008522221335183766,-0.0007904196945368591,0.0024156806201949266,0.002043336250646899,-0.0008390043814671122,-0.008424520595064156,0.009548347138564672
2020-03-11,0.005475070040963148,0.002927874494918159,0.013918424168018584,-0.0035908672122388907,0.011095584161813221,0.009276528543387785,0.0006730443462454883,-0.0012861656994722637,-0.0032805500375344687,0.004826432212324372
2020-03-12,0.013242112216188318,0.018878940856873916,0.0033000802722229494,0.01083784262594678,0.01108003818558867,-0.010707545194903911,-0.0066198855957078084,0.004856355340060903,0.004238918382468038,0.0033195089216959683
2020-03-13,0.006114706446641804,0.00019531501917224858,0.0156096785664257,-0.0010792362328198024,0.010101553602289481,-0.0022500767590264426,0.0006056100009024235,-0.008036880522473977,0.002091560249795954,0.003771774735139788
2020-03-16,0.007746613163501115,0.0060314764221591766,0.0144573104177248,0.009956014393050827,-0.0056210983971244355,0.00996957230310258,0.008718344324927019,0.0015320981534265865,-0.00492686037275003,-0.009312080307817494
2020-03-17,-0.01164657408820391,-0.013900562724664,-0.017816381972352358,-0.012201570493137193,-0.018802947861423114,0.007103414967157162,0.005946113263449959,-0.006484828517468344,-0.022060031415418124,-0.00505539154476109
2020-03-18,-0.010845062593798138,-0.0029786333198391635,-0.005451984996392989,-0.007255252846256055,0.0044248937973492275,-0.005496448608982352,0.0025839326941254903,0.004912687125428139,-0.001067563290260476,0.009171706649452549
2020-03-19,-0.00965903060045814,0.01229656284806424,0.004792623027610299,0.003914426503107249,-0.00078815770401508,-0.0026774933925974853,6.705320514321933e-05,0.0015763658222198718,0.011202632709019333,0.008414377191958922
2020-03-20,0.013519193345690406,0.014261269549218136,0.01397496706718826,0.012609204440619415,0.025838029528066464,-0.00489903898868338,-0.004665510188928912,-0.004186456237881719,0.012549063802183458,0.002462413818919318
2020-03-23,0.004173967134933454,0.011595443817788986,0.019224630646701657,0.017871173465488166,0.0037852197144545574,0.0011925764497839886,-0.003670152814529648,0.00692702354675423,0.007590040108312879,0.010459580639116783
2020-03-24,0.014280758556891593,0.018117325959440045,0.015402797790431189,0.012077378118650062,0.028344984943888596,-0.006888348269327937,-0.004878438355207182,-0.002549971654126404,0.004953209213480969,-0.006302433491857107
2020-03-25,-0.027725751418962385,-0.028847407115153545,-0.008301083075563875,-0.01606730819168578,-0.021719480258965418,0.011251364915922046,0.006559423773887074,0.007811756918415735,-0.015270286210631312,0.0026857182267767676
2020-03-26,-0.002075023294282663,0.022262808142656132,-0.006953714855454152,0.0007646055494978654,0.010552585383418966,3.74896285559867e-05,-0.0013028826051127984,-0.0029302966896624927,-0.006242581319626739,-0.007991066190304763
2020-03-27,-0.007830564379744498,-0.007694586821800353,-0.007227959106867576,-0.006918386844968372,-0.010574776923800155,0.0016416546065818327,0.0011499013171474282,0.0007849402291102425,-0.00821455086391809,-0.004682350637909227
2020-03-30,0.00260329652202973,0.011832521017117736,0.00689630102769434,-0.0011638793753594445,0.004252860771016831,0.009247705244767035,0.001759344507111571,-0.0015425050096811166,-0.0034983820155817247,-0.002461466170548765
2020-03-31,0.004279751019314659,0.0052975311172525075,0.010666855772454076,0.0025021420888555745,0.009561722230661651,-0.0055503506868050945,-0.0023446881551184573,-0.000445907356008024,-0.009042072525072165,0.013461922928403203
2020-04-01,-0.015199885743569896,-0.011460270476444934,-0.014936474058273697,-0.009156168593523306,-0.011789924973204746,0.002089515174289458,0.0035969282396042246,-0.0036520617583677417,0.002183241211090481,-0.0006850305291219438
2020-04-02,0.004414728558175263,0.014135796103143417,0.016682099864662625,0.007939239050472446,0.01270066324021668,0.0027934331624803743,-0.001112162641363601,0.0036337428479293887,-0.0011359941274406982,-0.008349039894213872
2020-04-03,0.010894883799938526,0.007474331640811238,0.010063360958745271,0.00915281807256707,0.00880460047769649,0.00046407137401427434,-0.0037454047338986163,0.011592195127964944,0.00601196804980586,0.004005830132623123
2020-04-06,-0.01002970051629326,-0.01399023694125634,-0.019718107364369297,-0.005934767180301503,-0.0086153605574818,-0.003544953078386315,-0.0009923008169460124,0.00016223614727994828,-0.00804536402043221,-0.0008718455013723148
2020-04-07,0.002569428678728114,-0.006269238372257235,-0.00933627174378715,-0.0013341057634276288,-0.019370636092304716,-0.00013048902705914411,0.002128341152548563,0.010142302953132898,-0.002594333348734046,-0.0004988263309624319
2020-04-08,-0.0014073418803781657,-0.010690485663133353,-0.0059270110150980715,-0.007674540125864215,-0.0072835390258706445,0.005557757930493068,0.0016971523841522451,0.007042200429422607,-0.0019343174301933441,-0.009717689295039245
2020-04-09,-0.005450803951197014,-0.00454035421585075,-0.016767476191098307,-0.003719656637686919,0.0030089712153991144,-0.008593052000149703,-0.0028978789626299406,-0.009077141101070385,-0.006452719903012216,-0.014959888164742696
2020-04-10,-0.007579615798501971,-0.0035276549390775847,0.013636091863918232,-0.0043509500851041105,0.005279245987873882,-0.001227021559055963,-0.0038791538042491913,-0.005183402233826628,0.004035785569695527,-0.001324374058997324
2020-04-13,-0.0016275594338326371,0.004222471584738985,0.009710341356249597,0.005108548972058591,0.008697715468701128,-0.003983474436119572,0.001956472698022793,0.006096658001635946,0.0034838096607692215,0.007355137708167536
2020-04-14,-0.01609566208572588,-0.017565012715079487,-0.005778223199611743,-0.015226320438571972,-0.015165677402331768,0.002444608536741333,-0.0010616097533463487,-0.0011435558927095357,-0.02067152603715905,-0.008660840115348512
2020-04-15,-0.0030470877797353912,-0.0006769313180715608,0.013247938578451635,0.0024515557351947326,0.013834651460808756,0.007810583876123545,0.0022078904879032635,0.0034089019874554705,0.0011132806055327293,0.008371669119877412
2020-04-16,0.0017715724020590518,0.00323825398632005,0.005396900261726456,0.006536484906380036,0.007923003760809122,0.005006908897287721,0.0011453556758711514,-0.005991816606429778,-0.002725650781367439,0.002744746859483005
2020-04-17,-0.000284526154519571,-6.953313986035603e-05,-0.007195692325833947,0.008194965927491804,-0.00536003373828331,-0.014679365760389529,-0.002239533414655326,-0.0009394971417314713,-0.005586905259709285,-0.002141401629622064
2020-04-20,0.009427063949033476,-0.006064443403408171,-0.02128392989704031,-0.0004630365416824489,0.0030475863638228518,0.001104674848710241,-0.000724081015205269,0.00020400192626346403,-0.0007745384921065135,-0.0051592595825211696
2020-04-21,-0.0024833216215981446,1.8411120317196605e-06,-0.0029943713732818455,0.0005244062971563324,0.006763407190334858,-0.00542748721387476,-0.0031264550714888983,-0.008288826007442629,-0.0025047397717099518,-0.0016404743171071212
2020-04-22,-0.00791423061285279,-0.002660401987660932,0.0024556143732823443,-0.010401640546685686,-0.0033343594163640633,-0.0032799784647878916,-0.004195073664909121,-0.010769508361163194,-0.0007698363336653413,0.004598922872841138
2020-04-23,-0.004611092482648127,-0.0062303168139175025,-0.0037139934668558583,0.006233699655193048,-0.0005979427803350923,-0.0018527213272780951,0.0008092618065107526,0.005239336994712129,0.003902928792587579,5.831681023726887e-05
2020-04-24,0.005407464326367739,0.012915845455676811,-0.0015287582747021133,-0.0005355668568516325,0.0036145263412934447,0.0121959595732537,0.004601961273888788,0.0064398817509772055,-0.009606657455529244,0.0018160461842202658
2020-04-27,0.008763957840151049,0.005100094629587604,0.0010216171536152618,-0.004062662656207583,0.014556302516868236,-0.010644156098387536,-0.0012718840209593463,0.005002975506122498,0.01022372236304303,0.005521416276536462
2020-04-28,0.010328995213233716,0.010805287693977927,0.00967027490566319,0.004140901655898199,0.00903362874833058,-0.002183160153419794,-0.0023999769865221676,0.006972643036858628,0.00748690910404104,0.0074069173496083
2020-04-29,0.009050220991269953,-0.0018069016059942822,0.011760721369751925,0.002763546366934433,-0.00859060015087687,0.000639467429861762,0.0009698983643551262,-0.007713949045210944,-0.002913437081516146,0.0004856945843001448
2020-04-30,0.014407546607327237,0.027872315031483685,0.008839648541905554,0.010226032210700176,0.012370130618773567,0.016364484152591396,0.002600503730421977,-0.004829124458739509,0.009710594657087901,0.012356635811543448
2020-05-01,-0.00904738014320483,-0.010680877341445072,-0.017755885511449354,-0.006118372394728233,-0.010558694979824756,0.007097105326433706,0.0006750066474472405,0.003396331992025603,-0.0005554139329145835,0.010906345104639614
2020-05-04,0.007435322229071506,-0.0038465095104636138,0.009471822180090239,-0.0004894941741043768,-0.005279953864010256,0.004958506924460648,0.0009471065166670734,0.00036187195218118084,-0.0020191254066392883,0.0047796765533949515
2020-05-05,-0.012921037636070443,-0.02387510822704031,-0.01306271425847605,-0.013010749735299587,-0.028554446376981124,0.014494935636074846,0.007737250407421348,0.004199242400011016,0.0007410347643823645,-0.0014748242578668247
2020-05-06,-0.00620105829122608,0.004043592524383133,0.0029609594928126093,0.009803224460142701,0.016706704246825632,-0.00024056414086282008,0.0007966125665972434,-7.204567240604032e-05,0.012629638560061274,-0.008533052760556603
2020-05-07,0.006829216012003592,0.00811836751050099,0.017557376941774505,-0.0020435591912709716,-0.00025033635093463236,-0.0012509951097463556,0.0008104261893624454,0.007648009538017364,0.005379411984338001,-0.00012761304500852333
2020-05-08,-0.00853716434147811,-0.006004058114512656,-0.01614568980392861,0.005664657781349947,-0.011697212059612272,0.002508719989452013,0.003397424706057972,-0.0015949155387224856,-0.006816516037171372,0.002592890643158041
2020-05-11,0.0031135857556672253,-0.0017232102607355193,0.004671368138887022,-0.0013559477144120535,-0.015153084721731713,-0.002164877414613464,-0.006658543932452354,0.004995182732016712,-0.0008748449619512266,-0.0017607497524364524
2020-05-12,0.012107434212920598,0.007795144832006606,0.011224815492746787,0.012107077455054682,0.01634557625189781,-0.011957421705408366,0.000588395039377243,0.006192315078193511,0.004297555209391124,-0.005111690710495553
2020-05-13,-0.00962126195255153,-0.006612836491293961,0.0024529728768709624,-0.00034255464274723924,-0.0018940621960646942,-0.002965503385710777,9.454019088983578e-05,-0.0001513390524087166,0.0009042074474070461,0.008760697887475022
2020-05-14,0.019100581303469477,0.018879283533008717,0.004058578212452035,0.006326601161461998,0.015372391659306484,0.002313047574989513,0.00150028789063672,0.007632221754963586,0.01754516601734002,0.008336855508771501
2020-05-15,0.0008696526837690399,0.002972211164446348,-0.0024997984033545695,-0.006177321220703469,-0.002966413457255901,-0.005434949687478263,-0.0028438831447196167,-0.008474965073050567,-0.007221253405242045,0.004740826421286259
2020-05-18,0.004539201912829638,0.007532205875547815,0.008495977210609462,0.00022339150568884136,0.007826199628558017,-0.0060515424335993995,-0.001588366292575527,0.008849656588844734,0.006617331065434717,0.00414944333032774
2020-05-19,-0.004512437862792651,-0.004276735337033655,-0.008379870497537412,-0.00011317987148795616,-0.009115987936774594,0.006618701032353735,0.0032289643271568025,0.003513101449403866,-0.0009961604301864657,-0.002467808055283016
2020-05-20,0.006440266320505872,-0.0010289799792430054,0.007691073914633417,-0.008119688433368188,-0.014818622629292344,-0.0058829076978611505,-0.001381390343380584,-0.00502968568703166,0.0030758251758502553,0.0026847955166418025
2020-05-21,0.029448965666450277,0.03674400845343051,0.0403889275841387,0.019003145127790777,0.017311792890650546,-0.0005606132970439326,-0.0018496842858339857,0.0010824443237613668,0.021475784591372893,0.01362201184614209
2020-05-22,-0.005110618932529287,-0.007871183246970115,-0.012303900090324005,-0.003111859709480136,-0.013666032929665062,0.0009271059850706198,0.003993376882598376,0.0035102547099432613,-0.0019733876127410177,-0.0008818376459084343
2020-05-25,0.011441675485402758,-0.003876169757243031,0.01266906648657673,0.006410909330569314,0.006111418063996732,0.0008788312443719359,0.009460045011686624,-0.009382511005386007,0.008386574988233697,-0.001757444151825549
2020-05-26,-0.018272698792664466,-0.037395893818194414,-0.039577645922990956,-0.022119626368523493,-0.020751254555100296,0.00823579044352618,0.0028413617767910626,-0.0008643505645081762,-0.024627245013056687,-0.0017943446936155016
2020-05-27,0.009014906199563466,0.003017862287525208,0.005907871853838564,-0.0010166963456768041,0.015513249129306628,0.007917781773506993,0.001310875130775102,0.007056400535302876,0.002761143234305319,0.006415241310767206
2020-05-28,-0.0019847383956664855,-0.010419434291500052,0.0005636321723776483,-0.010920802849647138,-0.014336725004747586,-0.004732559737715802,-0.004622842305849306,0.0035537922655628496,0.013970651758056007,-0.003330192537676635
2020-05-29,0.014733335364677025,0.01256276848949267,0.007725639172269094,0.012235171612799967,0.014157382842554966,-0.014860380582737642,-0.008228641134518044,-0.011195022992412484,0.01285042147272697,-0.012217309153242262
2020-06-01,-0.014989850621974776,-0.019476598878093387,-0.01328777620058541,-0.005901356946877101,-0.019365418217541674,5.738372827135407e-06,-0.0007409651692186214,-0.00043321579589794545,-0.01884013656762351,0.005244219723472332
2020-06-02,0.008112996646682191,0.002614720639665391,0.005667785286164628,0.0046229749609265625,0.028280940922160935,-0.0003565968365352168,-0.0003221815441036835,-0.008169768871330696,0.010569892341421028,-0.01394127401796419
2020-06-03,-0.009561690340737283,-0.029251873005574858,-0.026929757046069147,-0.02301003079482955,-0.009375530658257913,0.0021661760002624764,0.0035921485315222323,-0.0031234957882070313,-0.013051616639060626,-0.005419270639914209
2020-06-04,0.0004538987459774546,0.015275989081338093,0.009533337409633136,0.0009607316533006838,0.015784198784560388,-0.004550061105262682,-0.0009219591113160952,-0.005577740943244147,-0.0014299397733381625,0.00046406806331589223
2020-06-05,0.016650322874662615,0.0031434736863515944,0.006701039563195232,0.01167041137810565,0.01642211689117956,-0.0035934734663312096,0.0004931871203328608,0.0016220883211159887,0.0022996515679443164,0.0016034911588056477
2020-06-08,-0.00750641377129746,-0.009784277690630394,-0.01407707895171395,-0.007452824957953519,-0.0043191414070415934,-0.0006929895445202394,0.005366060489726765,-0.007882944299011152,-0.005274472995761781,-0.004970450108524704
2020-06-09,-0.006504622395177018,-0.006757322759891604,0.007697980529782988,0.00781602774480361,-0.0027811587147029693,0.0023445894264795264,-0.00030297217496377815,-0.0013590016682126782,0.0001151214805719114,0.0009428839677627643
2020-06-10,-0.01784550939766083,-0.026056806574644042,-0.01870947043733595,-0.009318195115492034,-0.020009398094749775,0.011230587588987984,0.006030345851609775,0.0064495166302882545,-0.02145124070226978,-0.006491085780406691
2020-06-11,-0.008871007736560133,-0.009263713721611389,-0.01679862396764742,-0.004331473509161854,-0.011384681681012254,0.00486693408808625,0.002377893434188927,0.004034362345141096,-0.008258016451615724,0.0014390366254994902
2020-06-12,-0.006073266992325577,-0.01754498415066197,-0.00466069101087585,-0.01715463994767763,-0.0031960996749728077,-0.007239713378029089,-0.0036984198468972274,0.0006097966940847854,-0.004357544581521822,0.00987748162492963
2020-06-15,0.008050678581167592,0.012981030613959721,0.005789412954868123,0.0038147995800861256,0.01986621050675952,-0.00852983523681261,-0.003275740511017311,0.0043408304210477144,0.008662465909622608,0.010883297117734836
2020-06-16,-0.00787193487706217,0.004760129669132862,-0.012694076231155926,-0.00481603657909524,-0.004290164840475841,0.008640275500650052,0.005578241099101655,0.009245659298094733,-0.0003993144165157503,-0.002195584625382496
2020-06-17,0.010010801514309442,0.009253719746707523,-0.014336767437932774,-0.0021001222554136723,-0.00320721841941507,-0.0026313136116800084,0.0007483953575446733,-0.0006527025615779003,-0.008829217860985894,-0.0030613334599001174
2020-06-18,0.002290482143376238,0.0026848401798362787,0.0031678624399258393,-0.0009256161480984959,-0.012354496000239634,0.007294289932267217,0.0011371017252270743,0.00020153690551283354,-0.010047427262586894,0.015107693894635066
2020-06-19,-0.002293535214156539,-0.02146535656907489,-0.01716393946640249,-0.006577803858659359,-0.006686236138291002,0.005284216060847502,0.0007967557421515448,0.0020948152017761235,-0.01018094033928818,-0.0014630110930895501
2020-06-22,0.003818886355424267,0.0016241790833979586,-0.005779519063932037,-0.006277849832419524,0.011829627904431428,-0.0010436084439320314,-0.004385550107474212,0.0014373144710013719,0.012330624091206666,0.01473895980544615
2020-06-23,0.0024845208763883964,0.006374553487497714,0.007930281762029923,0.005924987844729168,0.010937896995600216,0.011141294892305531,0.005327138481518112,-0.01352631641570845,0.012249102276141288,-0.018079918330506817
2020-06-24,0.0041416113282459754,0.006423691180219571,0.006362569334802171,0.0013392405510477268,0.011327186990655935,-0.007375567312855935,-0.0031349853631184033,0.0071909797266991315,0.00224435801184919,0.0007961168353831649
2020-06-25,-0.0012556488786501507,0.01329517769441968,-0.0035926789859986874,0.0033340015234735176,0.0046097973263914405,-0.0003273362008844316,0.002859151733068721,0.008317727770118521,0.000530219702738588,-0.002801201075472881
2020-06-26,0.0018518899565835856,0.008840658250263367,0.007457544572318842,0.003863157591895927,9.307098744648634e-05,0.007869529134799436,0.0001526449961062326,-0.009107948113645237,-0.01616313092305177,-0.003331260315885931
2020-06-29,0.011446117192795091,0.021933499656697997,0.027884441075165967,0.004523373949760545,0.01819613375015461,-0.005069752609996314,-0.0010399571594439383,-0.015441548274970796,0.014888660951682287,-0.008134169699921534
2020-06-30,0.007531530287554489,0.03601247489750792,0.02625819691843967,0.01906288040170412,0.005566933688667675,-0.004090624298758727,-0.004525236554531298,0.004613890977043011,0.014114089952444786,0.009687360642161025
2020-07-01,0.004778584845577916,0.006101025115142322,0.012938335253643629,0.0015942414443672615,-0.0008024914309222586,0.0059043242653917805,0.00406976692308314,-0.004882774039728699,0.0024121708145428133,-0.010618398827480613
2020-07-02,0.005891166860230834,0.007857489119375227,0.011743566872268074,0.01562043840960059,0.02081809748945207,0.0038805962959513884,0.004692676563011089,0.007406905653283502,-0.0021619805241241963,0.0047815995440274595
2020-07-03,0.0036033341309722466,0.007387478813633885,0.0022650473843339736,-0.0019280667499460558,-0.004667779773657843,0.003923977288676772,0.0002839339804845409,-0.014134497193725504,0.013278301624233269,-0.010665418445117925
2020-07-06,-0.005493883211765804,-0.0150356346464956,-0.008806496629119476,0.0017939156997495154,-0.006860748250356097,2.7085245233093858e-05,0.0013087321171261213,-0.004533569565310702,0.004220237915397496,0.012492482057176568
2020-07-07,0.01749173862487563,0.014574432950150706,0.016165930321029753,0.004206852995643384,0.014672687569019294,0.007255462707017157,0.0031266958715339133,-0.0002902196739685836,0.008514409263283396,-0.008666014570520852
2020-07-08,-0.012445093730916623,-0.0216473627285233,-0.01839158278351538,0.006746014826004565,-0.007224411496867811,-0.004236269393991576,-0.0006144982859195292,0.003077837643871817,-1.898415772039197e-05,-0.0033142829750515412
2020-07-09,0.023806067932691688,0.028403429591586704,0.023811538353063044,0.016018417398512064,0.03206111724068106,-0.005183937656140669,-6.16637948946952e-06,-0.004560752197851126,0.01929233852650314,-0.0027962479776300064
2020-07-10,-0.00724589832825806,-0.005171379121404751,-0.014095635449327237,0.0022941652870906992,0.0069105890487073385,-0.00338787653551198,0.0006857937192394914,-0.0011706685072434553,0.0015618556015273288,-0.00010851944641687705
2020-07-13,-0.004489603486827587,0.005273446379051805,0.0011570325607506149,-0.0015417864224762656,0.004097273998399986,-0.00015060349544315788,0.0018957542060258348,-0.001692432771737029,-0.00747432402994519,-0.0003403324807156327
2020-07-14,-0.0028257802336868476,0.006609408318809962,0.0011899476067844805,0.005815173004744212,0.012775431809820992,0.008915387345638237,0.001557402472337932,0.008368233196827557,-0.012800832957494346,0.024895620413497355
2020-07-15,0.0009084674685879701,-0.004288641837930207,-0.0022795004612219394,0.0022717995136929403,-0.0035365887629182913,-0.0027949164999339082,-0.0003359986595145026,0.004166267194864126,-0.00528569027129322,0.008131835652698038
2020-07-16,0.00048827644322102515,0.011062791537094663,0.002269468598911084,-0.008923459238665221,-0.005094481611895629,-0.011085574856398384,-0.002910041882312586,-0.003796867946750604,-0.006263688189349748,-0.00434964786402825
2020-07-17,0.0006159513693602126,-0.0005458000003433217,-0.007820617438507038,-0.015117516992875224,0.0173589062034627,0.007758832768767876,0.005558946528584796,-0.007355861457708945,-0.006351169912652499,0.005297623235537063
2020-07-20,-0.012630047003756362,-0.008351178833376549,-0.013020035145793862,0.008035352527469675,0.00806681470188586,0.004527164786640725,0.007944840383281582,0.011423742847609386,-0.0038121475281770456,0.00400476943414807
2020-07-21,0.0010417330613805564,-0.016853407221404382,-0.0004942878696322373,-0.004560813597553448,-0.014563415350490772,0.013572787128582897,0.002556054532057983,-0.004233799835352325,-0.008150863717226176,-0.006050318200007676
2020-07-22,0.028756135948950545,0.026145022704934684,0.034214645147175204,0.0038404401816412026,0.02197612774868407,0.0003527777025655876,-0.0016340081574814924,0.004565471141590338,0.017940132508056594,0.0022519977713792994
2020-07-23,-0.008109890662504338,0.0020667363589392806,-0.010273183823271692,-0.0013597988818430107,-0.002498465663508087,-0.009136819279112252,-0.005229749361572389,0.006434984819115863,-0.00799479638381606,0.006174543258733456
2020-07-24,0.0027747986662245427,-0.0025917963564104918,-0.0023562325069024226,0.0002930704616534996,-0.0011792710119693517,-0.0009267785557457442,0.002741127420562428,-0.0003648638397937276,-0.010932386035097608,-0.010770372011199347
2020-07-27,-0.0029751892550942127,-0.005300110605030106,-0.010731409243844525,-0.006570367387659037,0.0061741811537296964,-0.00658302204022565,-0.0019225893595268273,0.017380990864450885,-0.00021398751040213604,0.003417439224911778
2020-07-28,0.005404477661427265,0.008899003049212206,0.005958933338117589,0.0020538694567833193,0.02005014979809827,-0.003295572397287616,0.0004893071358671452,0.0001335099543233742,0.001240833638762151,0.010617014209646891
2020-07-29,0.005144579762325074,-0.005240279299014272,0.00478858993287834,0.003024681948051944,0.003770308105364162,-0.0019281733419029834,-0.0007255449752961995,0.002949504923174917,0.003519488521493308,0.003303262051514544
2020-07-30,-0.0032114500546177593,-0.0044042404577657734,-0.00015467511885902674,0.0037167840638745453,0.004640319574578999,-0.0015040578687367523,-0.002653256275007787,-0.004802737538089574,0.0026689945534132953,-0.011662188099808013
2020-07-31,-0.01671694270081059,-0.015353431323419153,-0.019835714684236283,-0.01518388421388761,-0.012785567378019391,0.008845584376000248,0.003512856512986273,0.005036614641822146,-0.004984968722445471,-0.002457320562516685
2020-08-03,-0.003038310675635203,0.0024130723588264846,-0.0030789730719225084,0.003641373431066075,-0.005246308183193271,-0.002356105972623146,0.00212236935497212,-0.0014347948912382114,-0.0037986254055750734,0.0021856278099074977
2020-08-04,0.0010882768291839984,0.002668123279900847,-0.004746919628084489,0.008149713250829915,-0.009935450732693751,-0.014714255447422664,-0.001994469366862428,0.0028603122371035905,0.014362901045453347,-0.0010956108224593475
2020-08-05,0.0005800464037124531,0.023449831678050925,0.014338670077593374,0.007408298979929562,0.016807744195814767,-0.009710864870359104,-0.002244017043035118,-0.0027682672977731304,0.011753804001071622,-0.0006365661211990004
2020-08-06,-0.0031686877649611533,-0.015236922111024231,-0.0029449420523842695,-0.0133082630409328,-0.0013225211800860226,0.003202723132518459,-0.0008980546512947774,-0.005551159326535715,3.5489211962058675e-05,-0.010262896728871929
2020-08-07,0.013666493255766632,0.012634894345395331,0.022954852234182033,0.012682522215982539,0.018657386426794043,-0.0052175664047421355,-0.000783992746210771,0.006837512145679181,0.019134831015924503,0.005675532556322693
2020-08-10,0.010408779749127683,0.02036598551934632,0.0026163955748130796,0.009159228281209852,0.00022978519805594289,0.004154150196008954,-0.0006010227440120808,0.001584386617100364,0.010904532439041992,0.0002619732187778556
2020-08-11,0.009839972498290939,0.013500824938632583,0.01438153491868377,0.00584140525489496,0.01976852624037151,-0.009889459227965136,-0.0026006039209374165,-0.006605890592674246,0.0018481619069321553,4.6908287782310154e-05
2020-08-12,0.0071966661630467055,0.008936902359130361,0.0010607515722296235,0.011763683804430158,0.010578853813489664,-0.0006561284956770885,0.0004972711478368197,0.009607452220541601,0.0151296153525724,0.008775347202768513
2020-08-13,0.017064658478972428,0.014782032656568411,0.010934217676716873,0.014379003162507509,0.002604813459119004,0.0016323251519119175,0.0006736559752453797,-0.00038783529434405217,0.004706633317701048,-0.004893919863192431
2020-08-14,-0.004452692245221046,-0.011793942899800736,-0.008790640949031703,-0.0022640112597973605,-0.01521263062567324,-0.008631707236733788,-0.0009846188346895879,0.0028543609526383573,-0.0007974037053988248,-0.007211491659928071
2020-08-17,0.005067079734306645,0.0068576698311579865,-0.003361396443417708,0.0025581846810895925,0.009678480227054642,0.011736239054123576,0.004020835918239873,0.002446803797935715,0.0019555225670158105,0.010991252234007653
2020-08-18,0.001054206751401221,0.0036718135933431206,-0.0003470655606845341,0.0033434022668010765,0.005316656030631917,-0.000776268116685852,-0.00028165446891748047,0.00046990058435580906,0.007154096704634627,-0.010637692554391065
2020-08-19,0.0038358809572183183,-0.005447929155886544,-0.003509059076187482,0.009201958471820149,-0.006360059395764006,-0.004427878131055829,-0.000259893989460136,0.006034429449370382,0.001120013784784879,0.001841680804954171
2020-08-20,0.008914330701058848,0.007874195091317926,0.001243072267418599,0.0023202381997899924,0.014831547959767821,-0.014104058646210116,-0.004539059769311349,-0.0009959248307257473,0.0015721735556297745,0.001437758245256493
2020-08-21,0.006382367880567896,0.011396176953895498,0.006771863150948354,0.009871396269078403,0.013147265896477744,0.01185643860661001,0.0021321877396132116,-0.0007295591587509476,0.01801057755936397,0.003240082702231639
2020-08-24,0.004121863799283254,0.008995061972721263,-0.0006270815280050579,0.019122987468250807,0.011287595078155022,-0.0020550214623166196,0.002241960977878543,-0.004370288488885987,0.014497208392961536,0.010017401241461776
2020-08-25,0.024534961227039576,0.019501678261062194,0.03899361902385623,0.011538619979402753,0.015189184034792413,0.004261510243417144,0.003114856396730037,-0.005616786305908339,0.011786677527827694,0.010828338309071928
2020-08-26,0.0029152135038377214,0.01520175135098234,0.008514402083781736,0.010843640085630657,0.013245045938366617,0.008510792857537863,0.008243462472054208,0.004434256538288883,-0.00411630715456901,0.008773893532910249
2020-08-27,-0.001350570536293505,0.015440244892095611,0.0016844959184274533,0.006714645043718992,0.006473834203328366,0.0033669937211111556,0.0002691797018630204,-0.0047662924495618375,0.0068827068447503414,0.013985731830022718
2020-08-28,0.016081456187305276,0.036343824499722954,0.022894861336339778,0.007721029132611523,0.02166853409803071,-0.008607253962938488,-0.0018962775079025551,-0.007181456200227476,0.008762127634054151,-0.005098323024772866
2020-08-31,0.008052331420686176,0.013439251793545992,0.013680254116098522,0.011784032648997966,0.0034202014944793024,-0.0024204388223082463,0.001885165873823702,0.00623970493446957,0.011237590967219102,0.012106198583652139
2020-09-01,0.000523292584666768,0.006345348607261991,0.014338894563613813,0.004430017884921478,-0.0028139009299396056,0.0010512779481561818,-0.0016634788002564127,0.00419628532367744,0.012701269407050075,0.0014732541999478155
2020-09-02,-0.009784956106245635,0.0006137310576392885,-0.009706467472424762,0.0008101943815235213,0.001885562166891841,0.0004923334007631563,0.001793025804600834,0.0038797405926440653,-0.002986804036746782,0.014802118463805414
2020-09-03,5.246892527899227e-05,-0.0008510117505083903,0.0074221040631190505,-0.0014485793380265566,0.007754266515363817,0.0031666784713630935,0.005764211528336727,0.011221370172100675,-0.005593416713704391,0.01522657597066246
2020-09-04,-0.022476508271291995,-0.01816563285595263,-0.006176342600277329,-0.003842414099626379,-0.005040496929151539,0.0033446875377141083,0.0014682219484365433,-0.0009323738077143817,-0.011866379547284978,-0.01551166965888684
2020-09-07,0.010755977779566939,0.01679720196535528,0.007138979891007979,0.005371082250176018,0.010956831931444366,-0.00047662882274723817,-0.0024523109353600248,-0.00028463212208162947,-0.0005816990934686128,0.007157098742918144
2020-09-08,0.004733103581334497,-0.01632568624094055,-0.004383453583237995,-0.005990502132400155,-0.007471416276510934,0.0031636230421780986,0.0009706121175205862,-0.00461948923478428,-0.002441896063319793,-0.0076603007869129325
2020-09-09,-0.012472891720149204,-0.01666480535246284,-0.03433516968943251,-0.012067611092199337,-0.016316838033243797,0.0025722066219631134,0.00218283321702728,0.0006174248409620553,-0.007752408147124745,0.0028646812175443515
2020-09-10,-0.011820512317344933,-0.017327765871616885,-0.029531704713254947,-0.016923702858475664,-0.01714019134587552,-0.0005954130001083469,-0.00375625399578694,-0.0012457852394920366,-0.0074877933686881,-0.005014337074072617
2020-09-11,0.014214920792526176,0.012345419586664796,0.01962799992314057,0.00657595852212145,0.01370194644651046,-0.012279819437176487,-0.0034929903627703984,0.007722669071551946,0.009303179191819444,0.010401047419121179
2020-09-14,0.016959802349238773,0.00995308867485889,0.019486898020333765,0.0040941726677479195,0.015368993108117124,0.017860235003092084,0.0055269699299169694,-0.003180165298861337,0.00626170026335493,-0.01195534932205966
2020-09-15,-0.020940722213373397,-0.019682109055355612,-0.01663745686403406,-0.015473611763199502,-0.02132758473807228,0.010983789826718882,0.007931316013815026,-0.0022254933395517984,-0.021845669856662364,-0.00982141221723598
2020-09-16,-0.021281350393215215,-0.0025607619389910186,-0.012190193332518695,-0.007314459435842413,-0.01357954136877837,0.010902118122372295,0.005519349023445752,-0.006596427470702437,-0.005318990656430378,-0.008384697156923027
2020-09-17,-0.0032477317936137062,-0.012164069303065683,0.009825166508087513,0.004921335065672272,0.01295020200818775,-0.006353571015255466,-0.004313311419475108,0.004446424554144457,-0.008191919267463765,0.009114730693224438
2020-09-18,0.028120825170749875,0.015569382848145352,0.029964867070799484,0.017630586119885994,0.02948582099233632,0.0036799239923783755,0.0010808723035087286,-0.011116625019579218,0.023309563368280273,0.006706827111258029
2020-09-21,0.003589851450734871,-0.005199026641644178,-0.0011903904274771504,-0.001185080793683957,-0.004422487354795224,0.010831989120720031,0.0023497718214342544,0.008067035070396855,-0.003861321569239018,0.0026675513616876145
2020-09-22,-0.0038469735720375597,-0.01197482278465789,0.013722405782964797,-0.005723997498757294,0.010355121156210956,0.0020695077842427523,-0.0012624260793998587,0.002351035608423979,0.004041499966094708,0.010453791239180887
2020-09-23,-0.00220726936887794,-0.014061281913857027,-0.012269495215981086,-0.0021434023522328705,-0.0122982412664564,-0.0014755593079898155,-0.001297129167918798,0.00023880072226223348,0.0012856674480543617,-0.010984841619391283
2020-09-24,-0.003652374043128015,-0.016786789244717992,-0.019339480255755936,-0.007631819583623578,-0.010721011145037318,0.01232445209486599,0.004618949422758867,0.00032955420104707756,-0.016510712402349692,0.004976151613186985
2020-09-25,-0.026121249946197245,-0.02429542787942751,-0.03233411451957047,-0.022401144280902563,-0.026707420017182404,0.006529088248650394,0.0025628399210757546,0.004571973254871686,-0.01638013484681644,-0.011969700101023939
2020-09-28,0.014472576870026677,0.0005730889656225813,-0.003871373524287236,0.0012757244490717579,-0.001274995096172682,0.006058708390724865,-0.0005337908603189057,-0.005706993855015607,-0.0036865611661095476,-0.005645164267143676
2020-09-29,0.00016700369949496086,0.003735815725499636,0.00016692370498061493,0.0043103089724854105,0.005790052355012731,-0.009579517701007734,-0.004133705596229276,-0.0008406964514109383,-0.00042753367782022433,-0.00294873555793973
2020-09-30,0.0068242289165809655,-0.004020048952270816,0.008220225115889823,0.003499433326477064,0.003298579868516338,0.005058028003750881,0.0004091087534010551,-0.0020070451981295534,-0.0043650000572834635,0.0022723888006355164
2020-10-01,0.006642775508438392,0.007629975940067535,0.003147566154067638,0.002152865856510644,0.007946472697297535,-0.00233069357482496,-0.0027553754612243964,-0.0016170977212153215,0.013454147477810707,0.01006450047115437
2020-10-02,-0.03440939932631715,-0.026843697393093113,-0.03589809203571992,-0.03135745494527831,-0.033234355640072044,0.006897648346524843,0.008050571783946303,-0.005827299887650628,-0.03375591835601843,-0.025794421853604033
2020-10-05,-0.00445282710938999,-0.00850977927093266,-0.002610810616386905,-0.006447873547988481,-0.0012121140914627127,0.005400743608417358,0.003137601730718309,-0.01497244782267071,-0.0014779920198877416,-0.01287188018291674
2020-10-06,0.01298231953011042,0.021603538405003064,-0.007080698071772029,0.010788622025961647,0.00725406276528795,-0.006712568481008208,0.00014876218515680328,-0.00603400121341624,0.0015233298290209252,0.0017540974620400274
2020-10-07,0.012858235744129809,0.017533398685926738,0.002961936918884245,0.008496161134966318,0.002102152954984726,-0.001055890822961536,-0.005324389882146674,-0.0011746437304808177,0.01957732816145441,0.02067763178824822
2020-10-08,0.0016250036312930316,0.00028822298586272943,-0.0033215580354856167,-0.007628439583933777,0.002619265440263918,-0.011720827224133146,-0.002565771659839622,-0.004699557002763921,0.016508479611541116,-0.0007119043878744957
2020-10-09,-0.021596518164169076,-0.014828859204638278,-0.021621987323486747,-0.0054861387227490566,-0.012317229688824205,0.0011375799095456607,0.004965600774167855,0.0023365268148975993,-0.015504696255089323,-0.017376104643401225
2020-10-12,0.013611882560227162,0.01575336267799088,0.009631059109168616,0.003598208551487181,0.004309283789972751,-0.014349219219953802,-0.004730780414417435,0.00487317967383083,0.012247989804431425,0.0028809918026959647
2020-10-13,0.016647900916840763,0.03148260979540285,0.027463370335044868,0.01294835772275027,0.011173249822030717,-0.0016268055315328267,0.0022419872771985982,-0.0014442887519970915,0.008929474344194333,0.0017800960948035627
2020-10-14,-0.003709070772594192,-0.0007973583840613641,-0.0045094033342181206,-0.0007614478666212454,-0.0067484632953320745,0.008719110772249294,0.002490875731240516,-0.0010575502506574574,0.0022263929677555083,0.0013396507555756276
2020-10-15,0.024298869782239496,0.03212198668259547,0.016219594460537445,0.018128174244845585,0.01814863681044465,-0.004055447664146672,-0.0019035498233199721,-0.007996062172242135,0.015031334030895183,-0.0014148484622831248
2020-10-16,0.006795206534109921,0.007999282173220656,0.0045466082253828866,-0.00532832166777697,0.021775771529632726,0.0027674095396867937,-0.00021702250194011175,0.015288946430670691,0.013699068788464164,-0.0005927779673655653
2020-10-19,0.006000388476594232,0.016788470611274642,0.02200092804268028,0.009084757535373633,0.02259770312605136,-0.006055045799681635,-0.0031682027649769795,-0.0014789540403943313,0.004003275517692195,0.004022910735897778
2020-10-20,-0.014277464288944719,-0.022737287517326954,-0.004101741249182833,-0.003866414095544446,-0.030891418491895584,0.015286388233114678,0.007077184310130269,-0.002219081389158384,0.0008809602466688382,-0.0006272814528743842
2020-10-21,-0.007171545340965979,-0.005345142415198012,-0.002028884149521626,-0.0003413895789803334,-0.0019172824195670124,-0.0029688565088917818,-0.004716237005738533,0.003402058743622982,-0.016485330051178915,-0.006494799622890679
2020-10-22,0.0057801002452810835,0.012976836834102112,-0.016525970492669795,-0.015413037306462707,0.0020409667379115426,-0.0009095057365828829,-0.0013889029779837747,0.006376411339452659,-0.0002495500722835553,0.004092605020481921
2020-10-23,0.022217038482200913,0.005448763544111612,0.02267443274398695,0.027238345974633704,0.015973868486216736,0.002169057071998992,-0.001407765141093864,0.0008609440789915102,0.014317666776102689,0.004658379207481689
2020-10-26,-0.016278153114216765,-0.012780965322493842,-0.011340896308917547,-0.017903853742479048,-0.006043128876150661,-0.008529516755338418,-0.0019319420637786688,-0.013068820759577493,-0.00962050175474749,-0.010407915851321281
2020-10-27,0.01850875528093532,0.01241943935614187,0.010006145601445304,0.0015119380975263663,0.02012025275676499,0.004811895252935461,-0.0025540126537015873,-0.006711729297367963,0.00834425786045756,-0.000580768800642506
2020-10-28,0.02106425564221137,0.027169264888904587,0.02257894354549661,0.025278114405698826,0.013809226533193941,-0.012411826422565109,-0.005192633238983668,0.005230625092832675,0.02215017006844011,0.015316028996822384
2020-10-29,-0.0069740168444391015,-0.010076358671855967,-0.011380216611879046,-0.00375033953414583,-0.006281466018505877,-0.015002412859414282,-0.006824263133657138,-0.00085776290584616,-0.0013158629174865322,0.0058899703935997305
2020-10-30,-0.005775635124165901,-0.012023574384899316,-0.016353395414359095,-0.007839357950105041,0.004493965492959662,-0.005567695489267832,0.0019391779006117105,-0.004771799966630796,-0.0030894550643636443,-0.008695446469591417
2020-11-02,0.01024566664441573,0.02322277038065601,0.014498619350172604,0.01377285669780659,0.009883015703737508,-0.008553243720237358,-0.003575374687482702,-0.0012558218927553044,0.02808212069991778,0.012886290418804291
2020-11-03,-0.003988255485545489,-0.0021962667768385957,0.006016132725543022,0.0049651566775319456,-0.0033167362169144177,-0.0033575347148740997,-0.0018767605421023958,0.0015595434291646448,-0.018270758085045302,0.0029685475321004073
2020-11-04,0.008665048419827848,0.010963811944603163,0.019182958493240365,0.010053505640992721,0.008301011183044604,-0.015091203841709144,-0.0022816023110089345,0.006026583701789656,0.022930499384249625,0.006114861982891684
2020-11-05,-0.0020017774839663494,0.009653193247315395,-0.005814642861665331,-0.011444669774279492,0.003745121404500784,0.00043657567125054975,0.0019760447377568102,0.00156520356354517,0.01392335741123274,-0.003545118856714491
2020-11-06,0.0051403716884141915,0.0025367090390506775,0.0062006581613629486,0.00933448342728016,0.011402110646912877,-0.00030169837953164524,0.0024505849176339467,0.003136099774545764,-0.00871492465031476,-0.005963670444315561
2020-11-09,0.01394184537378873,0.021822876860135842,0.018857893168142237,0.013014991818428578,0.014161975565302631,-0.0037520551113926492,-0.0053332286163813025,0.007609228148717451,0.012317125459952338,-0.007498070896716613
2020-11-10,0.0016762805473529152,-0.0015756714133884353,0.018791226167886643,0.008131389228950292,0.0025061311481371362,-0.0064750437640721525,0.003371801896660198,0.008091069977994136,0.011722129991528885,-0.00216491881554437
2020-11-11,-0.007998252037634268,-0.010127202845642058,-0.009554355502291001,-0.008614594212393856,-0.025302617649141435,0.007938715046409417,0.0001444155084959764,-0.002383279056601406,-0.00394740534139959,-0.016893440795292092
2020-11-12,0.02282996829634576,0.03131151668941268,0.030859243389423696,0.03212479306937799,0.03183847762146064,0.0003785390387600618,-0.002858927718369819,0.0009036742726538094,0.027461890724864935,0.0022999138647217254
2020-11-13,-0.001618318319298151,0.00041952419750823644,-0.0022596281223261627,-0.002925092526496309,-0.004018209012121576,-0.004543241792840047,-0.0026555479056507014,-0.00010328997136122009,0.0034250218519247255,-0.00563933909386638
2020-11-16,0.014650566185721914,0.01066439058987867,0.01276463296646857,0.011747411576503053,0.01191016001475842,-0.0013435734212803307,-0.0023113703161278254,-0.0063801151467722805,-0.0015246868107487987,0.010087179310159566
2020-11-17,0.019582707953542666,0.008282457413653299,0.021513094833848445,0.013178335495158677,0.017202602753029872,-0.016367688459889784,-0.00487222500599116,0.00378907436189313,0.019286364029436953,-0.0007948652716021076
2020-11-18,-0.00906942803530475,-0.001208081043316267,-0.007627685627003888,-0.010487415473589778,-0.008923583805056312,-0.006508792795854146,-0.005150910648075935,0.0008017477504866921,-0.0016216227826189034,-0.0031933907831217523
2020-11-19,0.015990461829785696,0.017609239684114764,0.01572138037769033,0.02153687997943976,0.02687827665349518,0.003248140026175017,-0.001667177206677084,0.0137282376275365,0.02572994742141188,0.022155944299435015
2020-11-20,0.0011264406045754516,0.017356595232794758,0.014803860588021855,-0.007531595392435864,0.013431766019656344,-0.005963415746349621,-0.004081001059817124,-0.001003244018175864,-0.001314001191305203,0.004945565215445535
2020-11-23,-0.02863550031028439,-0.03331861719484808,-0.019301076429917963,-0.019302656000949603,-0.019677612929262733,0.010431810591383206,0.004944979303329378,0.0012402432847111733,-0.02717565363852381,-0.010830905503287691
2020-11-24,-0.013601655881816721,-0.008086913470423007,-0.02726368033992832,-0.009073405565845905,-0.007048973384534363,0.0013637059877045221,0.002553485770164343,0.013697000669650627,-0.006968588461459646,0.005085169714099891
2020-11-25,-0.01769978083804913,-0.025591578374208668,-0.026367648612461547,-0.016162546714493464,-0.025325378433345147,0.010690555658897205,0.0013172075726695098,-0.009212941433826116,-0.006203348525577024,-0.008772519243547494
2020-11-26,0.000920748986843023,-0.0017613229370539996,0.006379857278097312,-0.0017447221830626525,0.002143103511728528,-0.0048824927460646705,-0.0027020326674784823,-0.0024666645709034984,0.01385133657085369,0.014079910017122943
2020-11-27,0.019073410840204863,0.016755231207647325,0.00657155713888069,0.02022569444444433,0.025101139889469826,-0.009987735985382606,-0.000753233691192623,0.0019040429765513345,0.009287508198985162,0.010439310136517
2020-11-30,-0.0036597090841422597,-0.00530861915178138,-0.01257309621921765,-0.0022795069153508374,-0.005298701818054585,0.017227512272841805,0.0020571031039271492,0.0018916465444533959,-0.004441223533033445,0.010828856532046016
2020-12-01,-0.0063026827769814275,-1.8992708156750915e-05,-0.0042949477909246525,0.00042639526713994513,-0.005661116946162892,-0.010666892013719953,-0.004149260906035512,0.005762060206666142,0.01978960659138207,0.022760106849726958
2020-12-02,-0.005674923498997564,-0.009796353602103292,-0.006998277945585718,-0.00935252439277301,-0.01695453492534793,0.002482991802152279,-0.0011229341541414417,-0.010641425554665962,-0.013052862091111117,-0.014556865273154584
2020-12-03,0.006269420944939874,-0.007273698776528059,0.0031784167700388277,0.0011443028870852245,-0.0009631145960703469,0.0010498738590687395,0.0009342537168057774,-0.008482759329127454,0.0008640626733460444,-0.003869746590522305
2020-12-04,0.006292976879612944,0.014510455007790801,0.02411246681271484,0.017627265625100197,0.020839283554745958,-0.011644790898556856,-0.004515978700362022,0.0010641439006719988,0.008485017724638055,0.00722390358792846
2020-12-07,0.019695882990603986,0.015599344302437146,0.021664957603984902,0.016578172430137483,0.021182638503805862,-0.008726499756566919,-0.0007744752121383591,-0.003483251636100859,0.01786086072438997,0.006493716628013457
2020-12-08,-0.022617124394184174,-0.012758484894757616,-0.01842165330898582,-0.007466304904498067,-0.028626858598424287,0.0005844796776115491,-0.00029325981577432714,-0.0002989510009665519,-0.01645099226147151,-0.011506817995077023
2020-12-09,0.0015904572564613417,0.016452362635797302,0.0008497533867888318,0.007733613859035815,0.012296741253458032,0.004931003772183473,0.001957118252102541,-0.0001684421108244516,0.0002575853066584255,-0.00860739669919286
2020-12-10,0.013605687682702428,0.020514894622398527,0.01591229131131988,0.011174174799650993,0.012257814042685444,-0.015343613450266358,-0.003765298045863008,-0.0025315102896876773,0.011977798487181612,0.0019636553639019727
2020-12-11,0.006300453800987871,0.002635599294732005,0.005466466461117481,0.0006240766057099556,0.005161158069971528,-0.0032005518432494107,-0.007477696732470229,-0.0013102620077588556,0.000674765240099573,0.01344699243606673
2020-12-14,0.007404488689820354,0.02582750959823721,0.017786611679173392,0.007393574917229584,0.008641092060359234,0.0008528217855219289,-0.001434776785374292,0.004515569065260072,0.00711517156349295,0.004465936464514764
2020-12-15,0.006960530916092056,0.012413126553866283,0.014490044425693016,0.012914949619776461,0.004984680708127964,-0.00029825505553204845,0.0013314193432623078,0.012013593353437546,0.012568222318348088,0.014925106416437739
2020-12-16,0.0009575916886115365,-0.005317131135803677,0.0045263215325053174,0.0017375829464698622,0.0008307157135070131,-0.003454257761409174,-0.005956092910569422,0.004233772858122764,0.014238541561272688,0.005180069936226328
2020-12-17,0.01633317652723587,0.024082144485290113,0.027448541030880458,0.009317764168144116,0.01199728296111835,-0.003251640242719178,0.0018933034923585002,-0.00019631009989906634,0.009563655087701184,0.007422354881050808
2020-12-18,-0.0031231249951299,-0.0065429999395766325,0.0010612291307396937,-0.0007387296225828122,0.002595921335814211,0.005552398541459391,-0.0013143961919396263,0.005540097459000304,-0.00531792784466234,0.0033059460662487883
2020-12-21,0.002956253390467678,-0.00962716459149715,0.0017256582060924952,-0.013794267403882121,-0.012600879736813897,-0.004996295729427391,-0.002114720073220111,0.002698166814508074,-0.005082453144096832,-0.0021812972248538287
2020-12-22,-0.0029070129934907207,-0.00613625340119639,-0.006520742346134534,-0.0022355915821240524,-0.009106244917938655,0.011015666735762819,0.0049136588974645345,-0.0009114476815276218,-0.008957126619135947,-0.0033312028455906306
2020-12-23,-0.000712848627531959,-0.005804649520482763,-0.0026150046403315974,-0.0020268074883168508,0.002441394289260268,-0.007962801536382846,-0.0012576678436341249,-0.0007941683694911994,-0.010649081028271445,-0.014503209317185184
2020-12-24,0.010177854328091263,0.013607616612251405,0.010383050653507642,0.01981300493207061,0.01892318970432516,0.0019234407654962205,-0.0010582210463211394,-0.004099454372993083,0.015926456247762788,-0.0004856823896517426
2020-12-25,0.018005782539950443,0.02585376231057057,0.023991066807208083,0.020404820821391167,0.018720442038416163,-0.001057998464026988,0.0018697184842360048,-0.005671694175609088,0.010704316050702767,-0.001431808076388208
2020-12-28,0.02539688817763075,0.03159910706661617,0.01497091387479954,0.01056423211303259,0.013398987719229538,0.00017637431169270634,0.0031581648312193344,0.002372719004161139,0.01594853192361123,0.010143327053793394
2020-12-29,0.0193885105013063,0.020201637983430887,0.010423805850522383,0.010681677717405691,0.0053398377761000315,-0.01050333327949926,-0.0016722130864448292,0.0026418033230026783,-0.002168358920100033,0.011501859683625826
2020-12-30,-0.015818013528774877,-0.012866875763539731,-0.026940556331286225,-0.010007379132541905,-0.017519550249899596,-0.004000575228812142,0.00732689651706564,-0.0029496246660905,-0.014552361225853128,-0.00819336716411001
2020-12-31,-0.0006462021207851443,-0.00910225595515568,-0.0027445337792511015,-0.006461045085832895,0.0004170668130059063,0.0027269244482039934,0.004241487736790894,0.003792944684396282,-0.014423298696558118,0.00906990892795112
2021-01-01,0.004134224692300625,-0.013435161540694796,0.010011045393349516,0.000445732373021146,-0.004476113680122351,0.0018250786656608398,-0.0021423923558731017,-0.004857592171937819,0.0028743731068565648,0.00401254816443819
2021-01-04,0.004366239522793469,0.0018809297029549477,0.00582412194170856,-0.001996222799294567,0.006183116274859346,-0.0006159220931298837,-0.0010437137361707371,0.00016900196656832733,0.0011799344187781724,0.008194345062110475
2021-01-05,0.004046486174016595,-0.009575211626922986,0.011628777337415075,0.014369085594156727,0.009661646782710642,0.01419567335922367,0.006473069370460882,0.010171321481787121,0.0004985757151065862,-0.00045185826712346167
2021-01-06,0.006786130225312936,-0.0033831792443466124,0.015259137838791625,0.005194336070343031,0.017647605764760543,0.005954957208260447,0.0021398337119307165,0.0009000828394825078,0.0009652558535726552,0.00029224244707393154
2021-01-07,0.00979707713275113,0.005050094066807453,0.011673646187798647,0.007124637371310305,0.014015026922983287,0.006455030344436841,0.006010505148899226,-1.953369453788767e-05,-0.003620519379593956,0.001920704463726386
2021-01-08,0.0088554340686271,0.006863973684878344,0.008836611351646928,-0.009365317386473504,0.008596745866256139,-0.00533824724183396,-0.0051703224369189504,-0.0062820141802922835,0.004996557250187328,0.016865924613064465
2021-01-11,0.008851789164145085,-0.0011822047578641248,0.005735414744181266,0.004976553434688391,-0.010064530922431869,-0.004284878783716417,-0.003761463360446249,-0.0008263457969576171,0.0036994820118876337,-0.004085217159480292
2021-01-12,0.0022058875449262327,0.01190573465159983,-0.0035699949299153877,0.006538653479720491,0.004111413515548001,-0.00495879312753178,0.00047389401499731143,-0.0036469437809590888,-0.003145201805370146,-0.008558246464900998
2021-01-13,-0.013020191160079353,-0.012898521811825603,-0.015692271432995453,-0.015575049721391121,-0.010161176770173252,0.0018964437102808596,0.0032533269646672913,0.005974943267292199,-0.014944426770086894,0.0021951842082872375
2021-01-14,0.0051754144257716295,0.019932631578947202,0.019883972265454908,0.01146146564364714,0.01304617917650619,-0.010195738511137531,-0.006995158757658437,-0.006035417183127834,0.00867186554814836,0.00076068869494339
2021-01-15,0.0014018850880332945,0.02080868675979186,0.008477367902843369,0.009334160219818921,0.017392473419451715,0.00702734355423118,0.0047759036615262485,-0.006114485699344363,-0.0011750403538944854,-0.000387973061322211
2021-01-18,0.012575190875965703,0.028604408517541424,0.005226295339826548,0.012555444429993123,0.012675633432955857,-0.009544364948087303,-0.0024680601383103573,0.004594943648653205,0.011079337295448966,0.018276889443602506
2021-01-19,-0.0038730643432949297,0.004662908032535995,-0.006620085203862813,0.00502169238230854,-0.0005466116961854173,0.0001511807081076011,0.0038179941799949546,0.009742669007837268,-0.00455649418687154,0.010006767486284485
2021-01-20,0.0034986078690550926,-0.005361327775591285,0.000688558987004928,-0.0026674246956591707,0.006406253060052158,-0.0010065438571518204,-0.0016131665453261723,-0.00829930304716442,-0.0034489383215370317,-0.0017955849734183627
2021-01-21,-0.02008469398622237,-0.020869563262374213,-0.009914928468938156,-0.0018437995748986635,-0.01608233602525433,0.0027024082136268834,0.0028382096739549834,-0.0002765201475651846,-0.0030763330353726914,0.0029230742099324303
2021-01-22,-0.00039182319335906435,-0.007176742349094378,0.0030060897029571265,-0.001597074575524604,-0.001517758581159434,0.0054755997928723765,0.005937995236911631,-0.0032020816457646317,-0.0034756253326779785,0.00024287956250890197
2021-01-25,0.009117036541105294,0.013571442613358409,0.032884225955842394,0.025432221389582343,0.004183848715317184,-0.0005867581676869404,-0.00016691565283288856,-0.0017361174834005233,0.0025011693911607402,0.005464012560746356
2021-01-26,0.003759601017303771,-0.008867155812995575,-0.009583581667768737,0.00350584740320814,-0.009999254822830372,-0.00962962184634808,-0.006363571434518045,-0.005876296998977737,-0.015150913160369206,-0.011460917266776671
2021-01-27,0.0023557791442929688,0.004318993094445611,0.008867437323057947,0.009650219925474213,0.0005195131040538481,-0.006659290050010869,-0.012490706385275496,0.005750514654048189,0.018792430892534462,0.010861995396972413
2021-01-28,0.0004790662154050551,-0.0005031674332615088,0.0067533575156102366,-0.006757167687230559,0.003040966382680921,-0.006777808484854986,-0.003883697179686618,0.004420245459687111,0.007421163464603975,0.005456843910205844
2021-01-29,-0.009497869176147034,-0.025946236041255344,-0.004372269519435479,-0.003604062331479141,-0.01637643370084907,0.011696341398390375,0.00512179333149243,-0.001007569217296056,-0.007680949813292592,-0.011387390993193636
2021-02-01,0.011553937808363335,0.0005603902953585926,0.012770950899214206,0.00960067447298707,-0.006066514112961996,0.0013282176948357094,-0.0016899418354935358,0.004410362335784068,0.013413923178958509,0.001310277149470629
2021-02-02,0.02724770745365701,0.02518814332308872,0.034141100114651435,0.008956221621367444,0.025378396998697372,-0.013228732476098015,-0.003249341017736773,0.012268810424548304,0.02410448785855812,0.009935626632269656
2021-02-03,0.008673806581912524,0.010343272224779154,0.010818060201791546,0.0007969679233641447,0.005181552382531152,0.0017023733271537278,0.002237982776541969,0.013383884260580903,0.006867077954106016,0.013745618482118305
2021-02-04,0.00248792663736519,0.009961342855812294,0.024480744194697035,0.011126457300461912,0.010350549708763035,0.01139117084697916,0.002784858811638591,0.004310366292210155,-0.0017398082711845841,-0.003061694266272008
2021-02-05,-0.005606270145630421,-0.0077249086688142565,0.003763673098571063,-0.0034316314630715716,0.0063284282356816934,-0.005994005994006013,-0.0020885299434004745,0.007992973210364518,0.010532987880929934,0.005540461407300912
2021-02-08,-0.010177573412841534,-0.017468748724784766,-0.016987675054196627,-0.010679831742273493,-0.008006126427179017,0.00764050545019157,0.0020231823536667193,-0.0017230911073883304,-0.012089101116991685,-0.002224527394980025
2021-02-09,-0.003338044356945291,-0.01514779191802429,-0.0033741134533329387,0.001326051718138599,0.005535566612379306,0.005440227291600763,-0.0017715605655613809,-0.003185336610886269,-0.00700067295407325,-3.969731335018434e-05
2021-02-10,-0.021862378335430144,-0.02650226143103307,-0.03145054751247933,-0.02002334998061228,-0.017480162670419852,0.0020556262389113122,0.0012501569398231105,-0.005775938228039124,-0.015011511051395088,0.0028583200288407884
2021-02-11,0.002321268659347675,-0.005440177897788168,0.006655690138568149,-0.004807577962330667,0.004464266098380909,-0.0075028355395810875,-0.001438696747804613,-0.0021337227637817646,-0.00038190469732801713,0.006266315744425821
2021-02-12,0.005283218500128806,0.00390312128713477,0.00827601713188808,0.0022747245942920102,0.0031612576789545876,0.0009925972652553572,0.0025879331972706865,0.015705434832126164,0.006773168675840324,0.015906870224137837
2021-02-15,-0.009953869580795471,-0.006282660676063867,0.002957627459659662,-0.001998601845780268,-0.0045241732573030324,0.005051180381331788,-4.0561911740844e-05,-0.006111030129060557,-0.0021936538604442335,0.005588708715245749
2021-02-16,0.002748153760899319,0.008516356571190098,0.005102910790587556,-0.0037402218286036737,-9.34499608312711e-05,-0.005274756734612529,-0.0024511978061801942,-0.002705526974886685,0.002347424833252232,0.0009252340144749738
2021-02-17,0.022318306904563157,0.020958375473361324,0.0011609331041404491,0.007258897027002664,0.00485620138596321,-0.008120725440290077,-0.005255387431218783,0.0002446317126130193,0.010892339698343134,0.001307023718789102
2021-02-18,0.01541730847993339,0.011116856560983157,0.03234134384160514,0.0008398122976225331,0.009565918735104262,-0.011237890185359367,-0.002618441934960858,-0.0038417577508433887,0.014333313733560615,0.0011028220614257567
2021-02-19,0.0029157765648704093,-0.01290628469313937,-0.0014933875759165494,-0.0037024541734791416,-0.01161000572187354,0.008956746117655623,0.0025973920688338037,0.0020024381209722275,-0.007305955484104065,-0.010383321957666003
2021-02-22,-0.015615732728853304,-0.005431113838600843,-0.019144111475346448,-0.00411453404068729,-0.0075818809647602015,-0.004290068782957901,0.001376416116107615,0.001293814053355824,0.003044329644062538,0.005114062781697903
2021-02-23,-0.013844067162434137,-0.010375703955440407,-0.0046960275189184,-0.006216372031992989,-0.013908965104317272,-0.004357386320871348,-0.0038333254827545016,-0.010006145985907433,-0.009875685515014276,-0.0068994644989388565
2021-02-24,0.012029739569529685,0.012484502286587151,0.0322893511506146,0.010357802018482909,0.018049625494640287,-0.011278171805830461,-0.0015626477647833203,0.014422949842940014,0.024576797715481824,0.02308518648029656
2021-02-25,-0.00036663661900393496,0.0006963474916092949,-0.0031712752508594733,7.597810962156615e-06,-0.012927553222825239,0.0077668683400673455,0.0017820415674389967,-0.016735541264193854,-0.013179176155628802,-0.022641265422880252
2021-02-26,-0.0014270980409459844,0.005834360954042328,-0.0009144617309798653,-0.0006219303720185199,0.005806841439610855,0.008009581149846401,0.0023074453720750565,0.003189352875789364,0.002790447925531181,0.008697533353496656
2021-03-01,0.010846256557117906,0.028281352215021593,0.016574936069594814,0.01795923332232796,0.023731556233518303,0.0016455473897936113,0.0009999119574377602,-0.0016013867738160492,0.00432915495939068,0.010186297638952624
2021-03-02,-0.004175841588486384,-0.0016854298990458538,-0.010083411063082415,-0.0023151902083459186,0.009042445703256297,0.002021239338622305,0.0034252937729031263,-0.0010097124035874927,-0.007411278308369185,0.012085046738604
2021-03-03,0.0056885287053281,0.01862719028800397,0.006458577341762917,-0.007223687277969182,0.023863128569259873,0.0023796175114136897,0.0032660198429823595,0.006729391283931463,0.012788554486126147,-0.013900995503128288
2021-03-04,0.006151470760736633,0.0005434660305603245,0.020743309178916203,0.011695856039070973,0.008186633811542388,0.008343401138311446,-0.0027084397586119024,0.005811973347686683,0.00525090921623117,0.021720115865402123
2021-03-05,0.005762755060542135,-0.0003317503033548608,0.00013746142149106966,-0.0007761751494057556,-2.623637175824811e-05,0.005089334963828351,0.003883283376883373,0.010355716639768309,0.016205648025933606,0.014598776225543286
2021-03-08,-0.0120997036064584,-0.008619370747687038,-0.010948035076575713,-0.004855662062116628,2.5546611172932998e-05,0.00504686785299846,0.001082383112864349,0.01291814473527686,-0.001639984893396229,-0.010665024974049864
2021-03-09,-0.0015840271126501548,-0.0019063483670083148,-0.006889312497644684,-0.0009518863732487226,-0.004759833467967267,0.0016368264977029146,0.0008388183424574702,0.012106848620529354,-0.007364833343189381,-0.005471556765639263
2021-03-10,0.00807618672799637,0.012333074878408734,0.008992542711613316,-0.006718854161531063,-0.011308547627570609,0.004240326795417193,0.0020428505341765213,0.0016570890378238001,0.003627467760833003,0.005820581511427614
2021-03-11,0.012480835471762708,0.018314664534373026,0.0016774895166697945,0.011691054050758654,0.01857175434595737,0.003924701366300187,0.003639211595807046,0.00019827642595493522,0.007691343728535083,0.003901551259196445
2021-03-12,-0.0006747909353085335,-0.0038059337716792596,0.0035425627692220463,0.0047258354201951125,0.0002872607107944347,-0.008161597200154858,-0.004781957412210769,0.004681393436648085,0.00890614743905016,0.0008943907063581058
2021-03-15,0.03204339799087341,0.025590867173480136,0.04986118277575202,0.026012613012357022,0.016586780160599446,-0.0030820736886673084,-0.0006748752812719694,0.00430902671596578,0.018946980151268056,0.010975547450008616
2021-03-16,-0.00285339298023779,0.013621442843156473,0.015725121811971166,-0.003023129735926111,-0.003946089306944622,-0.005557090434947787,-0.00380229150486866,-0.015549236209850936,0.0034389765838529485,-0.005575841652835312
2021-03-17,0.00044134131306194924,0.004359836681838258,0.0038007972903240095,0.005078733865628404,-0.002305620545187459,-0.01159368220929835,-0.00549462801992695,-0.003518192759929706,0.0036537966491303475,-0.005978787262791552
2021-03-18,-0.006783767886608505,0.0007856900500466946,0.0067339773136030345,-0.00724713996613402,-0.002261184923616044,-0.005269710744998046,-0.002014467211092996,0.004762543831576593,-0.0005211028595631939,-0.0029452216835681444
2021-03-19,-0.0015486630007114366,0.007151476753462616,0.017511438742874086,0.0028101894849823505,0.006944458678626253,0.0034289040896522405,-0.006358470336275457,-0.006879120502765512,0.013140084395810936,0.006961522606850901
2021-03-22,-0.00781043937658199,-0.00727847668499515,-0.009207466912331985,-0.0062030506024146614,0.0036165580002944786,-0.0039045276275789798,-0.0034623295291124068,-0.00125596427847241,-0.014858655478973137,-0.00032050834020613816
2021-03-23,-0.0170968317892356,-0.02023117712134903,-0.006505050794926026,-0.007816560254304328,-0.019515153399990548,-0.000690865477022018,7.079414695776443e-05,-0.004222197821776685,-0.008130751096352196,-0.010127715081606148
2021-03-24,-0.00044807569653582124,0.0018051049102316696,0.012242439735610011,-0.0016597737322399109,-0.0007902129437706851,0.00456232646369048,0.003219544335780089,0.005982882866013783,-0.005280255131705269,-0.0014913129507109213
2021-03-25,0.019230122030840846,0.008677824692394864,0.007687665064356475,0.020602557646072217,0.00999519700558138,0.001627230356638254,0.0027709138180667114,0.025343760469993315,0.0036648724635393037,0.013335758567899036
2021-03-26,0.010361496704661244,-0.0006561012600783123,0.0056785760303348365,0.002490944132861328,0.009948892441820734,0.006120940371070693,0.004248631790807922,-0.005359915069684917,-0.005896873285792581,-0.006350270046031614
2021-03-29,-0.006440733357299222,-0.012695808262664254,-0.005525429718490904,-0.005874648087469958,-0.01107607460993243,0.0013361381753762558,0.0008264581596573173,-0.002869474402868777,-0.010522830735273825,-0.015443224972501612
2021-03-30,0.009008641559480335,-0.015657814805172254,0.004948063035066674,0.0034544657904305165,-0.0006197969720249663,0.0029199249718157017,-0.004129776035271315,-0.008921986007918048,-8.179137993213903e-05,-0.007987474465768862
2021-03-31,-0.009268543933654394,-0.016197821041518456,-0.013053088618151798,-0.005467859679257447,-0.0031960560298944785,0.001754262951580543,0.000174402412611796,-0.000318066375322279,-0.0053875183580895936,0.004763666255651611
2021-04-01,0.009675079989523327,0.008166164076047311,0.015172720933701589,0.011956967372632965,0.021759463368205,-0.00034205010835985927,0.0006353088434540854,0.005871389140153616,0.012821207748611396,0.0038349989159736086
2021-04-02,-0.006964848567011406,0.0011300025111167233,0.005165945815218231,-0.006995051155157861,0.013905019221980064,0.0012990901964928803,0.001990271086629525,0.0027848919272825956,-0.0011238826917452371,0.0016137149470345502
2021-04-05,0.02267932974094089,0.018705570939440586,0.02397498845944024,0.017820493619306932,0.001053978969473679,-0.008873368898349554,-0.004945122354029219,0.011196138298933178,0.024369875984388445,0.0012561408505142868
2021-04-06,0.006167594265998444,0.02595468416516944,0.01645266656557487,0.00941538936156383,0.013165501116107592,0.005503653275612308,0.0047773052259059146,-1.5429262199440075e-05,0.0032139784616549427,-0.010597264337340873
2021-04-07,-0.004907657706502366,-0.012275775943726863,-0.014934430030138945,-0.006511602656516735,-0.00973960828500664,-0.0069444046042426155,-0.0011016735459460358,-0.004332335335366921,-0.020080541497748294,0.0018563142920799969
2021-04-08,-0.013476404753663296,-0.0181038820296473,-0.023954195463342542,-0.015254870174224222,-0.014787422144106888,0.011857291220884969,0.004436302897928623,0.00892741038395961,-0.015064244572441154,-0.005646758852652423
2021-04-09,-0.00892636689460169,-0.0021230864574676156,-0.00828926023594323,-0.013430832752735045,-0.0036959029539087584,-0.00020026851792076528,0.003279268705159266,0.0023439957313902138,-0.003117231950183985,-0.0043070441144793525
2021-04-12,-0.027168461507193986,-0.030094782049565838,-0.031486912109109366,-0.0364621525231652,-0.018703390292069022,0.005956546204744617,-0.0007010415154998784,-0.0023251893963369685,-0.041613024378668095,-0.011559975654492516
2021-04-13,0.00771906745793749,-0.00016064675024074493,-0.008104902381697365,-0.007768161563923459,0.004133887807394876,-0.00954827564674443,-0.0013624045166235055,-0.0036000889504448352,0.0049170371829003745,0.0018263233513871047
2021-04-14,0.014336807301753796,0.010519526807990509,0.014270496782315512,0.008244068889779799,0.012315123028399766,-0.0039286988119554556,-0.0016743433504585736,-0.0028256009093395873,0.004654343682247486,-0.0020644570530213846
2021-04-15,-0.001334432174056488,0.006134934977975126,0.003733696721406332,0.008003769022053353,0.0023370707140839553,-0.003289115510762275,-0.006914776323031391,-0.004728280156144127,-0.003700045285001008,0.015010060825836113
2021-04-16,0.010261921958162556,0.0008769577134997153,0.024135515736042112,0.014199557054433543,0.030793275891288774,-0.0024233526464368937,-0.001085869435708986,-0.002597883201278295,0.005415615541692453,0.011930573371323527
2021-04-19,-0.002803426846242685,0.009807093797847166,-0.008770763278049043,-0.009141817074872272,-0.007137563155037774,-5.831599434114043e-05,-0.001316116439934456,-0.0008327837863090215,0.0028763691430366833,0.0024179468561591477
2021-04-20,0.015588670886905298,0.03136750979167968,0.012484968773381011,0.009110953945999922,0.003083199062160702,-0.012115297889683796,-0.00462129996285765,-0.0024645195914738682,0.019611631262116624,-0.00018820800545293892
2021-04-21,0.012560589714073256,0.010342110657487913,0.014831153133724406,0.011662987957512971,0.0022240594095728206,-0.005972861200601809,-0.004866825864170643,-0.002593561473452688,0.001763751558954585,-0.012346734230796685
2021-04-22,-0.016234672458027233,-0.03357239394173139,-0.0220038190615941,-0.02370490806328418,-0.01842428473288482,0.0036476842917003705,0.0049563963180534465,-0.004196040425284209,-0.023429486636591612,-0.0041982782423071185
2021-04-23,-0.008883516716998385,0.006776940470515136,-0.0023947002951344443,0.011229425118079117,0.009180286822366268,-0.0003460068505742875,0.0011543639045858978,-0.0014130089841654092,0.001503208772572151,0.0004459108116301458
2021-04-26,-0.00418811485159909,-0.012575344548584333,-0.0025682676266574056,0.0049130895416391596,-0.009350820399054549,0.01189030768667676,0.001741352026387144,0.006486710838306875,-0.0028306425231396926,-0.011312399688932273
2021-04-27,0.0069531042847506,0.013261239937482738,0.01379091003962074,0.018013302228096828,0.010663346901474746,0.008508169906183749,0.002203268014729476,-0.003252053543540745,0.00765439531917278,0.004571922267907702
2021-04-28,-0.002273453132841996,-0.01117940011810059,-0.011787526216094135,-0.0007945638589318404,-0.013832283236232423,0.005303684417936383,0.0038845460990855063,0.0007332289244472712,-0.006351434554753177,-0.005831799288647521
2021-04-29,0.011163213657167548,0.027114580508897923,0.02110328641824477,0.0069693518326776616,0.01767722671171912,-0.00040345171440547833,-0.0029826477642528326,0.0035427076028020643,0.008209517605314742,0.001876787634985888
2021-04-30,0.01427288526517767,0.0012365748266711662,0.006286680689501667,0.008748307251902343,0.007812012611120522,-0.011164613049968852,-0.0060025669139162074,0.008089619386806746,0.008336702615231673,0.003745498450264728
2021-05-03,0.011071887647921441,0.008922871971357882,0.018547048982029635,0.008405374302143054,0.001225011875447768,-0.005592753438489528,-0.0016088963788923882,-0.00765448732602747,0.009251719767683131,-0.011575737504139871
2021-05-04,-0.0034498747561905185,-0.013942539133378729,-0.008899505462660606,-0.0022137200099060506,0.017009434717443206,-0.0062493194354013015,0.000976453139809097,0.009703921661898596,0.01011835269874406,0.01778769612352149
2021-05-05,0.0012276935292587776,0.0013508772118067114,0.003976657885819801,-0.0039064122500874765,0.010069783291045242,-0.0067467602068309596,0.00019100711228636769,0.008160312279166915,0.012431750896350735,0.009050017340172634
2021-05-06,-0.002400601097381605,-0.003285307410907823,-0.0018004740023394028,-0.0009458534496697979,-0.006617964294923229,-0.00831799227764174,-0.0009844081569924112,0.004643602196298335,0.010763728805464945,0.006916950427154234
2021-05-07,-0.01492435289828653,-0.0013825281128384548,-0.021536953455667418,-0.00969857753517489,-0.006950321591086661,0.0007755085784342253,-0.0010440912355503817,-0.005972366839409826,0.006431259665516276,0.005236135550598986
2021-05-10,-0.005439517652410575,-0.008928898238119709,-0.001359925259845296,0.0026007882547169903,0.014854661300235827,-0.00687490365116894,-0.003940620512185022,0.0024258945695123657,0.0035074572965947404,0.0005149059181746019
2021-05-11,0.00504547386754628,0.002700412774277572,-0.018134937328251666,-0.006763989369555579,0.00995306340837998,-0.004792638360084034,-0.0039040647557866404,0.00862646141699086,-0.005066912575065863,0.0007435953544538965
2021-05-12,-0.011131737342935821,-0.01051906322921159,-0.005352324029824884,-0.0014637948209742513,0.004482610616280525,0.0013866306772136738,0.002349782885020968,-0.006883269377748746,0.007752106216424304,0.010710344897401303
2021-05-13,0.005908682578291691,0.005796079599201365,0.014403958016791396,0.009984523884597918,-0.008073113388505582,-0.007678765629412387,-0.0034401321259961426,-0.0006897024626238979,-0.004088953812857565,-0.00843741549063004
2021-05-14,-0.006462018838077288,-0.0093036672581015,-0.010998150074257418,0.0010348480738622268,0.002689042654278717,0.00866551933731241,-0.002607509185125756,-0.010508566940317654,0.008952085261043852,-0.0108738911459354
2021-05-17,-0.007428923762149542,-0.00781762465073399,-0.016793182188760247,-0.006096326457156964,-0.012650892198041608,-0.010849548858987257,-0.003037448653751218,0.0018851575486757977,-0.010255883626751894,-1.8381958720281588e-05
2021-05-18,-0.012441009067664877,-0.007424075977178535,-0.0038765865181982218,-0.004525701540322946,0.0018656360885291878,0.0033280052882092015,-0.0019713415756122954,0.002494477809429352,0.0009789238153670166,-0.0011284687649036895
2021-05-19,-0.010321837494094543,8.479265963345917e-05,-0.00577898525700804,-0.007744895902770166,-0.007515855640283786,-0.011460726122052622,-0.0047583532910553394,0.006448589923977677,0.007583972166263164,0.011978349817707512
2021-05-20,0.012385856229132353,0.026022445837702746,0.01936233503369511,0.020285154529007476,0.019723447546706963,0.006492452065568477,0.004667533645060784,-0.008198244460740134,0.012294931650592922,-0.018477208849339233
2021-05-21,-0.000871515098535447,-0.004704764348607227,0.00021448590454586913,0.0002460220480673403,-0.011971414949953574,-0.002970424356357415,0.0002246945312593951,0.004985528268563133,-0.018576302819982016,-0.004194436581662853
2021-05-24,-0.0052694442492797755,-0.006418106598468976,-0.009110468827322027,-0.010776381160775061,-0.003647177432138715,-0.005537359824733135,0.001696641594537418,0.004847200264076923,-0.005430485997432011,-0.004201767533205891
2021-05-25,-0.013081476703617145,-0.011126943916684229,-0.015755337728634577,0.0014505777034032885,-0.004464291396358955,0.0016828148663110554,-0.00331725109288028,0.005804009607737193,-0.0023303586706272528,0.01867996699138974
2021-05-26,0.00938076423453671,0.009413109417112153,0.004943894918517433,-0.004161021969248169,-0.00973507728164491,-0.0012397443292172516,0.001355163167026996,0.008804534960291432,0.004360345088872064,0.008161967676162396
2021-05-27,0.003068875793472925,-0.0022724018284958625,-0.0017313267699997636,0.0076057585275117745,0.02134510436288095,-0.011872569762661822,-0.00418600793835755,-0.007814092367906644,0.004560970453079349,-0.004242003414221429
2021-05-28,0.00015470812844520232,0.0013027345280955949,0.010153817284066502,-0.0005831694024976963,-0.008512937845251312,-0.006143583421437282,-0.005892955345486395,-0.0004260491046361725,0.0021909824343648854,0.010139119807875296
2021-05-31,0.020391644386363872,0.0233139684244299,0.016317046764020127,0.012635861190442021,0.006942005251445282,0.003115022530988165,0.002120111574966721,-0.004553069026244749,0.0003948787811887122,-0.005588921836486294
2021-06-01,-0.008170338222206586,-0.006825684831141099,-0.008962881831046876,-0.01244876841293685,-0.008341346960403229,0.005882409241871889,0.004879484030057668,0.002964069371836464,-0.0007105012442742975,0.006072021511265291
2021-06-02,-0.009029520854332618,0.0015003628860341678,0.0027031680812910075,-0.007902827985852401,0.00609285474887078,-0.003713285808349842,0.0014895489896629144,-0.002212014508485405,-0.004266038491301805,-0.00732501029498922
2021-06-03,-0.01253553374409333,-0.01071320247844365,-0.011356181736270732,-0.005648424653846185,-0.011751500188138198,0.008544453554665488,0.003854537388223722,-0.014986421209182366,-0.005913473415064763,-0.0021763831567571668
2021-06-04,-0.009055117050011163,-0.01026859526755497,-0.015535470817211072,-0.01082473099580239,-0.018019851693378053,-0.0004895833333332655,-0.0011284370291918533,-0.00018048280497218183,-0.000219480629020663,-0.001980356646717807
2021-06-07,0.01785993322906898,0.005271647497709919,0.009907188396039546,0.0011295854537185512,0.0030594016937537383,0.006542028625757146,-0.0001777178802699897,0.003943722308064279,-0.0010849440428316592,0.01007891424083529
2021-06-08,-0.0014243892280397796,0.0005348552864281597,0.007057789811636184,-0.00450483133696955,-0.006473658513372671,-0.005138894641129155,-0.00031245023940629224,-0.006572322043779999,0.0024937225574730437,0.0025297916920232755
2021-06-09,-0.007399475419303636,-0.014574164900351239,-0.012902434368165405,-0.01250138640216747,-0.004493049158471818,-0.000787659713973099,-0.001554404864819614,-0.009120029283506415,-0.004608161346340345,-0.005708019119706864
2021-06-10,0.017679675578559317,0.029458875111201932,0.009636936417545039,0.010139486126264696,0.01404812810258349,0.0005747583553010749,0.0018986120746904422,-0.003692765709760071,0.008837630048124101,0.0012452332491406093
2021-06-11,0.009543181872321727,0.011124543931648079,0.01730546105288,0.008562603048269946,0.009486552376545054,-0.011546290679594895,-0.005878987560671511,0.016780284243471222,0.015053200846161907,0.005478662343670226
2021-06-14,0.024149580050050634,0.01991432048855546,0.01823822237114081,0.014102947738666938,0.022639784444322908,-0.010366662773264146,-0.00651067069266964,0.011996199969858123,0.015454728044776989,0.01117326835390009
2021-06-15,-0.006443511752304953,-0.001221722692079541,-0.0007221150729392889,0.0034000892471659494,0.0036295321145911608,-0.006548002561736155,-0.0035759110137122407,0.005718240529101859,0.000696649431302987,0.0022323641251551507
2021-06-16,0.01593884184448413,0.03097307869644217,0.02001148338286951,0.014798672226228993,0.014325736266438627,-0.001203129207117959,0.002314575286488152,-0.0006286626540670248,0.010578900969732574,0.00340142109969066
2021-06-17,-0.013869075018799526,-0.012246560823870767,-0.01799432128607137,-0.014549310969279583,-0.019645495469587715,0.013813409771173957,0.006877949594864097,0.003290152561477022,-0.00012289009817367802,-0.0020345258243822384
2021-06-18,0.011695462751976526,0.0008724569276077343,0.016371170723106232,0.004619397548840443,0.006121013503070705,-0.003142797243416817,-0.0020953827941855296,0.0009606014934484541,-0.00043968903252833424,0.0025117959588036864
2021-06-21,-0.0006393414909749984,-0.01974123836662267,-0.00013477610578627175,0.008378772270556833,0.0005793473940025606,0.0016188004669246414,-0.0034873391886880434,0.0066538665472284375,0.006223297490418611,0.0051124865266423125
2021-06-22,-0.008464293527200129,-0.007973760763997473,-0.012015354104554565,-0.014396893896878149,-0.006103437601436723,0.00538166218475733,-0.0003416589063072184,0.002750083915836754,0.0036788719158791228,-0.006346094466037067
2021-06-23,-0.008287700313883373,-0.010220435560700736,-0.005963196519614744,0.0070643625849200475,-0.006996485679807263,-0.007943780413676271,0.0004425737161846133,0.008587163625923377,-0.00516498101715146,0.010768673774096627
2021-06-24,0.018789902836270356,0.01630393960009524,0.007331370042738206,0.013146093934387704,0.013284570964167797,-0.006823952832498037,0.001798566208137009,0.004699549712747775,0.008476314582880784,-0.009194834652063166
2021-06-25,-0.0017964718055494266,0.002658597257358064,-0.0075833589535762025,-0.0010999462180992792,-0.00916218228118415,-0.003333569929128255,0.0005159606316891274,0.005616429182250027,-0.005477183245921169,0.004933134747078238
2021-06-28,0.025151353276353428,0.03233982776522315,0.01884310927144628,0.023451814222776424,0.015625256911147023,-0.010978017137725726,-0.004770291505346469,0.004593811993089503,0.005393918457908153,0.011606729766395096
2021-06-29,0.00047517726096901747,0.012100842050502658,0.011628324821881586,-0.0023420688671282885,0.00701372483334306,0.00385284803493402,-0.0023723845048059244,-0.008551541266158424,-0.005531647571143439,-0.0009340858990819489
2021-06-30,-0.007724473522999653,-0.001909881798977553,-0.00476877813124843,-0.006290963257199578,-0.0169645164840736,0.0029104801358748045,9.700462891015782e-05,-0.008259484230666247,-0.011215936427556583,-0.00879385409786615
2021-07-01,0.004827730142007436,0.027031857604615794,0.011215471585184211,0.0065006770497617605,0.01780765393861694,0.0004742013405985013,-0.002079276170817046,-0.014613208935437272,0.005279567621317538,-0.0020283876421975933
2021-07-02,-0.01390491920719572,0.004914053228694204,0.0019317756045111878,0.0006761519902300783,-0.015520355866915803,-0.006621962057391295,-0.0020604888175899116,-0.006331433157789168,-0.005277779459027632,-0.008099646933438898
2021-07-05,-0.008402577025724889,-0.008617712294818225,-0.027477775926053827,-0.015596551474374665,-0.024236371317605032,0.000311518648482334,0.002697830246620292,0.005401178884422819,-0.009979633932320153,0.004612221497340974
2021-07-06,0.004748216080082468,0.005228600781822967,0.014345801098121669,0.003335241681550416,-0.006680991501598621,0.0033743913850525775,0.0017574062626282139,0.006938769328229455,-0.0030457556968537247,0.00036897609625263783
2021-07-07,-0.0030610578499422614,-0.013146849851409459,0.004093024277951995,-0.0008589157971190531,-0.004522595165233789,0.004606995895888977,0.0019614340733153934,-0.010346568517813681,-0.003168667706450079,-0.015273910422041515
2021-07-08,-0.011199928889340405,0.00954455918342978,0.00971413641785479,0.0012377009127415572,0.00034156516217520583,0.004280339767856578,-0.0007121941640479967,0.00241527537773778,0.0019471770791459342,0.0002467108548782626
2021-07-09,0.0035380160141778028,0.010098800324013002,0.01612478231035852,0.0029423076729961917,0.01765321446154866,-0.008568488523102658,-0.004961645269160209,0.004325154587524915,0.01640156635355461,0.019858820333946037
2021-07-12,0.01395372645372639,0.01904349370062297,0.012981099977068089,0.011702663437286764,0.017176345776533708,-0.004358339245428611,0.0001393769049162774,0.004966849381785821,0.006201960614210078,-0.001317920388208882
2021-07-13,0.009802560504023505,-0.001844827685243855,0.010190993941077142,-0.004145739211329658,0.0072424612933261745,0.0010602058870521347,-0.002197596626698717,-0.0022565947430158717,0.008244176612645315,0.0010961214165261524
2021-07-14,-0.00828260078914056,-0.000429688811306117,-0.010531815306603076,-0.015924535352190294,-0.010858872705791667,-0.0050037979210445505,-0.0004573417554916137,-0.0016424316891778812,-0.008287077853723068,-0.002848949835369985
2021-07-15,0.003383811141749682,-0.016053089380108965,-0.0026532428816719023,-0.002456014913827409,-0.0039074102686188494,-0.004512104559631691,-0.0031753850817528573,0.003140769416380751,0.001612458179560683,0.027701688030179694
2021-07-16,0.002896369991798098,4.2908535580421514e-05,0.001758571385191754,0.004957531459115705,0.0058309259396434054,-0.003905437973011572,0.0002931762630813406,-0.012843373462475216,0.0005621604869188168,-0.015961788041369496
2021-07-19,-0.003941263032656073,-0.004674879398058107,0.0050839192635401265,-0.0033384138202676716,0.006109953994381634,-0.006045134809801289,-0.0049678099406550436,-0.0014851894891225736,-0.0033702074351060762,-0.002885384860421558
2021-07-20,0.01970256296773165,0.01638700208780941,0.005848896406806858,0.006204939896277795,0.002684515892509287,-0.006318486054776362,0.00013080663294662287,0.0026531795050670492,0.0023654826016163977,0.002824580866289228
2021-07-21,0.0024303389157556143,0.012561053312422299,-0.001449647560954892,0.005084820675190338,0.014775534295823789,-0.010468364399574104,0.0012921432250307952,-0.0020099166469907948,0.010994207047661408,0.0013150725378083816
2021-07-22,0.02581279236969669,0.017290783706699342,0.024114489974163433,0.017210121390321964,0.005324649931935488,-0.010245017080137031,-0.005964696168521688,0.001440060862949677,0.012221520815177023,0.001260966773525496
2021-07-23,-0.0017027318053512985,-0.000172186781482786,0.0009267734262063954,0.00019650341817700756,-0.0007657220722445679,0.0024020868322907063,-0.0028808285583292736,-0.0023644447856149275,-0.007152974683064972,0.0008389399906032491
2021-07-26,-0.03162393367718319,-0.03198733086052985,-0.040473452212199,-0.034295879936424134,-0.029183391418564963,0.015331573072122628,0.00822737292085196,0.012499635173034207,-0.019145902525943503,0.002804124589472101
2021-07-27,0.007178066151827256,0.0162988144998244,0.004726632470146486,-0.0006194809990223149,-0.0018636602640645927,-0.003686777097558158,-0.003204273509573863,-0.006123526606254814,0.004906265016092037,-0.00527886581121173
2021-07-28,-0.008869534589583838,-0.008934415623953473,-0.0016625900074178634,-0.00628007719303969,-0.006851443622605258,0.00482836058681424,0.006291797356937856,0.012592769835886752,-0.0068207872758905275,0.018017580920460796
2021-07-29,0.0007865396109052458,-0.0016492066432886032,0.009544881320853849,-0.005430696649192601,-0.0038389058736658654,-0.005121248470210671,-0.0018333632156476432,0.0035497488876519157,-0.004990310329241021,-0.004471379264657793
2021-07-30,0.0034900872087246793,-0.012140442982898847,-0.0012517924881965126,-0.010426364572605595,-0.0003422105910347861,0.0009867526672362459,-0.00037068130079598305,-0.0042040246027226225,-0.01094184452711966,-0.011417754824180948
2021-08-02,-0.00932402086026951,-0.007420897457486086,-0.01798343987999229,-0.014867683239044305,-0.013908980418981032,0.012785637114971049,0.007926370075212352,-0.0037156292891123988,-0.011221273697714529,-0.009362702796413824
2021-08-03,0.003634324508960285,0.0023378393618012083,0.009266306581302786,-0.0026907108674294467,0.0032487614744558524,-0.007864026373467392,0.00018253266436207838,-0.009357716225555368,0.0010803124185205792,-0.007112591094938225
2021-08-04,-0.027060423663746946,-0.010937954015589169,-0.01010882144966363,-0.007407501565077079,0.002768902813383489,-0.0007411029677528713,0.0012964073158601153,-0.0026301529712808858,-0.0047983800356100614,-0.004745169901502533
2021-08-05,-0.015035882245355014,-0.03181466127371402,-0.01331687062235476,-0.0170428472333386,-0.014768766441036196,0.003117068648459842,0.0006917497159812935,0.0071489263706245865,-0.015564973896111556,-0.0011189821319034232
2021-08-06,-0.0011712658111144858,-0.008803763028894962,0.011043353177158544,-0.005163503713032536,-0.008004114123808082,0.006009222659400404,0.002057771425524546,-0.004757089475990961,-0.005250698868291548,0.0016778772772430006
2021-08-09,-0.001058235450887679,0.0030788450259695566,0.0048019513542616465,-0.0034889405930652595,-0.009650290595610733,0.005132975439026355,-0.001945712181514403,-0.008372620566858502,-0.0016883263769299495,0.0026619124040965225
2021-08-10,-0.011673744226572191,-0.016038538528252433,-0.023391890909018054,-0.010760825164517152,-0.0017646209789689005,0.007773766173703844,0.005186571248475991,-0.00022969114197757268,-0.020598427959408028,0.0005384641936103662
2021-08-11,0.002713909675924331,-0.010500779073216115,-0.007530833577596985,0.00702091550878392,0.01106087077038298,-0.004512808923725409,-0.005155585178161948,-0.005822176880170948,0.0021026982450773612,-0.00474007457559622
2021-08-12,-0.00846769851421314,-0.010567888100492584,-0.015317773229489129,-0.022047110789617408,-0.005228728879797195,0.014915074679918261,0.005499827555376813,-0.0028246487274345977,-0.02030236173560107,-0.0074950580946232526
2021-08-13,-0.01041277611339353,-0.021372189273371256,-0.005661006592272755,-0.00506076970462721,-0.00909336633427238,0.004699151307766991,0.005894861902666193,-0.0030442422711711714,-0.015792459338217935,-0.0013660438810414455
2021-08-16,0.007237958595878835,0.008421222439734644,0.0037364278512237448,0.00016947505666120577,0.00712496807570373,0.0031568473708725175,0.0036646217989952934,-0.001292969855408388,-0.001089033299510267,0.014530448293606613
2021-08-17,0.009782348720402068,0.008941059480960245,0.022724598046413025,0.007107709130672379,0.014050211665957546,0.0011145114254453858,0.0026687153774616057,-0.010224919902770191,0.004115389410749293,-0.0037691919037718957
2021-08-18,0.0004868792618382134,-0.005586849531090343,0.00028014312642454797,0.004255615078831099,-0.0069274418872598,0.000590179299777116,-0.0020270342305961364,0.0020182604517058333,0.0005679023515972048,-0.005159612856027174
2021-08-19,0.018138606256379086,0.02645904503962937,0.01520771691145506,0.008832576436187178,0.014370790116587928,-0.007536138092406164,-0.0053293921037304015,-0.0004305929121549701,0.007049536267882406,0.0045632923279648185
2021-08-20,0.005557399984239764,0.0026217822031575633,-0.008481801392971389,0.003935874583439469,-0.009573905324136267,-0.004395642053061977,-0.004043909573325566,-0.0033788542927781773,-0.011860580858956027,-0.003737326673808994
2021-08-23,-0.0032874917298837403,-0.0013964418995378036,-0.0015183559850914241,-0.014608755107329618,-0.010069985315288354,0.0022913607831143157,0.00273720574334968,0.00031342439711901093,-0.00831969435805624,-0.012886441830792128
2021-08-24,0.001332738713610837,0.00250956286014703,0.0022605582993080464,0.0032914101023124864,0.01423887128344048,-1.422694229658017e-05,2.431417656767465e-05,0.010054425920199339,-0.009057259309012244,0.013578747986927375
2021-08-25,-0.0023813201524045535,-0.00794587727232332,-0.018823367867652596,-0.007613117540957504,0.0003881924153477101,0.0005690857882107991,0.0006026963766212479,-0.007726120125218339,0.0006069751976358617,-0.001163129970842447
2021-08-26,-0.006852637962401431,-0.011132589755319167,-0.009469269214621434,-0.0070252030564691426,-0.0076615387228460285,-0.003655767517505404,-0.005058385213907779,-0.0038018721938887223,-0.011001511110149798,0.0022226549847286226
2021-08-27,0.011105351433445154,0.0033916587790880914,-0.004315475982312966,-0.002265101810723147,-0.01499438788441354,-0.00018897070511170178,0.0008618317046984458,0.014618751546858544,0.016059558046529476,0.005201791232399167
2021-08-30,0.020504531221290367,0.02977906574063649,0.014760798219684679,0.016528194253933703,0.011548810432425505,-0.006731877163545064,0.0005926736526762344,0.01246206260815197,0.0068545286264134475,0.0026510496697036423
2021-08-31,0.00689225345462563,0.009041684590143095,0.011526525684610212,0.017022872392075117,0.010119996987191682,-0.003026263627353809,0.00022276582293923042,0.0009424179943269273,0.009746342449354017,-0.0010229917393417276
2021-09-01,0.007477813527339672,-0.00045800090782321945,-0.01062459623112555,-0.008846352649132028,-0.00569118719564643,-0.0016233467684415581,0.0017531282249891866,-0.010543015850429827,-0.009103734455806478,-0.004743074441750927
2021-09-02,-0.03480542498935679,-0.036850169169779456,-0.031619131677442125,-0.020187961849590486,-0.023242382021821384,0.008526222140795792,0.0063112626363328594,-0.0037403953287392655,-0.023353993594088962,-0.018229684527325096
2021-09-03,0.0191734703981421,0.006067833579522786,0.01340576216343603,0.01935183500597204,0.018465513037926318,0.0018393160469218905,-0.0015348965712270735,0.006519340146993624,0.015111964973096415,0.008262264156647436
2021-09-06,0.02191289601752322,0.0329680884862904,0.02432048199734571,0.020163981313757295,0.020702401735174458,-0.009520177346008518,-0.0012950218057449225,-0.0027295689452392358,0.0245615306850151,0.015068832692680667
2021-09-07,-0.002318764708351684,-0.012061698181651037,-0.019897224737625674,-0.0014224503745206007,-0.009575348207731982,0.0010680752458263054,-0.0009562004233402144,0.00777096224457452,-0.0009245652296545614,0.008296418243455506
2021-09-08,0.007814008286759488,0.0069991549712411505,0.004527672934780069,0.0047054521869906996,0.007255520298384166,0.0017800482531225015,-0.0014683554232505225,0.007227599708735433,0.011229460346626086,0.01325234730895608
2021-09-09,0.013553140541536335,0.012047066653793514,0.013402981966045724,0.013728556914751833,0.010785403079113243,-0.003375189184711247,-0.003942101465979175,-0.011303489490614771,0.0207057304876479,-0.0042838583830627774
2021-09-10,-0.012886076470794983,-0.012393855034927626,-0.009487040493028287,-0.015899642388931712,0.0009367368533992337,0.007319259582605708,0.005660299416601289,-0.00695913375424273,-0.014750455011992902,-0.0015370156537494184
2021-09-13,-0.00969989604185817,-0.005920163598341355,-0.006393162059904256,-0.0052559464612204065,-0.010327198035848806,0.0027725236042508428,-0.004275243729502498,-0.004021469414176249,-9.692895201918184e-05,-0.006734310278474931
2021-09-14,-0.0038867295946695135,-0.008969829038800725,0.005515612736853859,-0.0015804219770336747,-0.017499915684936695,0.008983940565655324,-0.0037638730999566272,0.003239508325908691,-0.0033975479303662848,0.0037945182484315776
2021-09-15,-0.004057423554706174,-0.011793336024542134,0.009880752186024022,0.001172981417044694,0.009972578215458494,-0.004352346687464648,-0.0029932061138387978,0.006893359093734119,0.005506548647160603,0.0023801097495050882
2021-09-16,-0.018339661016102182,-0.019845445976285903,-0.012826679382701767,-0.016618695923724447,-0.021013607536401246,0.002237189136903961,-0.0024188390988231223,-0.0015012640106805142,-0.010821299232121717,-0.006456043423099689
2021-09-17,-0.007223478596181332,-0.006190163369482082,-0.0068388579673428485,-0.011911847002496034,-0.0031732975655807127,0.009885576132492968,-0.0035715299527834254,-0.014247205732711543,-0.005507818805009279,-0.0020315996235537037
2021-09-20,-0.001733122247931318,-0.0015181692677461722,0.0005919537924108376,-0.0016608831673199376,-0.009797342099235329,-0.0029648956931473958,0.0036840413444496622,-0.013595168220289944,-0.0023972985281103254,-0.005325585604092908
2021-09-21,-0.0084687759633153,-0.010345976486318409,-0.0012359661217254958,0.0043988698911539,0.0004525070513992091,-0.0022839939125899322,0.00031364275002720987,-0.0013578215213675415,0.0023954032756636767,0.0020023780698295024
2021-09-22,0.007349627273528059,0.020317188075728687,0.018022922898458305,0.01601334950096267,0.01358394536133134,-0.003629920561690203,0.0011066273262227977,-0.0015829380020556671,0.005777046669868335,-0.001092432768271756
2021-09-23,0.0023424352326941733,0.006809864415341593,0.0009070203792467257,0.010458776515072099,0.007650792994355005,0.008061270939771159,0.0030615913188933863,0.0035011392376143036,-0.011190615412654537,-0.0005826784342162217
2021-09-24,0.003035997152550207,-0.007511067508868319,-0.006037866790903235,0.004503929203385271,0.0006328355600626612,-0.002066258006749866,0.004298859257570786,0.014667003347490493,0.006068064852743138,0.005782989437834729
2021-09-27,0.0007583003841371561,-0.0030912699052936254,0.0026537447286727467,0.0003727389794776492,-0.00732791441218239,0.010723044874256127,0.0019315520599938463,0.009223480199605172,0.005368300120991876,-0.0005601156594848833
2021-09-28,0.0038001290561651135,0.010312448413481778,0.0007809769008393364,0.0042170075106620075,0.0022311967691630574,-0.0005510940129839215,5.195167464577821e-05,-0.004945872308774302,0.000179379858204598,-0.0041567637882299335
2021-09-29,0.014533229630629085,7.155069580400131e-05,0.01789924527517317,0.014548267058976272,0.004538236889981118,-0.004429466779961366,-0.003365451216635673,0.00809654099356294,0.01273463469533187,0.004861615824313992
2021-09-30,0.005217090173601724,0.008354814803740895,0.006735719192748402,0.005666981913638125,-0.015004835465108335,-0.001603075275427468,0.004652689501535745,-0.004728370559176742,-0.013409367536231342,-0.017011523462316602
2021-10-01,0.008890924840917025,0.005316163466731583,-0.008978581524789808,-0.008868707087756222,-0.007560927256904271,-0.0020897159544996935,0.0013302614856580686,-0.002099409857306278,-0.00670416210795044,0.0005061025628279037
2021-10-04,0.017977747727573767,0.0018876868462358587,0.01228440363215988,0.00727077068885662,0.02411981630477933,0.011266476967898287,0.006054778214748424,-0.004461924862754207,0.002119768345748785,0.0014688432312959243
2021-10-05,-0.003294814829219006,0.003788237223767643,-0.011189499479220988,0.006756326223721354,-0.00649623714141756,0.0040244826693016655,0.0032826879159038036,0.00436848225979114,-0.008122425068171846,0.017052491187958596
2021-10-06,0.01801372276694102,0.0428917833257394,0.047116188980178775,0.02434393321504902,0.030387551086824116,-0.01708493977918235,-0.00708220472353549,0.0006235767469449094,0.015565044494229907,0.021490961034095202
2021-10-07,0.011970725981290675,0.013704560017837597,0.004204145546646387,0.0008928240426082645,0.009973847875890618,-0.0053539253289029975,-0.0026082821341523177,-0.0011294440174952625,0.012069099430359609,0.005726310078496777
2021-10-08,0.019585400727217595,0.005595963138772531,0.023360232169417294,0.0068409361454324635,0.03058596615315956,-0.002138926109558792,-0.0014177594450751618,0.00021112207321860588,0.010266767493748219,0.006831497639415041
2021-10-11,-0.0010958764167162682,-0.0016877728590752872,0.0021598491083414384,-0.0023922124848761994,-0.008253708615107103,0.0051019183859564166,0.001459054579397101,0.003045063695344963,-0.003031128354204826,0.004702342209770727
2021-10-12,0.00019059417734790252,-0.0012257780532434204,0.004196591138984518,-0.00975876081048832,-0.0012144783843495155,-0.002383556771479056,-0.001154802892003759,0.00919379130747977,-0.003938880908089137,0.01737685370788511
2021-10-13,0.005032354168046371,0.013004055368026401,0.004643042864571845,0.0028043164336459814,0.009819103964477272,0.0027355271274327464,-0.003064490340894843,-0.0031973010074439756,-0.0035066770526748225,0.001435950251152951
2021-10-14,0.009355324280141852,0.010001443688350653,-0.00018486338595791185,0.014750860037031854,0.01094885077080554,-0.0005922739422844492,0.0019067153802903025,-0.0011136604093389124,0.007370370231680301,-0.007855991610446034
2021-10-15,0.006614711117525429,0.009918824035039409,0.008099140194976151,0.004176937894859956,0.0025153427315554033,-0.0005078249884983288,-0.003751879801303759,-0.012452536116851931,0.006665929415307081,0.0037255000306510855
2021-10-18,0.007821771926051602,0.017656537643149228,0.008292713255409145,0.007147889747773917,0.007053935305056491,-0.0027169275508740487,-0.002208584114825718,-0.0030341236962748708,0.0023152721183261615,0.002736328766616225
2021-10-19,0.013523720705473474,0.011335935752693649,-0.0036874020341141067,0.0023157989958839664,0.006791180764662785,-0.0039261243236847765,-0.002971543620621797,0.0028804179980788103,0.0053658761224959495,0.017486124979466444
2021-10-20,-0.015720506505094933,-0.026481112728941825,-0.015252902971855886,-0.009972834180196899,-0.015185387543430129,0.002287403963393775,0.003896102056150097,-0.0035254305498338967,-0.012141161036886117,-0.005720375493174834
2021-10-21,0.012763010019591015,0.025985442425422445,0.008319333699114972,0.014967627706469644,0.0202036239871215,-0.009532279676223832,-0.0012245084207886947,0.008942995142716903,0.018730009468405973,0.007665271294776899
2021-10-22,0.0012694921807774318,-0.0033509252256200828,0.0027082619129241703,-0.008644356867633096,0.001740176505333757,0.00021607563141556874,-0.0021854340818444618,-0.0035153342001651433,-0.0011916032480063787,0.004655790180745578
2021-10-25,0.004877330124935408,0.014605278510255948,0.004895893876713853,0.0002697862547929031,0.008614386102771654,0.0014064127477844135,0.001678539802540291,-0.005820525869380866,-0.009039282325824405,-0.008425024937172787
2021-10-26,0.017494268908160304,0.006128952723713166,0.02745873827997647,0.0022986030250180534,0.012280428390632814,0.0017124758481172897,-0.0010909190297748728,-0.006668159096679505,0.00032190035252699367,-0.01015867303866902
2021-10-27,-0.0017105063513600527,0.0027806377636394597,0.0008374674886810762,0.004601724416651187,0.008598764471052123,-0.008634968319887082,-0.0027640064932215047,-0.0055118791921406896,0.009020423061611105,0.0012678332078659427
2021-10-28,0.0005707812486330788,0.011235780883123825,0.009673648946582292,0.004878492454878147,0.013421360589628728,0.007116976003507469,0.0007001310380387871,-0.003531899017535145,-0.0013731782835544326,-0.016473798435965636
2021-10-29,0.0007955779852206746,-0.001422005650150493,-0.002280700081981335,-0.0010632636923797456,-0.0029612905524945,-0.0004684138982203878,0.00034414783229408386,0.00024128664020817148,-0.0021442642755534758,-0.010105586599470029
2021-11-01,-0.005601745385930723,-0.017005291578624182,-0.020048919028020862,-0.0071988577414106025,-0.001621671480373288,0.003756474573057167,2.5046098999226274e-05,0.004641567818463255,0.00662492673260795,0.0031728123228300653
2021-11-02,-0.005798018131983995,-0.017383068709190264,-0.003607490417603665,-4.011649831103803e-06,-0.011257540490710038,0.005510064723581731,0.0005032722145064117,0.0027482005254908515,0.002753346983490834,0.0007284996380969577
2021-11-03,-1.546318877465591e-05,0.0011470881070243522,-0.0020347254924744096,-0.001488328057992594,-0.018955557982410998,-0.0012902158873182579,0.002044666203165013,0.013310442821313107,-0.014404736776784999,0.02413837420812248
2021-11-04,-0.005593342773387855,-0.016787874033982964,-0.012863842802627645,-0.015731090951458748,-0.001893606800078218,0.009192110354314886,0.0032132243247255943,-0.00487627993011186,-0.004877882886691998,-0.005953962132800861
2021-11-05,-0.00423082135026398,0.0057782496956066964,-0.0034442684095772336,-0.0034256989670859994,-0.002147097660737174,-0.004682107020976156,-0.0003772854429838768,0.009279692764992076,0.002149325968790139,0.008645331318362315
2021-11-08,0.01747483795116289,0.018933935663712376,0.0015025753094233263,0.008072996931155263,0.011124380036364068,-0.001809469230487859,0.0014913804975562606,-0.0014069775539414797,0.009459977585088097,0.007816611120856187
2021-11-09,0.0020237788533745693,0.020542162589465285,0.02038682404693537,0.011771780434811419,0.005912416784595864,-0.0019041197294067391,-0.000278308111954062,0.00941653757407046,0.014489763123872512,0.010748331139611267
2021-11-10,0.007652070402548894,0.0008563268753150055,0.005702159981126886,0.013362622005457458,-0.006532894241979892,-0.0008978233902086075,-0.0009135554064781948,0.0023543079139625167,0.007488799650084754,-0.000615243877830185
2021-11-11,-0.0050217427890488775,0.0020940736264674076,0.004713341435399254,-0.003115798734262598,-0.006306123523360796,0.006784805015865647,0.0038384676577736254,-0.0006229950066715118,-0.0019402437096172065,-0.002853760906885716
2021-11-12,0.005088555932647232,0.009584722390729938,-0.0012765744367778664,0.002431856827534995,0.005762781278610074,0.0012288713218420177,-0.0022524272571783355,0.004914751821772478,-0.009173211608601295,0.006358340405655971
2021-11-15,-0.019370641442814862,-0.018161484845549913,-0.028083687467720164,-0.009978446951145803,-0.017307065167533886,0.009792655848372744,0.004107339729304993,-0.004103136787439787,-0.012194835532318149,-0.0050491681303234115
2021-11-16,-0.0029207521767241618,0.008884719688783571,0.0006824309458195454,0.0063278019725439005,-0.0035528503809723055,-0.007511786356227623,0.0009872424724515216,0.013804615811781495,-0.008480822586751424,-0.0009869148394959781
2021-11-17,0.0012925377045684971,-0.0034322353077512746,0.005864406863877569,0.00043087663991858705,0.00015654673615173031,0.000799787757960635,-0.0026087346166808745,-0.0021501005096095094,0.016370733003028715,0.0031400140355928308
2021-11-18,-0.0030386440106552337,-0.012892271269158706,0.007287461392262218,0.0052319515079657375,0.005963557514668594,0.004878731985232365,-0.00037391854940183045,0.000609118926998331,-0.004749537659641256,-0.003085340149782567
2021-11-19,0.01082785118212004,0.008946698989274138,0.0024097404762837282,0.0004957348006819906,0.007546625735543655,0.0073059585351042955,0.0010533559921910296,-0.0037701404086476487,-0.00016047149442732778,-0.0022231019064156143
2021-11-22,-0.009623511079417835,-0.016501454481435585,-0.011145241608657375,0.0052159877838677815,-0.012839065389020798,0.003566398009826388,-0.0021858690162186445,0.0014012394865572375,-0.011347885083969222,-0.007706672172935303
2021-11-23,0.02155190134749385,0.027863699559534272,0.015331459082920329,0.01081861794025163,0.014447208105271114,-0.0017456136626351482,-0.0013156130982008296,0.0024494003706232448,0.011531635902109372,0.002145404055640565
2021-11-24,-0.007784737910923045,0.001472633116739619,-0.011257204775510843,-0.012373076683485862,-0.008506531279826146,0.005725818322236176,0.0029984057623453353,-0.0038313441891389965,-0.002772990470979897,-0.01638749679241036
2021-11-25,0.01633402981344112,0.021612811089056105,0.006074005535599891,0.007084992312847316,0.006895677875821349,0.003282594409040218,0.0009245794005956487,0.010598779630970112,0.002619766296729553,0.007641180700234118
2021-11-26,-0.012199252296932639,-2.6458806283713443e-06,-0.005941815033453368,0.004172746213066514,-0.003640421320320719,0.001068988855897901,0.0008933396410932826,0.00471828174976241,0.0015841688904616458,0.016858039153978543
2021-11-29,-0.008459307531371585,-0.014771990633557719,-0.014622409941193681,-0.005826730063256846,-0.002562514029180729,-0.006384373944335664,-0.002238595098256746,0.0017733798306467374,-0.005637350199551805,-0.006964487501529559
2021-11-30,-0.0005616436998444607,-0.008047724168058656,0.00035068461638476656,0.0006351982151715507,-0.005550474571877184,-0.007485819749879052,-0.0015606553816396307,-0.008497676314716651,0.0005128111206753605,-0.0042400713926551425
2021-12-01,-0.008552800485709167,-0.01017781852835864,-0.005161567691835622,-0.00982952619606936,-0.011859308005877645,-0.0033803768309375037,0.0033512303159757284,1.0525644087211461e-05,-0.017001043401856153,-0.005833996770011174
2021-12-02,0.00825649021924324,-0.0007676752205014736,0.015734637999684553,0.00474490684311335,0.02545248903320596,0.0027877036802406163,0.0007766006758576083,-0.0015926447573304525,0.0211758790694645,0.0036580354601556397
2021-12-03,-0.018338723509324306,-9.124287393191821e-06,-0.007818418271463456,-0.009168304508627712,-0.007987517270951594,0.0008050393446779047,0.00498795849017486,-0.004997720222548407,-0.0008552557196366273,-0.014967264238688327
2021-12-06,-0.016263759461647487,-0.008273979302277579,-0.0007236187669686922,-0.013688406394813168,-0.009388200092693255,0.005230705029966698,0.003152235067070297,-0.000734385046887498,-0.0050017795055712355,0.007458486307748258
2021-12-07,-0.015831797142971338,-0.014284689087660452,-0.018561382170869,2.2166715870186593e-05,-0.010991654899489167,0.0011094092216958895,0.002254974699267276,0.005942353800336475,-0.0006401737457226719,0.001719190335779608
2021-12-08,0.02312184315976884,0.025723091512565244,0.0393189519521886,0.010331475736548246,0.022841011242495934,-0.010628040046996357,-0.0034919908784042386,0.005468505532077339,0.01856591818698261,0.0106927884906447
2021-12-09,0.016390617932757534,0.01865631236174048,0.010755265579664774,0.01161400342057628,0.00036424459983397384,-0.007823245430418124,-0.003951704073844153,0.014701238185218068,0.009326393124904797,0.000858570869761266
2021-12-10,-0.013489700092571,-0.016167113172472103,-0.00021536938875033051,-0.008567617736969901,-0.0006946873188422575,-0.0024253483130355358,0.005987385568822612,-0.011812457383722053,-0.02775188982085519,-0.00977532175589435
2021-12-13,0.007090891618570572,0.02188979738226804,0.024944663558063684,0.007418639568066432,0.01507860218043744,-0.009056204833967185,-0.003804011056621981,-0.002964565051195467,-0.00025708734726259674,-0.015532093952639103
2021-12-14,-0.006310150462456199,-0.003199628946112809,-0.023288476729234397,-0.014932326329908818,-0.013778347956125092,0.0026597612747600863,-0.002811409342036386,0.0011449183516583084,0.0059007534596324795,0.004438921115199834
2021-12-15,0.013279994938802497,0.02435102269303524,0.03199175529423148,0.011353229623602967,0.01916576024002703,-0.014307465002900144,-0.0011832638049386057,0.008316204291643148,0.024744606119592616,0.009340549431009926
2021-12-16,0.0030905731942947323,-0.0032171325141842066,-0.0005722412058182247,0.004516665296179001,-0.0016728389804376853,0.009202298487256622,0.003308201943504674,0.002772144042422209,0.0016839351693869187,0.00863845474881031
2021-12-17,0.007565914150715836,0.01584599415258281,0.0025838854393454014,0.0003382869857151416,0.007128539043695481,0.0016108364826146193,0.0007930612256281666,-1.2300967114797778e-05,-0.00631970690079986,0.00108340784984029
2021-12-20,0.018657473800330893,0.01142646960246263,0.02687469969381917,0.006134430997510654,0.020091566414275785,0.002196280728632427,-0.0011635663005187258,0.0016457601605619487,0.019996312063848,0.013864606996819573
2021-12-21,-0.013588719240469893,-0.01634279596570687,-0.024763623322878292,-0.011773674983855842,-0.01403140041977946,0.007481504739103917,-0.001085400158764127,0.003604123023662531,-0.015726264704978954,-0.0064915510352603345
2021-12-22,0.023620404780071658,0.034104533565522566,0.029900882953630914,0.01423723973258828,0.013615976264685026,-0.005051105127068856,-0.0018854529160508005,-0.003982113656723962,0.02239796714441744,0.006196578305210032
2021-12-23,-0.006644286664235666,-0.016839047143317742,-0.01688454332048339,-0.003527433420671966,-0.010955844263008996,-0.0041727905279710376,-0.0012280926783195811,0.00409244039805734,-0.012288348437598184,0.010748764551042678
2021-12-24,-0.02265854014046864,-0.014177582138982237,-0.017599970484163507,-0.01520850993689371,-0.007803116727511439,0.012224831929448454,0.0045985181255492336,-0.00394825220129047,-0.01719399084411588,-0.00823329989275956
2021-12-27,-0.003014806688915961,-0.008146946683305845,0.002843676428821329,-0.0050421875980715125,-0.007402588833109736,0.006020630369710345,0.0024581754555270674,0.003402710789625507,0.001282867874490945,0.021120821113844945
2021-12-28,0.002748013784391823,-0.006191896661537077,1.6384061117369342e-05,-0.0021578699670562473,-0.021393290631074202,0.011742362999732192,-0.004927017538327583,-0.009674149839140167,0.00891383946475699,-0.0031146372183381565
2021-12-29,-0.0004088623680866821,0.0038216961476149613,-0.004923329701592594,-0.007800183639985359,-0.0030352270288499517,0.003101156076257716,0.0007936241642014785,0.0033488249833926176,-0.005329508205468403,-0.0003206958660985082
2021-12-30,0.005000110548541992,-0.004310585103788567,0.005800333060487217,-0.0031787867815871174,0.018409713353328305,-0.004263330695600587,-0.00108635168831539,-0.005591062600187824,-0.00442467194933216,-0.0073713399280179726
2021-12-31,-0.00041689445530379565,0.005767371878704131,-0.009795048805698592,-0.00117796385751201,0.006234646516857456,-0.0024820295235907786,-0.0014641841263980382,-0.0038611473757108605,0.00734316852737904,0.0006499037540352859
2022-01-03,-0.0032419084342441007,-0.021934371705799927,-0.01472100759165429,-0.013160808501906596,-0.012252578584377893,0.00476191844125462,0.0012375815853835626,-0.007138176478713509,-0.014359083165363384,-0.004072975546219437
2022-01-04,0.0005564277339482615,0.0022107033255700514,-0.0028488065154614883,0.003714942736972926,-0.0006290746883221843,0.005911083579529297,0.0007758545123586202,-0.00037714526092580414,-0.007924046373896432,-0.0019804021042549858
2022-01-05,-0.01807494797425091,-0.015302369533679583,-0.009415780506786264,-0.013083907040471132,-0.00828683834048638,0.008373262971901996,0.001710774712587959,-0.004618474557824936,-0.009255502748297117,0.002664470755808779
2022-01-06,-0.021430473726852806,-0.035127130060400025,-0.026521114789543665,-0.028357127938042237,-0.03515842418515858,0.0012204740870052078,0.0011181041715888629,0.005298581986544093,-0.004604728588794238,-0.0005886567704851409
2022-01-07,0.00586681671508793,0.019547323181289267,0.020079382736591933,0.009354639995550862,0.008058783769051336,-0.003302242456290294,0.002345675112150225,0.0004014293256975332,0.004688893922095261,0.011084459369419708
2022-01-10,-0.009697022281231926,-0.014476279108963208,-0.0126602849007027,-0.008662934908258313,-0.007330016358277902,0.0025698590696630053,0.00631882609717338,0.004448872231973766,-0.012461618160855448,-0.00917136965153531
2022-01-11,-0.0063231674630668255,0.0010344702592124388,-0.010156992515444219,-0.00603346461952825,0.0074899768408995815,0.006275062215335581,0.01003337395689119,-0.0018295242843273662,-0.005466654988567354,0.010898588149536703
2022-01-12,0.016370829272820187,0.02719154412242597,0.03148439751380394,0.017409163736464617,0.013548693668893108,-0.011797594472213624,-0.006434290435935686,-0.0019505129625649875,0.012564563079053404,-0.004978249217735153
2022-01-13,-0.012096051575728572,-0.013279255761485143,-0.019557851472565946,-0.007989135030016081,-0.001292496145374078,0.012632089909202282,0.002672996675276762,-0.0016224584063955216,-0.02220530025592682,0.008026208603841845
2022-01-14,0.003964301642799262,0.011080768874911717,0.010971642476512944,0.019975474136507465,0.002230609901490599,-0.004222364496139774,-0.0024461561841429003,-0.003114985368208756,0.014579207194692634,0.008323508730194717
2022-01-17,0.008540634476726483,0.0040780381202789595,0.0064424535494636,0.012429101164673328,-0.016630212130680833,0.004325026996297776,0.00016748435741975598,0.016047677268083982,0.0066620903462646375,-0.004349881386584209
2022-01-18,-0.02147146153372137,-0.02909716319352329,-0.02121446284355566,-0.02700647614802798,-0.01535180629160815,0.009868914922922079,0.0041056617208177215,0.0017854445248972617,-0.015063062328539267,0.0036876355748372003
2022-01-19,-0.0014180592646150236,0.0038551189064399694,-0.002838925428864658,-0.0016446234808971116,0.0037806279616754424,-0.0031797698856814716,0.00014621072071840935,-0.0042047612795370615,-0.0006208428223515305,-0.0063291853387181796
2022-01-20,0.0008420005278559906,-0.008000962855978955,0.0005533428067612256,-0.006598889882551751,-0.0007852387645995718,-0.004829103197648288,0.00026131345645530324,0.00030025619686369076,0.004954767975858587,-0.006511004681040156
2022-01-21,0.0006580981663100172,0.006905414763532125,0.00907067424453567,0.0024943628255473804,0.004146283334587775,-0.0028293276402364675,0.002746271547019008,0.008321125492255943,-0.003978738848432362,0.0013724560985495238
2022-01-24,0.01757272507838925,0.018497011244099193,0.02386766530893558,0.00777375586844431,0.01596451331031945,-0.00882805411278842,0.0011906025295977951,0.009917572514766437,0.004702720544052408,0.011320194777942216
2022-01-25,-0.007033755839976896,-0.014692860516566264,-0.015166331082187678,-0.01486457741358893,-0.015483111819605377,-0.005170999456576619,-0.0037181418298462,-0.000770235338294678,9.640331402782643e-05,-0.001977720689927631
2022-01-26,-0.003737979090859711,-0.02156854052136903,-0.015830315065578415,-0.01674750371957867,-0.013487354395395057,-0.006539830435867144,-0.0025438727871823774,-0.010390160065668064,-0.021029806341603563,-0.002940273306232921
2022-01-27,0.0027314681815233666,0.006119871315616532,0.019364429733665256,-0.003395626546632502,-0.0035890005677837733,-0.002894542869490313,-0.004010260039727154,-0.0028137105856951283,1.147161730696844e-05,0.002048556369762533
2022-01-28,0.010626942227048408,0.011142604888822571,0.0069024148701151145,0.0076409771242080815,0.009187774789935155,-0.003132314108745482,0.0007611563877611971,-0.004654877516220179,0.010101599125107885,0.010782562965762077
2022-01-31,-0.021459050854509942,-0.024756540579663033,-0.011171158957051786,-0.0150627150747914,-0.02783799775906126,0.0012630941156110964,0.005491222357303371,-0.0076126903417418346,-0.013659348178516884,-0.013391276633316296
2022-02-01,-0.007130374648387505,0.0007459455859335495,-0.007245321176389985,-0.014128830723551644,-0.01747738274380417,0.0069480683000906485,0.006183855742311506,-0.0026158015201386275,-0.017915843892666206,-0.004778414453459501
2022-02-02,0.010968854711795428,0.01167903753473798,0.006092827763860775,0.009701732508254679,0.0036687658659131372,0.0002448539077970491,0.0026144152839109314,0.000622684310268351,-0.004792219896945227,-0.005876026199111206
2022-02-03,0.0027465014110732433,0.0077963843046078285,0.0025928597386060126,0.002604363168290602,-0.01579741176949534,0.006352759992584778,0.0027370949031626512,-0.003143785502725538,0.0033662893948631645,-0.01452539207969028
2022-02-04,0.012715360912683549,0.04070575794565179,0.030039363821958265,0.01577263324726319,0.011563720885549023,-0.012260205226303889,-0.0031838836155300143,-0.009308341797866992,0.03083680182533688,-0.004133504309016933
2022-02-07,-0.024148770729929714,-0.0359792873137037,-0.02946002320247576,-0.02335314204524397,-0.02836217102117422,0.011510038647333687,0.0015283981264213597,0.0040964785103423385,-0.024676933298531267,-0.004369164256837421
2022-02-08,-0.0011579307097082658,-0.008616226576086183,-0.004393709645861721,-0.014237821374582404,-0.007747544359680281,0.005208746988589752,0.007454383119379626,-0.004255268229479969,-0.013198050557817642,-0.005464875687851034
2022-02-09,-0.003317919469320918,0.0028520345356817245,0.016186482625800247,0.005296616163959822,-0.004614089081676709,-0.0007905729466971545,0.00025006790443549143,-0.012879109551544476,-0.011970248931474248,-0.010537576212175437
2022-02-10,0.007567437487539852,0.01077362761055256,0.010597749066139972,0.011445934368537358,-0.013720188965295366,-0.0062279225745720534,2.378866331054219e-05,0.0041229276303107465,0.008855387293437378,0.010304717886780335
2022-02-11,0.0063070319835716315,0.0036589888944693616,0.006882438807650049,0.0025600213706131747,0.014118002840184607,-0.006528865066806611,-0.0021009827177227436,0.011234244677390093,0.011152136833315618,-8.175678990141044e-06
2022-02-14,-0.005463559015395969,0.01084847976600023,0.0015750687756275195,-0.006787827650905243,-0.012604276961533878,0.00924147886545068,0.002995065046749845,-0.0027695332690349517,-0.021088628402575305,-0.01902677738443348
2022-02-15,0.02113668773550348,0.017434572491045186,0.03018344532812134,0.008430432721972192,0.007481376584425714,-0.010360449940080119,-0.0030264804709273507,-0.01629198398587206,-0.0052275587300729676,-0.008833454335328672
2022-02-16,0.005220618981881975,0.0051755113012701415,0.006091675017800835,0.006661804251583359,0.0010263947848645483,0.004221358815499343,-0.004402145703061411,-0.005215964844858756,0.009012928578820745,-0.003025226728504027
2022-02-17,-0.008643306338196766,-0.021594739173881994,-0.011044286995844255,-0.0074237365773733854,0.0015193835249698306,-0.006015008289351642,-0.0005209069835419022,-0.007610381242560305,-0.004017100060047296,0.0034954713497861167
2022-02-18,-0.0020451613941585567,-0.012741714468975207,-0.014399202114119936,0.0065928872697260665,0.0022590828357931247,0.007054635770298079,0.0032228989456193347,-0.0004800702085484554,-0.0051221138742998384,-4.8560689188237305e-05
2022-02-21,0.007469366267355726,0.012104197986140486,0.016688012640886596,0.013277949764649133,0.005113582855646337,0.004939691415297709,-0.0001653582190694891,-0.015596701475858454,0.006489121149690913,-0.01688219631985488
2022-02-22,0.010404053224296161,0.00984857395822214,0.015605830810878407,0.012354568166566438,0.0036684648801250663,-0.004037979498252908,-0.004336977373722295,0.0031161968139019613,0.007114278781875871,-0.003967907164081574
2022-02-23,0.022320751599593347,0.024611108903953793,0.010882590356651622,0.013836841517185672,0.015450858434022274,-0.011893584912463284,-0.0020376268481551163,0.0015588328752766945,0.012861975428104522,-0.00653683910353553
2022-02-24,-0.0023090904663123357,-0.010881548161954302,0.0004026353495842905,-0.012143209117739029,-0.015183552080180851,-0.000534379622707859,0.0016435888469978899,0.008564063494713947,-0.010061618727394639,0.008640973825558174
2022-02-25,-0.007969599467435917,-0.00893072717180865,-0.018066329398538472,-0.013664508322284052,-0.007976266077225236,0.011077612462266018,0.0003644917151712779,0.008025695470593952,-0.009293739110830646,-0.002221448110055757
2022-02-28,-0.019135079637228603,-0.013818857184466293,-0.01492563800190061,-0.008489784198952077,-0.01347415821712794,0.0031381607954630297,0.005343176304450026,0.0019257774967356145,-0.012909124117824966,0.005263599699331989
2022-03-01,-0.024511749037636976,-0.022947600820768188,-0.020201803012226405,-0.02075243623663403,-0.012245514631189724,0.0005830417729775217,8.95926236907929e-05,0.008459456764218443,-0.016365130996882638,-0.004967500118612689
2022-03-02,-0.02294535079034643,-0.0328927542830274,-0.016794541477464064,-0.01984243889270365,-0.02098551272192084,0.006111034322143771,0.004879884611436847,0.002337399681799468,-0.03212761408212106,-0.01853492463869011
2022-03-03,-0.002397470453330053,0.006348694904740659,-0.008610684149440107,0.0028673663086171697,-0.00578362628256035,-0.0005485814511720921,0.00033688677199750217,0.004294272906280261,-0.001718435692482867,0.01571252425476999
2022-03-04,-0.01876175982788819,-0.03046573335940761,-0.016787409777332174,-0.010326736012981952,-0.0288068257527041,7.720132033095517e-05,0.0054918233946390504,0.008457624073748837,-0.007236662921730863,0.005607691203903142
2022-03-07,-0.0057868672943615085,-0.016474340784128017,-0.012120593249971279,-0.010555393072382735,-0.016765975025146984,0.006357791082994391,0.0021009086418741774,-0.00653121190710193,-0.0142144643748916,-0.009282618539362297
2022-03-08,-0.024376242321729524,-0.031856917813796404,-0.025485196647162867,-0.03163625234057066,-0.03482418035770629,-0.0016735368362856828,0.00030534201861742716,-0.003799158369229505,-0.02014415080391785,-0.014354930702652147
2022-03-09,-0.012829058030634943,-0.014268358531317471,-0.013666294029425763,-0.005959519969619409,-0.014073185909685204,0.0034117172481937796,0.003430605658966357,-0.005307555767087857,-0.004494419419974749,0.0033141614645437745
2022-03-10,0.002971339591696154,-0.002157381394060298,0.0024140987538454617,-0.010279814545036903,-0.004341751986184139,-0.009061064364560445,-0.00767996372563251,0.008034651680397964,0.007938356538417457,0.009359106559239327
2022-03-11,-0.009955294707519324,-0.012376867377284384,-0.0161122323188716,-0.010531947640755823,-0.015416078024885094,0.0024101381294219237,-0.002180276662204328,-0.012803402586767376,0.002463479033891769,-0.0157867143798488
2022-03-14,-0.0071080605149167475,-0.026174551883590746,-0.010962548645524817,-0.012347690826265745,-0.026312002829072756,-1.1281376327998416e-05,-0.0008899367384668233,0.0097235162392324,0.001217682873025705,-0.0023936258593693083
2022-03-15,-0.013458302048002357,-0.0025509308043554224,-0.010994525120702536,-0.004664836730714383,0.0013033107097741858,0.008343612036612269,-0.0013459414070122744,0.009962409945412531,-0.005136910847111098,0.008064192184660257
2022-03-16,-0.006792080455184868,-0.005054384428138103,-0.006237674799131843,-0.009507770979635621,-0.0060686411847108435,0.0027317742640760034,-0.0013271379313591902,-0.0035082142167826014,-0.008744509075044204,0.007067632343165098
2022-03-17,-0.04371188339622234,-0.03692639165246325,-0.03607357342045969,-0.03855716504485085,-0.020249127098780018,0.008762958010884336,0.005448451544685318,0.009388173635638708,-0.03390587856798155,-0.0014427883743103331
2022-03-18,-0.011157732145349097,-0.02164028862905787,-0.02534729103471811,-0.01401793979802568,-0.01692062010591977,0.017488426539345125,0.006622339190892834,0.0005929229040870787,-0.012746984385406668,0.00705523280818543
2022-03-21,-0.0031827777909734234,-0.008903689895691347,-0.0055131722050445475,-0.002826060207253289,-0.0034822629308842723,0.00996067546524082,0.004791737246422789,-0.003932339343765023,0.001810711541704979,-0.0060307506864250016
2022-03-22,-0.03084873620959583,-0.03656007456985533,-0.036923070206585806,-0.029036805347847472,-0.025277378145031948,0.014814064032526941,0.009710768785377244,0.006797174006455409,-0.029623991937840932,-0.0014048347557084062
2022-03-23,0.0156947819044313,0.02885273793674048,0.04080918767693231,0.018564154701749436,0.020653056978835682,0.0006045593853647446,-2.6224441004307764e-06,-0.00469870334050615,0.016656325488093593,0.00553249008464074
2022-03-24,-0.015808239307866345,-0.03159953686831707,-0.010186452808987112,-0.026988137425223102,-0.013717055959403202,-0.0004792036650910214,0.001564292008167989,-0.0008044319546963719,-0.02183944823663253,-0.00015481126487537633
2022-03-25,-0.025592094793038145,-0.033449933063118054,-0.031662218819417554,-0.019146685325056034,-0.01702468811380664,0.007663864595632175,0.0065018121199293955,0.001717946687762817,-0.02350586556273182,-0.005892394320143546
2022-03-28,0.0022123203974455663,-0.0059181341792673425,-0.0015836026316126128,-0.007997453547129219,-0.01586326329210974,0.003900138219425031,0.0021175729942672916,0.0012254747303126479,-0.004066952105993837,9.577357964873912e-05
2022-03-29,-0.01129644691558851,-0.01202230843218155,-0.012409771253629631,-0.007950195961587081,-0.0030230536617347203,0.00295807587036534,0.0029654332760207236,0.001140386258577708,-0.005607108732564314,0.0019404384075250025
2022-03-30,-0.013027334326291662,-0.017254668508897675,-0.01985704586022885,-0.013350737712729543,-0.010720371661717576,0.019799242018415653,0.011192967501699513,0.005623870603928216,-0.0012565300727859219,0.006912578092340693
2022-03-31,-0.006593570092549794,-0.007333860613002119,-0.00879709553225716,-0.000898580418556838,-0.007925511951287323,-0.003398163360393669,-0.0031897116973300665,0.0007808433107756585,-0.0026943392534372057,-0.00871563723389257
2022-04-01,-0.01995020853423901,-0.02044003160403829,-0.020406727294432603,-0.013498152884342307,-0.004822093545226891,-0.0008266191064285611,-0.002774090118127792,0.0007795756448454316,-0.014310527633103254,-0.006164259674637851
2022-04-04,-0.0009153639234338318,0.010348260871930748,-0.011071251306428609,-0.004770806760795887,0.01032922452800733,0.005440728609886536,0.0005549022805497739,-0.00821140570239065,-0.006357016260027715,-0.006217092137149605
2022-04-05,-0.023907112354219162,-0.020337801088847085,-0.019216597420975368,-0.01326504122293204,-0.010505350016098758,0.011605304477684486,0.003933203313155387,0.002955930368469639,-0.015537055086622953,-0.007785706031327
2022-04-06,-0.01060810303004145,0.00025834928548551517,-0.01509069728740231,0.0017494069102328424,-0.014362684263098946,-0.0015487656679172845,0.0017589484419184842,0.0051854115325138395,-0.013469515535728283,0.009051948769779772
2022-04-07,0.0024436877057618656,-0.0015991537124683264,0.0010298530664107908,0.003927404894011666,-0.008150671785028818,-0.0044089830072558955,0.00020983315705058736,0.001873962839211707,0.00032791480561789044,-0.004661931698690003
2022-04-08,0.004525601814755031,0.0057037019709076375,-0.0009604323802434589,0.00025559067003833036,0.0061305825698325656,0.0026681337867606736,9.892495859653572e-05,0.013733546474436809,-0.012969537712380852,0.008482080119344593
2022-04-11,-0.02259347474384321,-0.03678239239477543,-0.03162589915902503,-0.026287547197037187,-0.014841663597293109,0.017061922552493947,0.009842486113503579,0.004301171403526816,-0.024374271825157612,-0.008186609081376806
2022-04-12,-0.01155212248698223,-0.004694715639440128,-0.006780900072231866,-0.012329289433426927,-0.02426079401802017,0.003213712728357354,0.0015849499837239378,-0.0009682796489680623,-0.00823989161721772,0.00144332753316756
2022-04-13,-0.004716385577395954,-0.01959245188231984,-0.01074890099996928,-0.0067737801256603225,-0.00419185699264768,0.003375903215815157,0.002088705268300739,-0.005394302598808909,-0.015095650537143235,-0.006815755806195867
2022-04-14,-0.004496707588819926,-0.00816071038649091,-0.0008399205538148768,-0.011465240776350694,-0.009330226941419495,-7.148934622791536e-05,-0.006797804847474276,-0.0018820801172745316,-0.005837393324236828,0.007398926612328882
2022-04-15,-0.011741902815340377,-0.02473346796919018,-0.017590956066151797,-0.015232410060490253,-0.029416477364919702,0.005278191958898448,0.004935880983178098,-0.001538293424429793,-0.007980606814471325,-0.0024338129376474393
2022-04-18,0.01405478038981478,0.011593819037700959,0.006541510824879859,0.014063310761988967,0.010362845885319105,-0.004674126633066655,-0.003463939458817955,0.003819412098474695,0.013925242833266127,0.0125270687504484
2022-04-19,-0.000901802266050078,-0.0016587423906123666,0.0034705653462883124,-0.00024070227678840705,0.004921452216204658,-0.009912562934448976,-0.0005189229240862847,-0.0031143813160482425,-0.0036369155358687566,-0.0012115787317450444
2022-04-20,0.002927223006499169,-0.00400249746304826,-0.012359300012806163,-0.004590388724130201,-0.0010064316953948271,0.0007838409457818774,0.002831227367318334,0.004811482458692895,0.0037263541531498134,-0.0064073840435531215
2022-04-21,-0.0007680735213332346,-0.007447691858855854,0.009275983635097518,0.0081435076990104,-0.011501155781172168,0.0008490864505059648,0.0002666692545960636,0.004422393664302415,-0.011837346096233214,-0.00353250422364626
2022-04-22,-0.02624318855158647,-0.0163441696549832,-0.02211345476237958,-0.007796499757699915,-0.007084150073936479,0.0006917703072693016,-0.0007656260479902421,-0.0023201452074198547,-0.017335919524701926,-0.003831692208009052
2022-04-25,-0.01918192800856655,-0.014592981025906782,-0.0008930015140602432,-0.008080348707240392,-0.016470247447284758,-0.004730835164917457,0.0017709433576749145,0.012779160258014066,-0.007358570020737143,0.006658079622984703
2022-04-26,-0.021915536131066338,-0.028162618517038163,-0.02412247630327391,-0.005666481550840152,-0.005625770982461198,0.001742508509730678,-0.001931319529926201,0.005712086092398261,-0.0007245468302169433,0.0037230912916081937
2022-04-27,0.005502368379627587,0.014626980786986321,-0.0008178964795586552,0.003856007741239953,-0.004732551800516016,0.007428783488698132,0.0028234179443895613,0.004101047890413767,0.011973173788276004,0.0015800777554311196
2022-04-28,-0.01839148348715902,-0.026608545897849223,-0.01685887564115507,-0.010884736623337998,-0.013644097585380766,0.007703836545406073,0.001348999807586404,-0.006122970177860787,-0.01370996574671024,0.008638738866826534
2022-04-29,-0.01569675770701562,-0.006078968260397555,-0.0077514546567241105,-0.010772327480063515,-0.007000590305865861,0.0054676625814422675,0.005657409482499487,-0.0029372367585831505,-0.015575622747191264,-0.013890323695615825
2022-05-02,-0.013212817316597514,-0.013127223053574943,-0.014752042906597151,-0.02102387025004182,-0.010232546874862303,0.0012256505722156863,0.0008303536487059837,-0.0020961873121341235,-0.002684523897904967,-0.007907026836503794
2022-05-03,-0.012768387093162747,-0.011671525672896643,-0.012900655727732135,0.004232938236585326,-0.00013124512696860435,-0.0011130494737215946,0.005705720509094903,0.0005823609205777291,-0.010356091126455635,0.002899454649884392
2022-05-04,-0.017996938139068885,-0.017685626375683383,-0.03150617529385458,-0.027158534350426256,-0.027691907230887214,0.010748704561513778,-0.0010330664336070106,-0.0026411403286283885,-0.014754951664294746,-0.015171732439049346
2022-05-05,-0.011546130631601592,-0.03164743252738811,-0.03415581389859068,-0.016307935860521927,-0.016280179253582827,0.007666104321160105,0.0031901414980775034,-0.004349499935622281,-0.018495445231311303,-0.004248541687066787
2022-05-06,-0.01630744846359511,-0.019365516659755833,-0.01909144041230537,-0.013770736043908882,-0.02635609689720997,0.009135039841589032,0.003616458887805152,0.000538502961766163,-0.0030413577990215934,0.004584762413176513
2022-05-09,-0.006926052170057373,0.0032984910433695447,-0.012401904918728945,0.0005736273915988299,-0.011722730079779975,0.017655914560301023,0.01102091185500731,0.003906385638390075,-0.008142310993212054,0.007215838886219572
2022-05-10,0.0018577023889017052,-0.0058324032322871755,-0.011220487124247058,-0.0012676663188894155,-0.005006266898567979,-0.008865188613964015,-0.002038814685184742,-0.0024922800807828382,0.006377904196138706,0.0048504742873294315
2022-05-11,-0.014273009607522202,-0.022616842910748725,-0.019378593687424117,-0.01262144576165436,-0.010895008752206281,-0.0036774306029440096,0.002201801064265263,9.053957735338791e-05,-0.010788105414218818,-0.0021692659038378137
2022-05-12,-0.01672812557396952,-0.021458580675515204,-0.014926369353541413,-0.012172531460450942,-0.002525016825258075,0.003164057071798343,0.0028749633941478336,0.00844381693142271,-0.008863990138830768,-0.004158061733963159
2022-05-13,-0.02336580008826583,-0.022023056032394184,-0.009076135952546416,-0.01359462502376041,-0.00514530975281835,-0.0015075795337001763,-0.003294347439010359,0.0026753731960968974,-0.0025000956669259944,0.005392096491611431
2022-05-16,-0.01146323316140585,-0.020700343373355135,-0.004168781770011232,-0.007469102632993052,-0.010850019244644571,0.009493514537104675,-0.004636891893161965,0.0030149400821932737,-0.01767560517128941,-5.927254801818549e-05
2022-05-17,-0.024978313007092967,-0.026983725440593576,-0.01775395841698224,-0.019889519265054778,-0.01934688770722559,0.006205017732537232,0.0040427244711678245,0.008606761831686072,-0.018940688308518472,-0.002133938212609321
2022-05-18,-0.015502202451044389,-0.03316558405568981,-0.017553525515705104,-0.02321120751230943,-0.011411263519297887,0.005526263565650336,0.010568195895951815,0.004703210648977718,-0.021988356471115078,-0.0018325771023897097
2022-05-19,-0.003302537704525932,0.0017197496044576432,-0.004621461090843382,0.004190562362158978,-0.0026108514886242773,-0.0020800182035454196,0.0013246067346179835,-0.004243874401809289,-0.004095629124247657,-0.016210045209194113
2022-05-20,0.010847148762167302,0.0054895889259301,0.01990324022860812,0.005724627549672956,0.0022152635801351295,-0.003227548990067497,-0.00018869060437975982,0.007670025165211314,0.008240270554698448,0.017928959660596933
2022-05-23,-0.0021610997645434837,0.0059066525381634705,-0.015758461337420093,-0.0040354034244936,-0.005532373097560828,0.0011410613231954692,-0.00341849048124776,-0.002106355053135056,-0.006750811127606782,-0.0014965700713718277
2022-05-24,0.018086358008099213,0.024703829741707484,0.01506931159136049,0.009532284142327097,0.013359350961444916,-0.010306421947759103,-0.0045737573625570516,-0.007960896207608537,0.009570126513399613,-0.0044676733480073505
2022-05-25,0.012051843051200217,0.014801875332550285,0.01342584335128838,0.0061220218034614415,0.011566395955604936,0.0002316609896635402,0.001990429967092311,0.0032560772351331035,0.010597802286645974,-0.004104114377154078
2022-05-26,-0.018169338145987646,-0.021813670691725795,-0.0090850318146245,-0.006306173904578993,-0.014463660369950615,0.009889240661611787,-0.0013965503782680244,-0.0037200799685542796,-0.01810333333333325,-0.003729835078858823
2022-05-27,-0.006618622307305255,-0.003474975323225271,-0.010895898112340596,-0.0040912207780234855,-0.0042858336171279765,0.00969289129664963,0.005379047364686196,-0.0030940231929034168,-0.0032454195791139506,0.011687320492478115
2022-05-30,0.004123914759273761,0.009351011013367883,0.013519110872750373,0.00934624501202519,0.003506666150411286,-0.004837263521720425,-0.005098790844286993,-0.0004191188909004051,0.0018817286700520963,-0.0009727838891105955
2022-05-31,-0.020914801496066615,-0.0035030495836357867,-0.006255396401493307,-0.013794012722057936,-0.015199472172670703,0.0042801137959394,-0.0005189639607003915,0.012095134414237929,0.0002634571355240034,0.010724952754168626
2022-06-01,0.00695550173720294,0.00873997808446969,0.019135110592357618,0.01840255442490557,0.01720758147024526,-0.006855050881303226,-0.00118507393273104,0.004281972539971424,0.0016975764928988113,-0.004862214322789771
2022-06-02,0.0007950551555673258,0.0048612639286214065,-0.002695257466481249,-0.0024009649519997067,-0.004826129659705747,0.0027441136338426375,0.004572636835596722,-0.00832924854112349,-0.01184932610668643,-0.019155653639386427
2022-06-03,-0.023208674485505676,-0.02318335655982473,-0.01826057364981104,-0.0211514989701731,-0.009958380959998792,0.003762782261854447,0.004500277614527981,-0.0017165532112700665,-0.023471244635193123,-0.0027162993065732444
2022-06-06,-0.014754922838527307,-0.017252448257940922,-0.01579142972176495,-0.009229078709214855,-0.01087688801379183,-0.0030145866224492446,-0.0012570022012690085,0.003320401485551683,-0.01155006434282424,0.0032922708387614907
2022-06-07,-0.01884805437584358,-0.014459030672556494,-0.020282021521357274,-0.013538970998875133,-0.022377677653940387,-0.0025807563776802933,0.004374096062625732,-8.38142750720916e-05,-0.0078255889644967,-0.011120751959317832
2022-06-08,-0.003887959278372266,0.0018454688164168953,0.0010957502924677787,-0.002880511594806734,0.0002614294531271266,-0.0013295620428055432,-0.002144896736816504,-0.004643324728096809,0.008871433232112924,-0.005288016205046708
2022-06-09,0.0032867262841640432,0.003940390048204678,-0.004965583962052267,0.010135905094341924,0.0011869028437168083,-0.0025652686450522433,-0.0006922826030795193,0.0003418769042040637,-0.0009186097543207872,0.0028519824194266352
2022-06-10,0.02174983585029544,0.010783080981900506,0.030316709534522035,0.016135863455722932,0.019145554929092423,-0.006322877160031104,-0.00669818229703778,-1.9475297783566603e-05,0.009939710825374926,0.016517313229972963
2022-06-13,0.0027036021252424547,0.01598137128072441,-0.0018223399133364682,-0.00018308418951162864,0.0025073378251516676,-0.0011130451395985341,-0.0025416681069452274,0.0015065378591456735,0.00952139452242462,0.010215932920359494
2022-06-14,-0.011238449689054297,-0.014230532590670086,0.001449439638435912,-0.008150686399223894,-0.012776645119824681,0.005295501195221153,0.007026763672834502,-0.0038278004199162607,-0.0108148463419655,0.0027574460981392157
2022-06-15,0.025869073551505473,0.025443257464436986,0.0355224879829692,0.028883603360129628,0.020623686755828263,-0.016090157907336144,-0.004316599190283488,-0.0020616803891626567,0.023664840958867117,0.0013556083837640287
2022-06-16,0.009323988284088314,-0.0002216973146408341,0.011603636790703087,0.00360215556654242,0.002763275880549143,-0.00033285096360347044,0.00044280208739100324,-0.006004097804639397,-0.0012678594191964931,-0.008007845551103454
2022-06-17,-0.011167251671175271,-0.007182569920695436,-0.0250710370956172,-0.007823258644957476,-0.0061604801159619305,0.015383231092923388,0.0056555223950964795,-0.005684227633192762,-0.013819273160046164,-0.011274748931831668
2022-06-20,-0.010006895850054764,0.0022984818243287908,0.002191811185900505,-0.002996393975005174,-0.014141774502834381,-0.008312705119141395,-0.0032865303179592242,0.001211786894058875,0.002404863596136675,-0.008368352814759228
2022-06-21,0.010621898330322566,-0.0004983479562669091,-0.0014423257915143761,-0.005380107063746031,0.0020235751157469117,0.0028504204379986575,-0.00230840033898172,0.007041921208024604,-0.0031511010533331607,0.007626007177298888
2022-06-22,-0.010887643496339194,0.0002695663629821432,-0.009935319690382749,-0.0005954383238024885,-0.0020460432762715586,-0.009061975970808156,-0.0024998811225446227,0.0010080906876355211,0.00472934064029884,-0.0004927720040875938
2022-06-23,0.004539618279103097,0.006275353685174512,0.0049645567300562465,0.0038068856657600403,0.00231899097948407,-0.003174908753558192,0.0048419836324329335,0.0033381515231065695,0.017068824048959153,0.002054902467903519
2022-06-24,-0.019645704122686625,-0.015543227651198532,-0.009872958773470164,-0.013418098148869073,-0.019111636754127748,0.009451345874990524,0.006652610238216061,-0.003723617545514313,-0.010427746575612296,-0.012427132000217833
2022-06-27,-0.0035216250513280256,0.012495500065453635,0.006840542411960859,0.014508860991907735,-0.0033073284932303437,0.002381654411315992,0.0004096417668650876,0.00012530170498914472,0.0006560055665274511,-0.00041652374185319196
2022-06-28,-0.012588089855727014,-0.014597832345127792,-0.012874282436029505,-0.004584214974845624,-0.009386018864363632,0.006603304165532675,0.0018021688836780125,-0.010562622754975992,-0.002717438308442177,-0.0008190961753724579
2022-06-29,0.010834044599953963,0.004631195684930978,0.0005980227946553729,0.011746387884180143,0.01546172739333973,-0.002625321142438075,-0.001075899764885535,0.004734311318540518,0.0009765032165633958,-0.0010804169571287936
2022-06-30,0.006297802067078528,0.0029609948616229342,-0.007139515782815353,0.01504541344299093,0.008991900271160702,0.003679804223618799,0.0008465189523281236,0.011329684920189376,0.00849578070038648,0.009371012484791885
2022-07-01,-0.012433330783619745,-0.008626846175601055,-0.007020076741211523,-0.006522234548067329,-0.017347311420893075,0.0026841604135641184,-0.002706649884606671,0.0023657965855494734,-0.012449893730896111,0.00600754034510409
2022-07-04,0.008412019987936059,0.016993364788845167,0.006431774159710191,0.013338641490833858,0.013169376367272445,-0.005273100424460053,-0.00032811414180011766,0.015810097993725014,0.027132733786038532,0.00881037292173259
2022-07-05,0.005702435288996943,0.010469619336103353,0.003284414544017622,0.00010289490127712853,-0.010985452605753343,0.00048571497791827234,0.00017298177844615736,0.0036623063072640516,-0.001221284567773706,0.01457302796135429
2022-07-06,-0.011458234492271346,-0.01883698775955278,0.002839992800358626,-0.013859452543206752,-0.01181527576448782,0.008839782889651593,0.002053652166796649,0.005343160741933195,-0.008281310153127164,-0.008661149864377271
2022-07-07,0.0025705857564264356,0.0028679890491261073,0.0039702711492826115,-0.010317315790671744,0.004509310075558437,-0.012742983906248173,-0.010295897934986753,-0.003009003733075999,-0.005903296748398401,0.007348384328743629
2022-07-08,0.011049930179012568,0.01434561817274016,0.016652148977882808,0.013081403706493688,0.02136139182989716,0.0005462584433792994,0.003252082755749841,-0.007376244376419927,0.005783528812707939,0.007492948248375431
2022-07-11,-0.015917961983509255,-0.0175863711126496,-0.02474552868076174,-0.019311031145115676,-0.026293362205737303,-0.00021242672845600552,0.002977760597610457,-7.675561445663615e-05,-0.019038154987103706,-0.009826918240470772
2022-07-12,0.02391111486629227,0.04049713528035159,0.017583984065384195,0.024263481694836164,0.013339296772861609,-0.009717255616195852,-0.006246083825426352,-0.0011012799981180432,0.011228569386107612,-0.003798012541446516
2022-07-13,0.0011346288732103638,0.0049426844355355826,0.0077130910872533764,0.0012845432902390819,0.0026251352970017017,0.0021186490999303143,0.00010244527105296442,0.0051710012431720465,0.008881386675678504,-0.0031388826609470843
2022-07-14,-0.005975808279585326,-0.0155011580093537,-0.015243204459790882,-0.00965181241887858,-0.023233858340241276,-0.010570059530158216,-0.0010223153348926095,-0.006196831237306966,-0.016263108242982716,-0.003034319960033338
2022-07-15,-0.0019094738927240007,-0.012294652202214706,-0.006539425292728218,-0.011075465498149084,-0.010999510485728448,0.00572396567776523,-4.84214800940963e-05,-0.001689923798333326,-0.014732145959430953,-0.005021017399871597
2022-07-18,0.010749511910311593,0.01877770633141629,0.012384502183300894,0.016656166930440586,0.014812301333023026,-0.003536227074367626,-0.0017436646174030512,0.002184959696939437,0.003711657956172454,0.007150173713003749
2022-07-19,0.00024430339284897684,0.005436674053202806,0.02503672760331077,0.006646263130053676,-0.009052787200088508,-0.005352644710837184,0.0003297756425020282,0.007769583784698719,0.008015993338451377,0.00037454451999519023
2022-07-20,-0.0032984315900722594,-0.0009093611395761814,-0.008550505637568317,-0.0045191972044036355,-0.004072766009065698,0.0004774254273096634,0.0020933238576164026,0.004383382280281678,0.001219937260369397,-0.017301262021265362
2022-07-21,-0.009298235167482738,-0.01747562553461346,-0.004252330750905031,-0.009895744961634922,-0.014086873251740961,0.003932476539452612,0.003193000448532768,-0.0014445404884849689,0.0019912967798083603,0.003646820760634162
2022-07-22,-0.007658663559741208,-0.029757647597892345,-0.019057666336597556,-0.005371481451156845,-0.0022450370622815186,-0.007953376346830132,-0.0015058891819595965,-0.01183868662173826,-0.01279089159272051,0.0019858937935519627
2022-07-25,-0.012316286524300613,-0.009892858169513241,-0.008739321907359265,-0.017374990428057235,-0.012129984245110248,0.0026457163874031853,0.004459120533470529,-0.009094814794579742,-0.003973386405669022,0.0010176804342372225
2022-07-26,-0.0049931365010779105,-0.001180008295313173,0.0002724465702004242,-0.00982886667030336,-0.0059932345602177195,0.0037608589238915524,-0.004099828230777147,0.008938948616239228,-0.0049079277697196,0.005844203558662997
2022-07-27,-0.009635783959323518,-0.01760476381296061,-0.02179705232575735,-0.00925745564586744,-0.0218869029329406,0.010744249244535542,0.005001814045337394,0.001180513638316949,-0.016999707054656588,-0.009949272918503449
2022-07-28,-0.005169937769267663,-0.002426281617746384,-0.0072667061847441206,0.002941211516997777,-0.0009735424646777346,0.01232643354952212,0.0011710400976243651,0.0007678867050775473,-0.008465331334549409,-0.0019204974694918553
2022-07-29,-0.012265421999807513,0.002743620816772818,0.0015831522680838095,-0.008177974911636188,0.003083663849492435,0.004381594103955333,0.0018839759596440686,0.002683062124447355,-0.010534023822231231,-0.005559904681561201
2022-08-01,-0.008503393075495302,-0.00345025026463186,-0.003153832080222352,-0.00651446938918121,-0.01541675970053702,-0.00602158193416602,-0.002241141512768552,-0.00500561261577559,-0.005060751104565608,0.014594622669275026
2022-08-02,0.0001228347307831168,0.005400007632519577,-0.011017151247357804,-0.004159783932382477,-0.005806103767960091,-0.010029778103084808,-0.0030777486599405934,-0.0019836166805202726,-0.005142001772593496,-0.0064490679214829205
2022-08-03,-0.0020117857730636013,-0.014158194735277352,-0.010133706345970106,-0.001364135348056239,-0.011041035673013622,0.0035838245260930712,0.006745569362560433,0.0023597986421353134,-0.003424020592480148,0.006952617738368527
2022-08-04,0.0033105084645641547,-0.005783969591378724,0.012698926897952045,0.004877989637808167,0.00987816874301184,0.0034647694653220373,0.002607062425577178,-0.009206450539159694,-0.01889401695683901,0.0002799167272817815
2022-08-05,-0.0032161755722757146,-0.01861465807506535,-0.004147151462333576,-0.003971525669126619,-0.016553151133718358,-0.004029319831673761,-0.004187719204686302,-0.0030141796185297887,0.0012002883735615644,0.00047542437141667726
2022-08-08,-0.02319869264316443,-0.022232063190709916,-0.021859105199393936,-0.02340732665071721,-0.010992019366378725,0.01123157931212626,0.006047477063758411,-0.005524785465061299,-0.026095398774171774,-0.013828876426347336
2022-08-09,0.010456297714731999,0.020233093125142876,0.0197954389426227,0.0016021632304570321,0.007986912411438007,-0.005347229171915435,-0.003323548929092035,0.006052993244669791,0.00615486058411685,0.01181273661053761
2022-08-10,-0.0036031318571714266,0.000857093880349824,-0.014553001374288277,0.0008668802219213845,-0.004966151795466778,0.004693995717854449,0.0025644217602389663,0.008647530502307044,-0.008104576177199396,-0.004543335503524593
2022-08-11,0.001674195122561617,0.0033310204296730372,-0.0064274346996563425,-0.0060897145072548176,-0.0021985552794010488,0.001076250517765276,-0.0005515465734418079,0.008916651455676217,0.0054810801089961725,0.007490043218387088
2022-08-12,0.001079287670137763,-0.0014706751318026567,-0.0024381811660539876,0.0018466147816325051,0.0013705207512690887,-0.007680184221660724,-0.0039046359887769944,0.0027545334644016872,0.005217911979812584,-0.002797026256182389
2022-08-15,-0.0055228901711023015,-0.009889076646919182,0.00323981651423777,-0.0009775231799324935,-0.011022092288880292,0.006500485614360896,0.0038213700605433942,-0.0050579658651961346,-0.00814016005693674,-0.011678593063568665
2022-08-16,0.004587397705799301,-0.005635873017981297,0.007457530630992082,-0.0031448170636904083,0.006944596990570151,0.004573798091912495,0.0021046142796334877,-0.005352902258319303,-0.005444012658499253,-0.004796774908364276
2022-08-17,-0.004356612733599774,-0.0026780765043866728,0.004492252213378123,-0.0013496539562120047,0.007457663037042206,2.5604657875266668e-05,-0.0030333027363318443,-0.005315130887120434,0.0042720045484399005,0.01180307374265488
2022-08-18,-0.009388634784114003,-0.03284821428571416,-0.024821906179203657,-0.011565652884645505,-0.025515743756786113,-0.0017988751308326556,-0.0019449094762585828,0.006043533962896808,-0.0019248639320325056,-0.008414906578991133
2022-08-19,0.019489647312100233,0.03157282521394733,0.02642781383848325,0.008658811235808361,0.01917799522256347,-0.007501501116364162,-0.006549527637326302,-0.0037513314335209103,0.013335732643792397,0.017078511677340646
2022-08-22,-0.014352081884129952,-0.019804727002622036,-0.010335732486923876,-0.012222962543679605,-0.010510365534597499,0.01394441109522604,0.006220466037283101,0.006861207992030938,-0.018885260077671995,-0.006757331619727691
2022-08-23,-0.0014190546525080228,-0.004610693156087864,0.0023515047952888946,-0.002051091201664579,-0.00012590910307075376,-0.005685500159496759,0.0007016787614102515,0.005963963304981501,-0.0054004391176726285,0.007274929659220053
2022-08-24,0.022946640415972386,0.01101143795345938,0.029062184138183955,0.02368476254849572,0.029730882623772548,-0.005791028915527852,-0.007110716785647453,0.00794301242905826,0.02038188338571878,0.011537411045780432
2022-08-25,-0.012635989251636448,-0.011853189201939673,-0.00027026485956227475,-0.0006954693072421803,-0.01514398788114113,-0.002185750081452942,0.0033541863791217708,-0.0032041327871858982,-0.011794103336040807,-0.0007506950605452589
2022-08-26,-0.0032512807697113733,0.004895929928294018,0.004765957446808411,0.002769314258136424,0.01026727509778369,0.0013800976991715785,-0.004970494871391562,-0.003097900652515584,-0.002467794109857979,0.00565473362473079
2022-08-29,-0.005445669915180917,-0.002916850349816369,-0.0025535370848321914,-0.004205499372066823,0.0027454504950874536,-0.0025605115862270544,-0.0011727235765272015,0.002860204945466016,-0.005404034146888392,0.004372958326484877
2022-08-30,0.03172606427899782,0.030390081644995348,0.042874376528239555,0.029832480107531145,0.024986134135766003,-0.018911131206678644,-0.005445585942287723,-0.0006515109594327217,0.024853636401383383,0.016430825314073916
2022-08-31,0.014079000737913683,0.028482180573156324,0.03621885066280295,0.010191873089023806,0.024102004514267694,-0.009485804055938352,-0.0029739704137278222,0.0041553227603523535,0.010462426518961676,0.012550772396013654
2022-09-01,-0.0033564323990901146,0.0005425842140418524,0.0015023066184696177,0.0054393121902005515,0.006765297454146557,0.00420748028764617,-0.00110342208186609,0.005246478098307472,0.002424802483608657,0.006749853605587219
2022-09-02,0.005792602585396045,0.003249418820702843,-0.00396014012803525,0.0022190845235214862,-0.005774564370517488,-0.010126177554750981,-0.006253759302994544,0.002907538924289632,0.005462607423660559,-0.0017033406662417816
2022-09-05,-0.0018580524821706357,0.011913273436759741,0.007728184762813672,0.0063041546872557586,-0.00528168500625581,-0.00895601606410057,-0.00281444031353828,0.002680812332828353,-0.0009869442992127553,-0.0012069731595316657
2022-09-06,-0.0012402047903210534,0.0040520294197767814,-0.00884494898692334,0.008527883248421686,-0.006714124876858851,-0.003147435251766195,0.00014843770350747576,-0.013071286711967334,-0.0042209374425215,0.003787494344368758
2022-09-07,0.004067618429904218,0.011091752297622604,-0.0032069832204608684,0.0016396830595979406,0.006031902521385302,0.006556261985961598,0.0037984490355460476,0.005773517801577865,0.01177960372849407,0.020671824858351284
2022-09-08,0.009881707674352702,0.0182569047743828,0.018007577238496886,0.015667305764533124,0.026105734459422658,-0.012285249906042628,-0.0008533526628144994,0.007826455686639422,0.007787989031319498,0.014580679326894552
2022-09-09,-0.0070979999571979535,-0.017095776700827958,-0.009921224562574493,-0.010333579918511915,-0.003795861295939784,0.0096898336070399,0.0020449316116502025,-9.188720603647837e-05,-0.006254330316040613,-0.015957082774800457
2022-09-12,-0.0012381572771078542,0.002999392581111371,-0.004315340817259594,0.0010282686744047531,-0.007125522574201071,-8.347214669490732e-05,0.0009235038517720895,-0.0050971856957164885,0.00704540329249026,-0.009772902196793387
2022-09-13,0.003570409482086978,0.024054946936695742,0.008706349408793779,0.009181073756173497,0.004736740162988973,0.002714708078854988,-0.0019944895701305976,0.0021523815658424095,0.006540777690069666,0.006116021804540184
2022-09-14,0.0012878469301933482,-0.0022961737913989033,0.0009195581982637258,-0.002185251850275849,0.0010171154490774548,-0.004954376073057043,-0.006147381494685189,0.00440041936475577,0.009358997652834544,0.0006143066432608979
2022-09-15,-0.005731780359703897,-0.0034848902923833025,-0.008461350301969595,-0.002270723231112437,0.0017030511202771326,-0.0033951010963330086,-0.0006356117431548514,-0.0006393313765002961,-0.01002714805794036,0.0031403424238309885
2022-09-16,-0.00965523862095441,-0.012673571941339445,0.006448810826775286,-0.0022007982948145655,-0.013342993852179852,-0.0005675034908254606,-0.0019225594544358682,-0.0068951810453200535,-0.013368264611856362,-0.00984683119161589
2022-09-19,0.0019241860983612025,-0.0037995641615302667,0.016580301340762604,0.01850007911789331,0.0027962977773576814,0.002009007799677276,0.0005869763531196615,0.012177414694530597,0.005494980799536586,0.012069687272604712
2022-09-20,0.0039643378902658455,-0.002448169294868907,0.010397434431638874,0.003253120020613842,0.0014732794097602753,-0.001019954870490003,-0.0015195139216122033,-0.009670882302742045,0.02147265654223096,-0.00015175531860756042
2022-09-21,-0.006035053905920629,0.0070029767877450855,-0.016899401283476112,-0.0035976114126432535,-0.00022587940935436812,0.013423508993775757,0.005259448525054999,0.006155817927606,-0.001953636381946011,-0.0024950880268166387
2022-09-22,-0.005637831155924977,-0.00026986743281331993,-0.013926052887091922,-0.007909206179529282,-0.0004750332378438138,-0.006740972831935199,-0.0033569733303442373,-0.005307548298689513,0.004279995743853293,-0.0010075828495668127
2022-09-23,-0.000845838086602102,0.015959699992524667,0.00775478693405085,0.012312777013602227,-0.002193726001593843,-0.0076314352688861,-0.006177947805761863,0.004081939539756885,0.008623980914350238,0.0038765125503719133
2022-09-26,0.006933449134782554,0.005769773174131521,0.021502737441827957,0.00986251733866772,0.02116212338593959,0.006396629754850114,0.004353450939844183,0.0054101940399096105,0.005985713975238616,0.013042653677671323
2022-09-27,-0.011246816995728492,-0.03237369868135753,-0.022186246817224586,-0.009308349108876457,-0.011470274129028346,0.007221003967930795,-6.777329790275122e-05,0.005663379395966395,-0.0023890410169716825,0.0010145998266686274
2022-09-28,-0.00030629972776086145,-0.008490736423852119,0.00048336911719126796,0.00042065153830184165,0.0016442659999453824,0.011456475549362244,0.004129045778767937,0.010788157215755989,-0.013294810205621066,0.0070028573409577355
2022-09-29,0.0013236202484485649,-0.005795100005718923,-0.016237257442411113,-0.0029716057041253574,-0.010083500170906756,0.00016146588531107398,-0.004454532052588056,-0.002660129201210837,-0.0010754281136661215,-0.005244609530712041
2022-09-30,0.001977910073633238,-0.00047508772079318806,-0.006593237382209294,0.0036366937291145707,0.007444161534388094,-4.377348306805473e-05,0.0025177957370094983,-0.002485341226389992,0.002673155476947686,-0.010465286777637028
2022-10-03,0.005152447962474271,0.006773750756664976,0.007811270681900906,0.010439042773695117,0.010466650153514667,0.0001530130928604212,0.0011032554125485206,-0.002072813360084025,0.012685549211056246,0.0029083680005890233
2022-10-04,0.010684711092314947,0.005623044319581938,0.004436976983181795,0.013859465910786017,0.007644684635381038,0.007221835844077429,-0.0016826930050949374,0.0005213627804110388,-0.0030383462741039313,0.0029109463328682583
2022-10-05,-0.001491011843924861,0.003997911570154056,-0.011273128008816191,-0.0002906164010653134,-0.010030720141210758,0.0071461347683277054,-0.00365585478542918,0.006040135911980826,-0.007491503781020814,0.008680955884236896
2022-10-06,0.013359665707301405,0.01337395705991029,0.005457967083249304,0.019837575481036485,0.019001737301696187,0.0012152284352371368,0.004338871126819077,-0.004651611064531269,0.0030068282335704577,-0.012669423834228866
2022-10-07,0.007044529794273169,0.0029817391754176636,-0.012652511598816418,0.006570496629959344,0.0061606536966727354,-0.0020297753093292403,0.00021781105285301194,-0.0027688423553873243,0.006715104078662604,-0.004720808031805301
2022-10-10,-0.02876218976861855,-0.029281063550615216,-0.025330293650821734,-0.02145758130831732,-0.016748184997840254,0.007313971499994132,0.0044830270885503065,0.0025454008246788007,-0.015553233459123628,-0.0021500413114421413
2022-10-11,-0.004403091884168653,-0.008122876033690218,-0.0013131920631301863,-0.012403702794679505,-0.0036691604864436123,-0.00796052341788478,-0.0031998460572190135,0.015215803805971095,-0.007767485091085047,0.0003386048370535022
2022-10-12,0.011834998303707378,0.0021684118954106157,0.01046107148277442,0.004445524245447752,0.003409566130220698,-0.004583673448351977,-0.0034122779036674933,-0.006243726570661856,0.01682611475088769,0.0024489675123373633
2022-10-13,0.003840160553446159,0.00011331735487374317,-0.0035458478974239593,0.010179268119300255,0.0006393363376944183,0.009134686038976936,0.0025768042721994178,-0.007770652095172581,0.0019660251949216168,0.002059192560336598
2022-10-14,0.01397786417658664,0.03216565547731132,0.024914083131353237,0.00978424577411241,0.03218014648589684,-0.0064847137013306355,-0.0067320593127719874,0.01242155285140134,0.016567802680661714,0.01652991478172483
2022-10-17,0.0011327685289412859,0.019342932652875344,0.015339707818450732,0.007714627563774279,0.003928162122470269,-0.005017132932969015,-0.004482698886108305,-0.008571462073332259,0.006170538044515617,-0.006857131471072586
2022-10-18,-0.023339874494914148,-0.009214651600829793,-0.014727881815411292,-0.009570357756785719,-0.02001101925361648,0.005846505670838997,0.0024462077490359224,0.000580116378086748,-0.0025176144362140107,0.0031371547647818243
2022-10-19,-0.0008919201246750941,-0.018781172069825547,-0.013389722667501047,-0.0037886001041003148,-0.012322651748719937,0.00852310164214476,0.0037691101118897397,-0.009254022260952954,-0.006636971521810975,0.011785722402781751
2022-10-20,0.007449815028200746,-0.0022112703727389382,0.002576010795166228,0.0034298072826970394,0.002611666763185694,0.006940167132322594,0.00023085632277553003,0.0023228859143276104,0.015844415179146587,0.004861003163695532
2022-10-21,-0.01588023963630758,-0.009315039798910907,-0.013903965852411715,-0.015847644896641033,-0.003757258821175946,0.004297448304569684,0.003199580055117668,-0.0068810902141756,-0.017876549820600385,-0.0037161923514037465
2022-10-24,0.006488851262903772,0.011753810632346262,0.01699380607479739,0.007504825320628017,-0.004533633878660903,0.0034543819979839796,-0.0002441865535435239,0.008119518545929738,-0.006178507760349339,0.0007072383330355425
2022-10-25,-0.012317887556429707,-0.009080232052696702,-0.000847703789769505,-0.010217338002861731,-0.01071662454737754,0.008035321595149858,-0.0008922463048416374,-0.003624920047270219,-0.011798611524669989,-0.009625276125781568
2022-10-26,-0.002549927883313763,-0.003456588079727152,-0.003502859719486384,-0.010921769223090294,-0.00019385160157336934,-0.0017129111640870054,-0.006315743959382392,0.0029203899898935237,0.004830212109314225,-0.006330999620556499
2022-10-27,-0.01130906847624924,-0.017905817221413378,-0.003947424826265755,0.0035138216548604717,0.001799578901409582,0.01585118814537112,0.004547987755996852,-0.004225952847075054,-0.011229645245710906,-0.013360577001944929
2022-10-28,0.016060718751482073,0.034516567650791696,0.01886970649381392,0.024743439310126458,0.027279230768127993,-0.003985567729990591,-0.00020575291823443642,0.0013441366072917127,0.025068880143954475,-0.004344179464584208
2022-10-31,-0.023912925998889722,-0.009642042554964148,-0.011376849940804235,-0.0023809740183026173,-0.0027799680415321326,0.0031181732822145314,0.0009477413345198027,-0.001770088898195632,-0.013842567688721608,-0.016223287054861535
2022-11-01,-0.010584673614064566,-0.00820054852604657,-0.009194586504716051,0.002501434726764229,2.0991850963492098e-05,0.0042085621056251465,0.0018129460831666222,0.0007566249506938405,0.005011091312411509,-0.012536683993330966
2022-11-02,-0.0019533982261719096,-0.01345330469063144,-0.003306125675899052,-0.0023716147697988577,-0.008267816809361617,0.002643575932757658,0.0012774840833791323,-0.0026491711486390512,-0.010656081746077684,-0.007354500083085469
2022-11-03,-0.0011722941031058198,0.012701708679680124,0.024499611804041477,0.005053255925370648,0.009297698505651208,-0.012427234995841974,-0.004889322241354188,-0.0020322744827998562,0.012696444702896104,0.007440738185879869
2022-11-04,0.0026637205848958345,-0.004344946744155531,-0.004076538027940946,7.431211450592556e-05,-0.008322859271955974,-0.010640182939962495,-0.0014701676057782276,0.008541054662749792,0.011955817107237587,0.007915794057567815
2022-11-07,0.012005791687554224,0.020779193092788972,0.02916142498386276,0.009447811398993755,-0.0045664353607609565,-0.0029003721771164725,0.002554241619481923,-0.0043804149109014645,0.002699809068360759,0.0032678438105200325
2022-11-08,0.006889701907240475,0.007593636048468966,0.011150012418151833,0.0034489506823394134,0.014294677417298951,-0.006962714289474925,-0.003130001911737623,0.01230036187025263,0.010343054119514417,0.012463109780571191
2022-11-09,0.0008066227977074902,0.0006093794693009524,-0.003274613651052749,-0.00479869458330795,0.0020847296693475847,-0.008158811664734311,-0.0023401444446951025,-0.004031608281147792,0.0039472641285107635,0.005189901518727114
2022-11-10,0.005729143273496717,0.00670530624419996,-0.00023961752046974816,0.0025745208730358904,0.011555724005891443,-0.005034837063475517,-0.0061377621039256924,-0.0005411066193400371,0.009891644560472646,0.0178991988092565
2022-11-11,0.011569169391694611,0.01471226715007945,0.03207441509656861,0.017720729056831086,0.0054948990696277455,-0.005073350864697623,-0.0042525129730720534,-0.0027603669420115384,0.018218806352868544,-0.001796824789071394
2022-11-14,-0.0041008837011947685,-0.005213540198605093,-0.007696489969139186,-0.014783255276335838,3.8359579962676804e-05,0.013054768087285895,0.008719081305729404,-0.0026413512396571415,-0.0034174997142131236,-0.004244888416422787
2022-11-15,0.015690379145168576,0.014383327082076125,0.0029724834544693213,-0.002092484225888147,0.009296361596409453,-0.009098569468939943,-0.0035210012010754577,-0.0059125735643512645,0.008320521556314242,-0.007661998906738909
2022-11-16,-0.0035061685288639843,-0.006103001462951951,-0.013715838957494397,-0.0053461272389037084,-0.009768591474165422,-0.003172901789157523,-0.0005910822362106272,-0.0022436720172536173,-0.0020782466661459775,0.0056305119773152335
2022-11-17,-0.022999245687033154,-0.014591972696411326,-0.012205677893887046,-0.01386508970415734,-0.011900453977235381,0.0035524070305361644,-0.001481528286785383,-0.0014143897476278644,-0.01827697563863928,-0.008925108496453338
2022-11-18,0.008094282199054392,0.00967027104663809,0.011538103551215872,0.011631731275214996,0.012545951419812074,-0.0024640046559883944,-0.0016039602038995238,0.0014338496877672746,0.009008790416505041,0.004870435473685042
2022-11-21,-0.006640841173215284,-0.00852092025125839,-0.005295351334610232,-4.8766214766349236e-05,-0.011945242864227823,0.0066544219067581345,-0.0013732891458183571,0.0025714636063967067,-0.011824318521444943,0.00030546468006953376
2022-11-22,0.00504128531635506,0.0007071266064071491,0.015527277649925342,0.004739584744461567,-0.0002884102080575879,-0.0026061384226070405,0.003209029966602106,0.006358810543898308,0.0018372831154203073,-0.005751315126678369
2022-11-23,-0.012412554100770246,0.004211086874148728,-0.012541601681396508,-0.006633600535002615,-0.0012052921897343083,0.006253468995568223,0.0047918208792807615,-0.0018206428489724313,0.00376151834867966,-0.012594507521629494
2022-11-24,-0.0197223189698591,-0.007840241815574855,-0.00908299340543628,-0.002785172530489377,-0.013878281059492958,-0.0067454035806268076,0.0010061806440564425,0.0013566326384444327,-0.0076210263581381055,-0.004527689102440724
2022-11-25,0.008473493175195523,0.0020392766323977796,0.001743790018618574,0.005892601128795194,-0.008343613228112279,0.0002480447712911449,-0.0016190899129565617,-0.007597698100724415,-0.013117421035947041,0.01057489797517408
2022-11-28,0.011089003510461604,0.011256793157708112,0.012221547276897837,0.011402241117708156,0.014549864455928097,-0.0077427639629777945,-0.0013239180582087506,0.0005459466017376791,0.003510468750827167,0.008236315078052225
2022-11-29,-0.012992905667945087,0.00251964797961568,0.0008811411169331596,-0.005092785013119938,0.0004716948120568887,0.009265283917955003,0.0041006704070389866,-0.00033375212421815625,-0.0029265890463961997,0.002913871696994308
2022-11-30,0.0013816680085441124,0.00931464603130916,-0.0027529596273604406,0.007725794363702132,0.013895145652800478,0.00022593719576846638,-0.0015238270762040207,0.0012519883195794002,0.0030815852789478626,-8.499120063920618e-05
2022-12-01,-0.014183137993918016,-0.020893355868725316,-0.0344739008801036,-0.015326011340607959,-0.011559042601633207,0.009116655024133946,0.0029759557541577664,-0.0013625710372091593,-0.008386337778262365,-0.008944236413879536
2022-12-02,-0.002987040719977019,0.011028975120303208,0.0028289184005168,-0.0069926658318832935,0.008088371813824935,-0.007633402896005226,0.001520787865149975,0.002304878078075223,-0.005680145559271876,0.01735540117759804
2022-12-05,-0.002288925933763175,-0.007828070061733472,-0.0047811137318869434,0.0015139191399775598,0.004345471943456358,0.002167886619569126,0.0004953013194393119,0.014461935935367265,-0.0007169724500660779,-0.00471727072717254
2022-12-06,0.024871259676539026,0.034768336970345315,0.024803826503589477,0.029903760726309514,0.03007435861728558,-0.002585859125474488,0.0006486654355657429,0.0066196573346901655,0.02688255525273564,0.013777883757564391
2022-12-07,-0.018014016509904196,-0.013777783915265851,-0.02296196254070737,-0.020079102702969642,-0.023500798440865278,0.004153693348970977,-0.00023568751089797502,0.004230359193286404,-0.0017902115404335728,0.011633546024705677
2022-12-08,0.011418394331665471,-0.0029024702001724245,0.018499012967445383,0.006259496359878769,0.012032503385769555,-0.0006683052696105918,-0.0023849688547934456,-0.006749994303432372,-0.0006442390231247153,-0.00010952155240517847
2022-12-09,0.009142375086392596,0.011176244011651626,0.011515114158065609,0.015074612713412483,-0.00030204442084680316,-0.005814690492141117,0.002793019208594316,0.001422349594471406,0.008552994942077063,-0.00546859709071712
2022-12-12,-0.008399848923580588,-0.013461259942187054,-0.007697307691439503,-0.011896809716256729,-0.014505222340697954,0.010491814150645817,0.003953889638932395,-0.00010220732579824254,0.0031492934388279714,0.004149954456122984
2022-12-13,-0.0064852950885443406,-0.008860662759877291,0.010728586326226752,-0.0033622948509619555,-0.010970987375115704,0.00637903641351989,-0.003076707051043126,0.003981793487200624,-0.016833625230977978,0.002757300057537382
2022-12-14,0.0065506312937688715,-0.0051435736778884245,0.006228854131622885,-0.001864896983233777,0.01655701403822385,-0.0002721146530442198,-0.001501429545950006,0.001705649884788052,-0.0003363063751078421,-0.0016899963869043688
2022-12-15,0.015374927315062736,0.011661938394454063,0.02669229556425501,0.019958687614532344,0.015306903832058794,-0.0044726702722935885,-0.007045586387937064,0.002640862039053893,-4.38046243665946e-05,0.01542880030749827
2022-12-16,-0.009507899909472428,-0.023831171842082388,-0.02538843400052715,-0.0076911852863670305,-0.022752923240197176,0.009656382854245527,0.002661367468775655,-0.008931744483711257,-0.019362492136725473,-0.026280598789049536
2022-12-19,-0.008248416970480288,-0.00497924454265708,-0.014943069497789008,-0.010261170893139937,-0.011335384038676843,0.008478524393720877,1.5929173862616608e-05,-0.016223324364790348,-0.010554980782323087,-0.0062181700268946205
2022-12-20,0.010475829219798838,0.011961419596138612,0.015664368666270967,0.009959439092409372,0.008748513686628767,-0.003887220055420193,-0.001985665648613133,-0.0037178830653473716,0.008088721299396529,-0.0051767583292889885
2022-12-21,0.009047071983553368,0.008995778998363235,0.01051939072868402,0.019591301419633833,0.011721054922580576,-0.013037318810763199,-0.008377641533881985,0.005079436289930239,0.0131240225505318,0.011889307524321158
2022-12-22,0.004416813352808413,0.02484408921268111,0.016494660761321,0.0012863211909248662,0.006739175864626246,0.0011155030770817476,-0.0012008056198550277,-0.012106004368115264,0.009559022454684873,-0.007577642232871273
2022-12-23,-0.006408407990375009,-0.00849515044528626,-0.01802444434778827,-0.005220268599919531,-0.01229053917465217,0.004261665482222066,0.004989228524901579,0.006193925314090798,-0.004031912005534655,-0.006702334381163966
2022-12-26,-0.011380864935727653,-0.006707515898593197,-0.005072730171947981,-0.005284310936673697,-0.00689549073366913,0.00889679301556967,0.00910397093480797,0.0015200387573863772,-0.00500138047949239,-0.007296500221971258
2022-12-27,0.02570623827997487,0.03408427217471521,0.0349856369013104,0.017928416162417138,0.019884037444397817,-0.00693344088809511,-0.0009538265967500292,-0.0011628750346913685,0.011426319240578353,0.01507138589205459
2022-12-28,0.0057140742385553,0.015087894238672073,0.020201802956608006,0.018796707387695566,0.01737938180121712,0.0012985078956784246,0.0018404119643100625,-0.0039013670087539865,0.014830567710008014,-0.004168007253794959
2022-12-29,0.01461125380552497,0.016835985840504275,0.010427921066972434,0.006568952858500898,0.010306818469626888,0.0020393010671273526,-0.0005665258429370379,-0.008686992345036115,-0.012337473374992025,-0.0030206849455892693
2022-12-30,-0.018124360775362836,-0.024112230650213173,-0.019051821622456222,-0.024988361285855132,-0.025207312165612228,0.014557939728849778,0.0019956692222158345,-0.005182266644544686,-0.00910587078485181,-0.014336257603362879
2023-01-02,-0.008800983030896936,-0.008395188717732593,-0.01482028175125183,-0.009551323929677835,-0.002906024552997266,-0.000354907315612607,-0.004189483819881379,-0.003912903233689202,0.004081898364249659,-0.0010489200233508855
2023-01-03,0.011639259956722325,0.008230332313559963,0.008209223475464489,0.010809484360968291,0.010447110822723538,-0.009577536958246258,-0.011207367510825739,-0.007568290946202039,0.013015982603301612,-0.00111453742021983
2023-01-04,-0.024248407424325102,-0.03186934323508939,-0.0322119224584102,-0.021721800485193676,-0.022173440503842956,0.012950851319667223,0.007367294010874659,0.013296072606506115,-0.004360754249616572,-0.0001254317566998786
2023-01-05,-0.011116759956509403,-0.009968018441832815,-0.01439182401904604,-0.004590070452653472,-0.0016940210536728895,0.0048221356752788935,-0.0023099418771179714,0.006731875227943274,-0.016228565471950507,0.010457078234298534
2023-01-06,0.005227646973487543,-0.009483243915086703,0.0011022474848665365,0.004816337355788347,0.006296267242482889,0.002843499317876974,-7.883453053614264e-05,0.004529593505785412,0.00635939312917122,-0.002943449088614769
2023-01-09,0.006798070715126725,0.014770498114729635,0.0007848510296684097,-0.0030212968877298962,0.012379717613334673,0.0005072277129070102,0.0020039040925512452,0.00039440904077192585,0.005648854961832095,0.0011959088210122815
2023-01-10,-0.001501320256506955,0.01521994853079911,-0.0039245386174374675,-0.002167382655996808,0.00616415039284135,0.0039629389109867574,0.007175307147999632,-0.005911994651655372,0.0003961128590099783,0.0015629408532691347
2023-01-11,-0.02095186284954409,-0.02153856496567419,-0.029890246837763867,-0.013679924436724611,-0.0189457459677691,0.0019188088561676864,0.0008346994330059587,0.0049890116820616726,-0.021106025508637827,-0.005004911318271965
2023-01-12,-0.02045357493813249,-0.020513245401141078,-0.009028290653684379,-0.011988450916394666,-0.029014643492541348,0.0017455143233422454,-0.0005973266813431577,0.00899501644590961,-0.011685756847874873,0.010487651095843598
2023-01-13,-0.004692961608054991,0.004388281411182193,-0.005808892695185808,-0.004481472406000608,-0.0004045107885987109,-0.00034461577019950784,0.004662434013590122,0.0051861127955612485,0.0003010972922878885,0.005840552995391768
2023-01-16,0.011691416268245547,-0.0033995649378525394,0.007446817274074258,0.004386780584393568,0.006515682193758865,-0.0013289443100701348,0.0005175841417206506,-0.004584639731561202,-0.0028875010138696977,-0.00044624162838802217
2023-01-17,0.0001147545686661644,0.004287139406231155,-0.014130573177726036,-0.0026013302545782047,-0.0009708153027390143,-0.0030230565971337553,-0.000888786949167053,-0.003743296970218468,0.0003308008091060799,0.008071687216391066
2023-01-18,-0.007273040203822467,-0.011774194872468557,0.0008092512944466446,-0.003092244998989857,-0.028956446139607905,0.007190475851445166,0.008496526530123338,-0.0016714051141637487,-0.01578464218465958,-0.006661180097394248
2023-01-19,-0.009837607241739765,0.008143048503161943,-0.00487052385952913,-0.0019078394858874637,-0.00038989732703720303,0.008252668109699268,0.005450439639381077,-0.004851944774123762,-0.00858164218921842,-0.010390632867356975
2023-01-20,0.00544122757914467,0.0009599617663298421,-0.000825641031741875,-0.000263400982266182,-0.00440177978099443,0.0025405529069679744,0.0030527131331468116,-0.0017119554879495569,0.006696581521064671,0.006339617754260063
2023-01-23,0.008256198085427435,0.01988261007363623,0.009836104612050756,0.012655726547019519,0.0162731273569916,-0.008714999493913078,0.0009065252645361621,0.01830245722450141,0.016083724404103883,-0.004164242121722728
2023-01-24,-0.010308361051719839,-0.010204555223049305,-0.0025515076769254685,-0.008040211900236294,0.005474108636926989,-0.004464128243714671,-0.0026693150106278374,0.011900752217357091,0.0007929955679151224,-0.01884791235693062
2023-01-25,0.014350385268312893,0.027618418531067723,-0.008396358228856537,0.012138035547104131,0.009122123421307471,-0.004548668816928392,-0.0010060275633528848,0.008985844667637632,0.015791263699088676,0.012496177855553459
2023-01-26,0.00543006478017749,0.0010494928112718682,-0.0018417874756069263,0.005641715945450931,0.006522234699132934,-0.0010041108598337622,-0.00242616436002685,-0.0010135190171540742,0.009629512219881287,0.004887717240911638
2023-01-27,-0.012499740723071584,0.006871033845836871,-0.001378216535254273,0.012496040743212866,-0.00011044610439803204,-0.003378028674426492,0.0041279750356775224,-0.002704682875350528,-0.005030780899966558,0.0023505978674474015
2023-01-30,0.01724749059382935,0.026568303451044883,0.020071517412935336,0.013676210675150235,0.02132124910165234,-0.0029239755078478424,-0.0011297793041624704,0.005480098436209779,0.015119012583812319,0.013160892977566618
2023-01-31,-0.006284908991420424,-0.006068484719497946,0.009366393768399428,-0.006458159703454647,-0.005648565064597211,6.755810657654848e-05,0.0023772690297292343,0.008745691913284226,0.0017586877779058874,-0.00013020892614046264
2023-02-01,0.007353227653954075,0.012656689468384386,0.007688179786556892,0.004620643906821931,0.0053791346848863775,-0.0029689593357863364,-0.0016958326996446837,0.0017232643566980066,0.000910052946950124,0.005488611154620848
2023-02-02,-0.00939324243486872,-0.017453323503694773,-0.004373229931151079,-0.012956205335853288,-0.01419001084586824,0.008840664026378064,0.003381455356762597,0.0045142782586402586,-0.016789319213049603,0.010096737761056573
2023-02-03,-0.000890186861154274,-0.007464408343851314,0.022133539872904118,0.005275639323953696,0.0204800866823176,0.005564604149946639,-0.00032406774403559435,0.0078018295247321845,-0.0022197577930682666,0.005274970029598203
2023-02-06,-0.027477093737869662,-0.011194868058390761,-0.011012884043607452,-0.007445016205101407,-0.008707986381945143,0.010535918837940805,0.005792241164964462,-0.0020280451620449114,-0.023583909037805606,0.0006439816260090936
2023-02-07,-0.015427270291990314,-0.016643619122876263,-0.01702567250604714,-0.0053830954838755,-0.004596163775583029,0.005499745782143739,0.0011824649340084203,-0.007386800020480866,-0.01602720296759641,-0.002735606201063945
2023-02-08,0.009381266307704417,0.01801818090502727,-0.00019806917507680932,0.007502224631620535,0.009070604481637323,-0.0011005426699891574,-0.0013160823561036983,-0.009561850263591465,0.002613069784116684,-0.0019949892876583997
2023-02-09,-0.02113809304318992,-0.004744012755947824,-0.0017957945079686288,-0.007462290300084606,2.050737992242979e-05,0.0020285235855384,-0.00038324675772827277,-0.003367932766340065,0.003181332252000013,-0.010669272263026719
2023-02-10,0.003197052433312031,0.0171015584724592,0.019906021072293667,0.0030298274835134364,-0.00011210471126887889,-0.002398262772849491,-0.0014036108050415885,-0.00217855436195713,0.0015011042394710294,-0.005408913890090794
2023-02-13,-0.008901808359959129,0.005462360979793912,0.004274140192713993,-0.004313218610489278,0.0014096697052272678,-0.004423014828702554,0.0021348115822374947,0.0070701563173738435,-0.009435260318153338,-0.004392531785783582
2023-02-14,0.001631285225651924,-0.01274024898839976,0.012203656423816822,-0.00027319916218926377,0.006893698594226283,0.001526692743204494,0.003645677337872355,-0.007539980851025696,0.0016409230655258789,-0.002993992816245683
2023-02-15,0.010565346989111157,0.005371212656815727,0.01971585477221871,-0.006649662962288305,0.009561235434744075,0.012697267575753513,0.004785286840218506,-0.01125645671381803,-0.004152906849892668,0.003908922025120498
2023-02-16,-0.0031164922361310854,-0.004914724835964335,0.0033658135816321266,0.005683667322958552,0.017262406851235923,0.007335421918784002,-0.0020045628857656705,0.003961117804244241,-0.006455865423892426,-0.0010120153994400694
2023-02-17,3.842606824489003e-05,0.008168192927181073,-0.006747565549666157,0.010511052785902697,0.0036587620154218126,0.0018970598284293594,0.005337419601991966,-0.0040645518875532805,-0.004909335212099353,0.0005220633479530168
2023-02-20,-0.001794977356937122,-0.003331541972366181,-0.00695074643238236,-0.015396456090375987,-0.010596857646905544,-0.011091961115886506,-0.003278266373482608,-0.0019333884944833235,0.004465928980836642,-0.008553350610614241
2023-02-21,0.004762218996084755,0.009760386039287638,0.014989623083617953,0.005311836806572545,-0.004305415942005952,0.005690839445344764,0.005333385917333899,0.003516107181378958,-0.006340047938315885,0.01423570530569207
2023-02-22,0.009205643793031681,0.010449617982397408,0.010739248109720823,0.011527413580147527,0.005362975703690376,0.006254072984988035,0.003591434676478711,0.00594744259968194,-0.0031403879479851016,0.005350815572254586
2023-02-23,0.004785895572572141,-0.005451286901976382,0.010698013863042366,0.0008623462178696251,-0.005930764796361565,-0.005566493581422138,0.0002377212582633792,-0.006085293474690334,0.002100816543788797,-0.010942066256222516
2023-02-24,-0.00935078813785728,-0.017238624221479815,-0.013937987148900266,-0.01325068063123025,-0.03149164405142235,-0.010728260550308288,1.6748187806170378e-05,-0.00397604142469421,-0.013459984517062207,-0.004823721229491373
2023-02-27,0.0010433351857299655,-0.011857908831428787,0.0015322375579363001,0.004317555973454068,-0.006449868312314311,-0.00471083804313277,1.8342946100480262e-05,-0.006117470068029651,0.008582158656333716,-0.011640208724784107
2023-02-28,-0.003175726239880272,-0.007127166896639281,-0.005476669670517187,0.0005950535726375605,0.003328491722511817,-0.006074042702070792,0.004460842914688623,0.0053287772386954035,-0.0012796825781439258,0.006722584445788771
2023-03-01,-0.02196512224685243,-0.03466563367963693,-0.02236916351205509,-0.01178360053273697,-0.018785041167100003,0.0009441121196132052,0.0021488609211004484,-0.005789811751344076,-0.01684294325031277,-0.013479064255374817
2023-03-02,-0.0005470856523995815,-0.01539759893433057,-0.004620803815889585,-0.008342192032576023,-0.006925539867695396,7.03344216668178e-06,0.00079463734668761,-0.001794369637768023,0.00201853115709838,0.005647169772485361
2023-03-03,0.015187144269492192,0.02187148115157722,0.007832045632137019,0.006642683237036318,0.004130329801437238,-0.006159401110313656,-0.0009566866738335289,0.008057322982424342,0.0032496955214231793,0.009602843081617518
2023-03-06,0.004137506052202866,0.000988859398995512,-0.004997195850305336,0.0013157989733518782,0.00649817247739648,0.003365663969963739,0.0043062411376177945,0.013696413108580163,0.0006347927813896703,0.0023414779784964868
2023-03-07,-0.0017807828869503828,0.0037995481618402493,-0.00485050453106739,-0.00233972943498606,0.006837071119593308,0.009335896259405008,-0.003971391150665915,-0.005960892350829083,0.00017824252866738277,-0.008438496607226065
2023-03-08,0.010138380384127732,0.00020051150895139536,0.0014757832764871193,0.009561545674809935,0.004742981490089004,0.007958233800242409,0.00841131600637346,0.008187784444616542,0.007747377619027551,0.0023660870742294726
2023-03-09,0.011919511373392755,0.005920040585212671,0.005083273529010723,-0.003661685986265928,-0.007121175285659809,-0.005197069382682273,-0.0017804049409869682,-0.0010081840825525434,0.004398199647459355,0.0014864132395300267
2023-03-10,0.011481074753181275,0.018355153718820016,0.0254223324205356,0.010714677041850917,0.011043810051504455,-0.004964164410895311,-0.0027263244747133264,-0.00016238017914194103,0.014484769315234569,-0.00567360558882013
2023-03-13,0.0029943060403754274,-0.004964374720429321,0.008199525802653707,-0.002457888881385095,0.004333012266950043,0.010568393021837874,0.0064022239511905,-0.0015856467535280139,-0.003823752801566105,-0.005128228945095237
2023-03-14,-0.006023665914149601,-0.004467349813960797,0.0008955774088972301,-0.0031926170730186554,-0.0013834479546602774,0.005277084315164382,0.0020605179129022932,0.008911564744835454,0.000490809498475242,0.012928205372389812
2023-03-15,-0.0037090585701086143,-0.014768493879723343,-0.013048998197448647,-0.0018641544370628926,-0.002217411162119487,0.00041220010718667766,0.00029459275583509914,0.002747805223083599,-0.005916783067515086,-0.0008129661651224973
2023-03-16,0.007924120863555428,0.01745339962760628,0.011287578614626481,0.010720552949181616,0.01453440130989403,0.0009916291843650171,-0.002954446610325956,0.011324743102775647,0.008027665497613468,0.0007628912008292854
2023-03-17,-0.012525885681406557,-0.018447090053493098,-0.023209901733715066,-0.006788945640600397,-0.010475421947542474,-0.0033335591940466536,0.0030302792564145253,-0.006481362237146904,0.002559905526406281,0.0009660223752168129
2023-03-20,-0.005346186378099693,-0.009602796222804466,-0.012810156568580311,-0.005219268125183918,-0.006156181597025578,-0.0004282681714949943,-0.0002596798194755001,-0.012893001679376792,-0.009911545328825544,-0.009083634079835479
2023-03-21,-0.017868712610414117,-0.019222176251551537,-0.01961033698759651,-0.019672254607855044,-0.027369197247833488,0.01013881033739672,-0.00026639742662437627,0.0007507154166848107,-0.014538013809513028,-0.01535437644336446
2023-03-22,-0.023278954384903905,-0.02069570646350627,-0.013738796400152964,-0.0029302126507632087,-0.024040859485665256,0.00815573048895124,0.0018781914581418313,0.007282050865200729,0.0014020878501639356,0.007169263904606149
2023-03-23,-0.02399137717540578,-0.018404207660630334,-0.018728392331241794,-0.009427351242671245,-0.015634034798759466,0.005260785682091429,0.005658770919174216,-0.007888249131485559,-0.014192000213642975,-0.0053302396452503675
2023-03-24,3.46009786309498e-05,-0.015245166768696028,0.007633624008132944,-0.0021760186081999366,0.00456875004635493,0.009715450216222665,0.0017048947567301909,0.0035057466589665243,-0.016940822253913024,0.005831749779307449
2023-03-27,0.010152152538903225,0.007749502565713717,0.010684988274296758,0.005547492399805343,0.010170918084831504,-0.010834126778037412,-0.005281218487443895,-0.010781561919583571,0.004533071938650934,0.007024964851759297
2023-03-28,-0.0021007923640764536,0.008678233222266796,-0.0005055376171239079,-0.000980082725626663,0.0017350934714002175,-0.007749230145910446,-0.0012055156726781258,0.001135441821482841,-0.0064897021046465,-0.0002734575922153093
2023-03-29,0.008023271778677898,0.003597059223245491,0.006513545704369461,0.0023888704134795713,-0.0017393842112943814,0.008856188039127355,-0.0012822844173956405,0.00044723085179643185,0.005496661966136518,-0.0071202156253983295
2023-03-30,0.00789698450397669,0.01711488772450176,0.010929233818909756,-0.0021675301767752897,0.0049027346559316065,0.0022479128807610937,0.0035954750622038123,0.003378151348893965,0.0009689656389877399,0.004395721784826057
2023-03-31,0.010602596876090997,0.028158640104964272,0.011844194042740286,0.008365704490586046,0.017052578906179505,-0.019252669392432087,-0.00327191039232555,0.010899368226841899,0.020890977355207507,0.011992181851259387
2023-04-03,-0.0056719095614578,-0.0011988404247320616,1.2451509858957266e-05,-0.01212846167655246,0.0027875311970366745,-0.011480411685386827,-0.004151748781114684,0.012876579902948881,0.00547049101975694,0.006953874690127204
2023-04-04,-0.005861158895681284,-0.007607345542446908,-0.007731159402244447,-0.006215637371705163,0.013918879985851396,0.004091524641488542,-0.0004722500163758525,0.0007689953803400318,0.0004906199947691814,0.003655716302498835
2023-04-05,-0.001107560154889442,-0.005274092679061981,-0.014427201211944074,0.0056201054982618626,-0.00724722285913626,-0.020934790344333654,-0.00823139254395,0.006285344048559516,-0.0029079307897207363,0.003083224249832428
2023-04-06,0.01672774876495664,0.009970746545614029,0.015522691417783951,0.00821234077688815,0.03359731119490017,0.009508054262014287,0.003488679892550195,0.003861514140529154,0.00981705450091841,-0.006087474480168331
2023-04-07,-0.007048311457668488,-0.01728650888864658,-0.022310946781980645,-0.010813974245957203,-0.02031250856807576,0.005818621874701835,0.006814308707662864,-0.005911490244662532,-0.0024787280410847323,-0.0021217979744559967
2023-04-10,-0.002070815750496058,-0.006878726955304226,1.6320877783249088e-05,-9.116363873151734e-05,0.0011768245328036553,0.010955888845209705,0.0040220629932608,-0.0011251477888412076,-0.012276255647039602,0.011531951491901005
2023-04-11,-0.004984751700556345,-0.016203798221880228,-0.01988083622149861,-0.012665458483270942,-0.016554014390419702,0.0061665691211296725,0.003351814535789366,-0.0055748485317224095,-0.010507385751653997,-0.003759974401717159
2023-04-12,0.006324072849266393,0.005391200634361715,-0.0021992085703717024,0.0023744956552385066,0.0047951201764557805,0.0036237430265186887,0.0006087986567555603,0.0038050154639293066,0.0035221602582917733,0.0003912466300470818
2023-04-13,0.00887413440132434,0.021879365824300168,0.0071497708926366865,0.01197031767309209,0.015124341236142369,0.0050594443439591075,0.000512851395480407,-0.008719270262753098,0.0047320292328225655,-0.011068858852494978
2023-04-14,0.007598501922496004,0.013235641189740743,0.014686840903011644,0.0062812810023298304,0.00527101194233226,-0.002132065972284214,-0.004362827236313205,0.0008944272373136997,0.013799565076574316,0.013068018257885727
2023-04-17,-0.0015599636833851793,-0.007590033281152264,-0.008969865218735107,0.0013643572289701034,0.002425562938507042,-0.00268339035403653,0.0012075212661812884,-0.003333655619129239,0.001205621161123327,-0.004647214757789175
2023-04-18,0.0031192908297810185,0.007950453450729311,-0.007222009710166288,0.006416094810706818,-0.003951705676739858,-0.002857809192350347,-0.0014596657766614562,-0.011116443105578022,0.0033845896707338508,-0.01441534621000895
2023-04-19,-0.014320051643386011,-0.011013469998258807,-0.01017440654234969,-0.005319986956505818,-0.024340134430171023,-0.0107443503104383,-0.0021148692748623743,-0.003000456250457084,-0.0008991341811064313,0.001670374497036775
2023-04-20,-0.006897570383086693,-0.004933830251633964,-0.005706024742875515,-0.006781321713121735,0.0011738091172954768,0.006662120013458006,0.0014848361402390875,0.0012692357628718565,0.0016577903833001617,0.006138205711192057
2023-04-21,0.006353357822571848,0.009332506240500749,0.013543449742996039,0.004109182613855511,0.006376613871657666,-0.011072445314354584,-0.008452735261877398,0.0022823098021862442,0.00937229281653007,0.008347680766175758
2023-04-24,-0.007183271009534087,-0.006238766945939833,-0.011338434440316236,0.007700887910529364,-0.006315028411979506,0.0028462370663371317,0.001029920043401411,4.0030771480070726e-05,-0.004529262181878879,-0.0008277663240253696
2023-04-25,0.008504781833246877,0.02384509613484176,0.019747645597862906,0.0150989799621013,0.012134777171441735,-0.009859961081881474,0.0012644442600326933,-0.008866751017988173,0.01726202129421872,0.002576495109945176
2023-04-26,-0.026329641316426344,-0.035584329859244423,-0.01754152259944619,-0.025181213384966816,-0.02673054215065873,0.002672873935578801,0.004425268890273282,0.007764306898790041,-0.029186112355059413,-0.014662916547733107
2023-04-27,0.0037012777131022467,-0.0026236833156124684,0.0009527317844042482,-0.0018538513251981081,-0.0023067568210901612,-0.00033064972487450994,0.0018208126393177704,0.011734168775018539,0.001757455844398459,0.013982530140489668
2023-04-28,0.017389421008084716,0.025073641277959302,0.028700998696934876,0.018912490073401234,0.02415476400484695,-0.0018226624675069525,-0.0013096485379558986,-0.0001590192930014389,0.010124746928896533,0.002337409469738372
2023-05-01,-0.005355667287572863,-0.0031662224692324825,-0.016329712665578144,-0.00031867489515602365,0.0036129422112787246,6.10502406706015e-05,0.004810035643356914,0.0036155369907846513,-0.0005312084993359667,-0.004613084566862935
2023-05-02,-0.0018305063743865313,0.0014550907055816964,-0.0071210591909168786,-0.0002604859246521096,0.014375828238465171,0.009245972584966733,0.0004675756513674578,0.004260426660533723,0.008330459136459245,0.009765933134956661
2023-05-03,0.014041750013401355,0.014137524541384616,0.018342570441651107,0.009108450506622345,0.02364419296457343,-0.007567465146954833,-0.002424658104155375,0.003993405469085554,0.006270992872937198,0.0017845595858667629
2023-05-04,-0.018783039341160768,-0.024173274028234437,-0.018408207358596274,-0.01335969521333269,-0.012319235240084936,-0.0044055467518868685,-0.0038691602554182802,0.006251120628414375,-0.010442865156642944,-0.0007040780634157695
2023-05-05,-0.012345854044443993,0.000845980420987269,-0.0028062695236265034,0.0011474458806328691,-0.0042248440031220635,-0.0004027123339502836,0.002202879315863271,0.005504051209498595,-0.007352609923113929,-0.0012359367092147355
2023-05-08,-0.002425965002942676,0.0009112684302974294,-0.003192421500186726,-0.0016488196863952975,-0.00907374015243656,-0.004513523414871101,-0.0010974569918669186,-0.003584603254182639,0.001989338507126126,-0.008715555310671697
2023-05-09,0.004981725041010687,0.0026058119178138384,0.0048694144334007206,0.012932202520891556,0.007690233181437911,-0.005727337381086661,-1.954220432254239e-06,0.002818003253057366,0.017983622428855428,-0.0023900817530060348
2023-05-10,-0.007142018493646929,0.0006810543825106485,0.0005939264152654555,-0.0015924977269399232,0.0022265570034460946,0.011075605525949772,0.0014218935651304498,0.0006774060120204872,-0.00808120133481638,0.006832117161675422
2023-05-11,-0.0177700479078875,-0.02194428483893751,-0.02648390483231222,-0.019486256603746366,-0.01650653819683423,0.015482865366019505,0.011565070302919533,0.0005804810308893682,-0.0341693440315789,-0.005576476287501908
2023-05-12,0.00988119079360783,0.013977918876910689,0.006979289091502361,0.011392697225684367,0.01405582582700271,0.0012092741269429386,-0.005069776952963623,0.014058549168487922,0.016148726969438254,0.026279874690054772
2023-05-15,0.005609009307640633,0.012925791079365423,0.006270596906732928,0.00976366739997614,-0.002482917006532359,-0.0010040335388538102,-0.0004963760669178807,0.006377133634031917,0.005909305585179325,0.013070582389381302
2023-05-16,0.010979065463798232,0.014934792198280755,0.014481295749683376,0.0010974646216819206,0.012464856548304315,4.1014740988387643e-05,-0.00019438118110814973,-0.008312933188403981,0.0027754270579527507,0.006018392995183808
2023-05-17,2.0020764392558732e-05,0.016241429578533806,0.002148168745815582,0.011715730540003744,0.004938770992167996,0.0009313230885372725,-0.0004594651964815455,-0.0031387044854618296,0.009830593592650594,-0.004368827036663636
2023-05-18,0.00857729576369115,0.007278806742258226,0.005662581589405136,0.005524940778704357,0.01027366989631151,0.001613975848742566,0.003354395364412177,0.00011112006244951012,-0.0004356117259946002,-0.01280569905293194
2023-05-19,-0.018432238836443626,-0.017042638084170947,-0.0069107780190840185,-0.00045270397420826836,-0.010513776533455532,-0.012089838779221318,-0.003404317888533681,0.007189780312268246,-0.005078116963155188,0.005072299794570023
2023-05-22,0.007098222410968802,-0.0120967991947869,0.003954011365994159,-0.0010709965951899436,-0.0076205349065933126,-0.00990786568075408,-0.009310571225675579,-0.007664656918902835,-0.0011881217900031604,-0.008832610378935235
2023-05-23,0.01179001721170403,0.03307572898404598,0.03336627242689061,0.02384677752016251,0.030906750630896873,-0.009236417876197556,-0.005486389450957363,0.00515479675682462,0.02227178618482961,0.0015918162650305767
2023-05-24,0.012012701652915903,0.008938769228276744,-0.002390664455302005,-0.007769573281281361,-0.004250968002723177,0.004094738218428207,0.0038201630839993506,-0.001663371811709502,0.0037909683263583904,0.0009293812544246549
2023-05-25,0.013719123567364377,0.013889502185790104,0.025218584491878193,0.014194153618896532,0.004645684747758949,-0.012101669351007205,0.0010776192035275578,0.0025424193529626216,0.02392735036464222,0.016427221491156052
2023-05-26,0.02151479643161136,0.017060684407033122,0.026943564156159283,0.017108678245022935,0.0074141418974780215,-0.0065205831090006106,-0.0018505686410379418,-0.0009304088439670011,0.014775086567174744,-0.0071393791790981265
2023-05-29,5.410830860141935e-05,-0.009991124191250367,0.006274648842899522,-0.0031354664006271182,0.0006399058480797137,0.002586837606189496,-0.003775574508075308,0.0035276753012405404,-0.00550411749649149,-0.008979811053294151
2023-05-30,-0.00381983990217738,-0.005463771791680561,0.0006959774677295361,0.0029972529436395057,0.0015031467189865477,-0.008861181627000003,-0.0009255834093806481,-0.007949733612835908,0.004205074134622677,-0.0020531801192462673
2023-05-31,0.005664829987209297,0.01640031314001944,0.00921094098086317,0.0054420591244850325,0.001441644976163614,-0.0018631564250286559,-0.002534982321833801,0.0046655253284866305,0.0015413549782938851,0.00589355981696138
2023-06-01,-0.00456898437310127,0.0006223985684832289,-0.0038872126854502254,-0.003259038727034036,-0.004760439837821817,0.004684548747665884,-0.0048117695431886265,0.0013866887829152574,0.008056716460057123,-0.0044305589974157344
2023-06-02,0.0010199901798817468,-0.005384286436263319,-0.013000012971907116,-0.009956398425263524,0.0038294741375097807,-0.001208187524703086,0.00273941553303092,0.015167853492813466,0.00026436823869468995,0.012685865261353735
2023-06-05,-0.01629237385740645,-0.00032050655670423644,-0.0187492470291879,-0.01476838351619214,-0.006072991701779884,0.004987897796846719,0.0032859319995288683,-0.003975298650497838,-0.014060323039116196,-0.015458098361576855
2023-06-06,0.006889902064766584,0.004056489797195084,0.013303479843871813,0.012186230600979009,0.010035654376300052,0.006750040077297292,-0.00016126832796758972,0.00653362784259226,0.0023398208031017997,0.002205013664308364
2023-06-07,0.0153298531310877,0.019273716367374627,0.014141102605055966,0.015419839473142627,0.01682555870004321,0.0006824867060020168,-0.000542391749952742,0.003760728274904368,0.013141837979911752,-0.0012250802485392898
2023-06-08,0.003589338693987143,0.002957020057306581,0.013418226369845243,-0.00085293824558208,0.013801318254067496,-0.00031599439486129643,-0.00018827885047056903,-0.004573038906232507,0.0033669621645056047,0.0009887487518160931
2023-06-09,0.009647424623621781,0.012974051896207595,0.003024515509484127,0.015666890930175148,0.02595529920692141,0.008039707462270895,0.0022506724521884625,-0.00292007899090585,0.005554442421444206,0.004643418723709436
2023-06-12,0.004100802076463017,0.0054713646448312225,0.0027952779463682464,-0.002524823828212064,-0.005214162393829769,0.002367104673734577,0.0028874490897135008,0.002630213254205538,-0.008680690920621181,-0.004794682534972394
2023-06-13,0.0019519766080633438,0.011406773005217419,0.0201442758503112,0.004927275548666232,0.00189750247310716,0.00491594296165454,0.0016251471547330532,0.010925584257512666,0.002488931769361269,0.014767530657400663
2023-06-14,-0.0025085711717856007,-0.0017379407251280066,0.006256626122197462,-0.0035249970943264097,-0.0043872029964298065,-0.008799110268124077,-0.007941223394013486,0.004431313829750039,-0.0023345543686154047,-0.0010884647297081385
2023-06-15,0.015367532873641343,0.007425036578815769,0.013358245750616282,0.00880117704495742,0.013198372779402279,-0.0019277663409602575,0.0007525905950733769,-0.0026525142186850648,0.008105302524562319,0.006896146007935755
2023-06-16,0.007900238286011163,0.00933560564695668,0.01254604381691471,0.00799598301369775,0.006383167569859793,-0.002926454292694891,-0.002328901533457328,0.0025351444930461486,0.007008681542707285,0.0007368644108443068
2023-06-19,-0.020798591330467797,-0.030438037437820586,-0.024577841803474332,-0.013741458698608766,-0.01746258455070837,0.009141015092255511,0.004879337657386351,-0.00820033006743115,-0.03395426743719654,-0.00470287453075835
2023-06-20,-0.013706273734093388,-0.011953650719698894,-0.026596224630443865,-0.0016946787088543136,-0.012115424413864262,0.008868337577625951,0.003714673295095672,0.0015868512491465925,-0.01579186528266585,-0.005584841170409027
2023-06-21,0.0035740619092943238,0.0038882540503439866,0.004303433050664163,0.0021668796932416967,-0.0003912165572942383,-0.008319125537866512,0.002550409328110348,-0.004118630340002483,-0.009013005306773514,-0.006286207321582582
2023-06-22,-0.025014827757562252,-0.022152018606483526,-0.040093699076588885,-0.020781644928474785,-0.01938289840800922,0.0006303872713868675,0.0034035344184624172,-0.0012853651150717127,-0.02190249116171994,-0.006372045220966127
2023-06-23,0.015512351514653355,0.016217566803282013,0.013341069849690523,0.01395060137165638,0.020311894502257566,0.0026504956802535506,-0.0009184765098361192,-0.0014142594386385987,0.015526378218239767,-0.0003513189619505086
2023-06-26,0.005372427117399825,0.0034364785148617294,0.005216655341918397,0.015156938372042461,-0.0013211123084262422,0.0018107919043284237,0.0029810417952471635,0.005577210971587254,-0.007730948995602116,0.0044822289656354375
2023-06-27,-0.0197671953127726,-0.006879810358844218,-0.016016856651194566,-0.004860447490691033,-0.010119183743605209,0.0011929180211334156,0.0003691327020356461,-0.00043567886369766384,-0.004599077589275136,0.009395099452189193
2023-06-28,-0.0036826916231770257,-0.00877313778818234,0.0009824764139501063,-0.005561350353482708,-0.02031251196618067,0.007378625984685749,0.005889511684239013,-0.008642932317888596,-0.014540714185949044,-0.012553015354108688
2023-06-29,0.023299081832597324,0.029635761269944272,0.03150312354384255,0.0047949573032362025,0.016630968387480127,-0.00364265091598559,-0.0028443362808179273,-0.0005191138932616468,0.007475900802582203,-0.0016713737159554931
2023-06-30,0.018554873709229147,0.03035317399338089,0.03336996372203194,0.022173580928930958,0.021264652849063648,0.00019637520116488894,-0.004506753714017764,0.008133197371723355,0.013233343900000527,0.007660496504407588
2023-07-03,-0.009850658116773658,0.002926438893082306,-0.011582963700926374,-0.0043508355581923785,0.004503690541622252,-0.0015894795973810938,0.0004558798539779918,0.00783374700010575,0.000507240206006232,0.010306977535075479
2023-07-04,-0.018443365075307305,-0.027057219127205268,-0.009264758160640763,-0.020242295375027197,-0.0186035820515158,0.005335355167668254,0.0010331691820391065,0.002493786966078382,-0.01379956036798835,-0.002112597039208408
2023-07-05,-0.0033803397702671933,0.003263722171689354,0.007749385526389485,0.002273271117492204,-0.0008324857847323841,-0.007680730574034511,-0.007709956476932844,-0.002477427879321814,-0.006816211814767104,0.006090308389393062
2023-07-06,0.0013093565914263916,0.0013952494635443013,-0.012808644237838007,-0.004634050906582865,-0.007832395900349787,0.003686469606226872,0.00021620074750439144,-0.004780692048308444,0.001974078181052219,-0.008749680214511613
2023-07-07,0.002346147886155947,0.011103772499749587,0.0059129855485104965,0.0006862674877445851,0.01709559744066813,0.009236120578795859,0.004497968545267739,-0.0008662949871725001,-0.006068935871766157,-0.004679910999772718
2023-07-10,0.027122321670735028,0.02209210794306693,0.028525328369777725,0.01701508586609335,0.006439754024372801,-0.012120953232156895,4.381971785583083e-05,0.0017928293293298925,0.01823831012524968,-0.004862982481758205
2023-07-11,-0.016680749933984607,-0.022855101421644375,-0.018588241084226853,-0.011301460106091343,-0.015788773876961093,0.01091627284879726,0.002605985276437295,0.0015384176782480274,-0.017762601480620366,0.0015385025834393495
2023-07-12,0.008501999285681627,0.00981260334374423,0.011638536720419257,0.011599495429398088,0.0090998884817588,0.0028230762537682086,0.0014863230186912268,0.0050507193408069195,0.0026267526698997568,0.009908541999644749
2023-07-13,0.02918127860811759,0.024588777038103027,0.0278569252456613,0.019401556248312524,0.015118122170088455,-0.008153010022471485,-0.005194994445762657,-0.005029612834169805,0.010557039413451541,-0.0023299591421881427
2023-07-14,0.016152317675184102,0.03349871083678413,0.012732108283205035,0.017823517797030508,0.021380181278655153,0.00384721127721388,-0.004261359185579017,0.00491700704386111,0.01162039784139135,0.010064254359487768
2023-07-17,-0.0025537808942562856,0.00012886132974587738,-0.006858468318400424,0.0022064714751657277,-0.00400648541451698,-0.010690777730463452,-0.0064949164062722,-0.0026974014729618245,-0.0012804357922512333,0.0035022235716921646
2023-07-18,-0.007726906072270778,-0.021362455677414127,-0.021678497719367362,-0.007262649836413337,-0.009368540782505597,-0.00022243268820443252,0.003228700474783297,0.009105509983049265,-0.016983820257193583,0.004027325297810691
2023-07-19,0.0032799874460087697,0.0005775364646694037,0.012966935794317846,0.004942710215779966,0.0064002370458164926,0.0007537000155477536,-0.0022305193613579855,0.005665946540740263,0.005842640722828918,0.006251434262085631
2023-07-20,0.00014615534518291895,0.0024140774399550313,0.0010402848283732613,-0.005244926224000079,0.006216003356420918,0.0024288149336235687,-0.0007028474219896719,-0.0016106265442872303,0.007952301183101529,0.01797943879228292
2023-07-21,-0.019143552286484122,-0.018952825334374146,-0.011968968892361764,-0.007583001517551757,-0.02047009281644807,0.00927104712942195,0.0026103201649705365,0.0013450592741122147,0.006192301543334944,-0.0001530155906824815
2023-07-24,0.0005959444412497739,-0.003994383956812841,-0.012319834648413797,-0.006293951000177378,-0.0002875169118444765,-0.006257618646131391,-0.001718049587364101,0.0018170620009021476,0.005777292487672225,0.007793152138529935
2023-07-25,-0.0075754805205661135,-0.004913146742420604,-0.018581272817704053,-0.007449750763788288,-0.019892928286852518,-0.0020931208840776483,-0.002340679378333932,0.008520483431983417,0.0018112214907124446,0.005081708366822646
2023-07-26,-0.011931647688687375,-0.027781227781227824,-0.02705325590613683,-0.011362992027761032,-0.019126752047071927,0.001843111026884392,0.004135428648892381,0.006811078825115002,-0.02467865852540474,0.002316401205697316
2023-07-27,-0.026754151115799707,-0.01743313072441166,-0.031163107859993544,-0.013908985289707743,-0.019833843802814055,0.001661231659380702,0.0011443720697423831,-0.005614826923336591,-0.03112550783871737,-0.0010126970220378784
2023-07-28,-0.017121131664376565,-0.018709075663504326,-0.0105608352295542,-0.00021104584015352312,-0.003119508489132672,0.009297976504303085,0.00470749943024229,-0.00564339802849223,-0.014514266864588454,-0.01691317824028926
2023-07-31,-0.015417048426129787,-0.01476450527674078,-0.001888277124678206,-0.007444676034426112,0.014360713012383286,0.005778131122405661,0.005223882061375029,0.01198629957136288,0.007744031503814863,0.0067110451558194395
2023-08-01,-0.0003026471727946012,-0.006866281936591667,-0.027949675674881935,-0.018459070364844177,-0.015614301916573758,0.013924584367099868,0.002642678893237216,0.006406337733614764,0.0035970520195074407,0.002908612457924953
2023-08-02,-0.019222498868266213,-0.01876113697199966,-0.025917030643795136,-0.016755497017756915,-0.026532638503585337,0.0018487000201325987,0.007921547707816945,-0.0066388462484460176,-0.02304881348936727,-0.0061463930046354864
2023-08-03,-0.0014366241064370788,-0.0038639690882472655,-0.007624718784816409,-0.0005084025229258327,0.0016717004029263016,0.0020943438108718127,0.00023295083810159767,-0.0015167653965703076,-0.005866762320400065,-0.0026417667892898455
2023-08-04,0.021080578249765836,0.027164747265455702,0.026624708210026382,0.010058643593473748,0.03222794104634952,-0.0036017969873616273,0.0020817787582865233,-0.002564014585562324,0.01756784386989696,0.003738434958264536
2023-08-07,-0.0022266547836296002,0.008543750806290662,0.0031074226891032453,0.0039015771309141023,0.015269964103254097,-0.006268299341089856,-0.0024547874329068353,-0.008776126933296546,0.004197939444083421,-0.0026186385949509283
2023-08-08,-0.004120139058237715,0.0008469435416194049,-0.0015325572111893893,0.0019706002198305317,-0.009160047540802685,-0.004592448476347877,-0.0013604296191145338,-0.006686381571751943,-0.0010750135847975573,-0.0012061113024902648
2023-08-09,0.00859042439600799,-0.007863906585852232,-0.005338866645234752,-0.007868607077132772,-0.0028486667112386233,0.005823232323232563,-0.0017576970338523124,-0.01366340931468557,0.0017183379057486015,-0.013263754832389507
2023-08-10,0.007537645883090249,-0.010315234342215929,0.016720768917962703,-0.0031724052411855608,0.008027450567942962,0.0055814947732217846,0.0006325363194836786,-0.006853082974954017,0.018067470710936062,-0.017346183375901547
2023-08-11,-0.0003418401084922529,-0.0013785242099617623,-0.004908188212718989,-0.0009191589350195928,0.009435980102928454,0.0023568821815711516,0.0006433692873861752,-0.01119493320651932,0.008578790072866882,-8.739669710411402e-05
2023-08-14,-0.015247918827255624,-4.5421780731302874e-05,-0.013886452635161861,-0.008829968629919582,-0.00449623440368685,0.0007554321370721873,-0.0043357892870662385,-0.004485277882830929,0.006189869768347567,0.004867547469294742
2023-08-15,-0.007522841772692468,0.005579233008519813,-0.0047733202966243615,-0.0003698844285634495,-0.007557420431641315,0.011462664914922538,0.005068461356335208,-0.0011111373401984093,-0.01715366764009929,-0.006445288546261252
2023-08-16,-0.017144315675663213,-0.021350558853971302,-0.020060769406498147,-0.014340070513491732,-0.009996364482828035,0.002464255118250769,-0.005049090637617382,0.008371928401408324,-0.002490535001670069,0.007844925923623958
2023-08-17,0.01184678546522,-0.003796939971422608,-0.00355000996515209,0.0017760888504827488,0.008065687934755816,-0.006311010024606434,-0.00522089368294798,0.01229148567174243,-0.0029593300185223326,0.004976425173814469
2023-08-18,0.01082276674097149,0.01608367378183906,0.0015867705280103728,0.023016401904098593,0.005819377833687245,0.011685486677069923,0.0028306945304243936,0.00498191478249832,0.017104021803696856,0.0171890571559703
2023-08-21,-0.030323346323483213,-0.02823421651585689,-0.03343882941706855,-0.02533572470228851,-0.013396631756127375,-0.005622996240754796,-0.0024836524383090586,-0.0010050515088898537,-0.007911014919277037,0.0010307228485679776
2023-08-22,-0.0037041068806948907,-0.0007915992549173412,-0.010266382511964323,-0.005309483499827072,0.005398139173746763,-0.0008531300788338081,8.087182167892948e-05,0.0031962331641366415,0.0017487226052697036,0.006879972700811532
2023-08-23,-0.0029264633793416595,-0.021414614126539777,0.006654630977939835,-0.00037961824306265157,-0.009881978392037638,0.0103242450531853,-0.0007293501517493528,-4.918063459047328e-05,-0.008720667848370556,-0.008014925448631915
2023-08-24,-0.0009566317086390219,0.026953435530211456,0.022209738251347533,0.011303726128901737,0.013696140672961432,-0.005574334362065225,-0.00010398968547420395,0.003531557076666303,0.003128777781221892,0.015992793129677052
2023-08-25,0.015071741966085739,0.023911546174335552,0.014362661506173824,0.013557421586447571,0.01837639216579179,-0.010295945082701707,-0.005458462356510596,0.0070819409440492365,0.00977614520144221,0.006266975498401051
2023-08-28,0.010011565285452217,0.0037642025724367034,-0.004900362527437974,0.01346304706674295,0.010216773961425396,-0.0034062473408001948,0.0027644562941109285,0.0041053435057971654,0.007283117817053819,0.007176434892120831
2023-08-29,0.01578512109926211,0.013818189006731041,0.02295986104716463,0.015256235765394921,0.02683987529589249,-0.0008166513256677721,-0.00017249821719167446,0.00551357479412351,0.013952048851158416,0.005247615133072037
2023-08-30,-0.019397024119604644,-0.013142372451715456,-0.024486573760966412,-0.02423859241026749,-0.015512547040563374,0.00574888917334504,0.00366582742261623,-0.01241584542277685,-0.006439966367608019,-0.0066151815008094195
2023-08-31,0.0026997448305694505,0.009901107477697346,0.002288586483547128,0.004345129401002845,0.006545380423499392,0.0013904900913477292,0.006600876678933831,3.448290496721462e-05,0.011587537930904501,-0.006460869874262198
2023-09-01,-0.0063084998277394,0.0024886718474865788,-0.0025025634530746466,-0.0011229830293285614,-0.016280793688692174,0.0031749563610734555,-6.675577786785514e-05,0.002930945854687783,-0.0028432063020058518,-0.005824061919236789
2023-09-04,0.003953640145908821,0.009086863860980454,0.0012782275244993535,0.01035652917253116,0.010713691184935925,-0.0013925875596448867,-0.0061652300278218775,-0.004953501091198298,0.006179090868323911,-0.002045049666089538
2023-09-05,-0.008122814399930234,-0.012906058285174882,-0.013398768517954074,-0.0026510464027129643,-0.00142198328320986,-0.0003191110998649327,0.002717047451669563,0.00068572631440178,-0.004945227382037842,-0.010317472961177687
2023-09-06,0.017238857062606305,0.02989393989862288,0.015263958594148752,0.009453282856413336,0.029946980561217806,-0.01071683700732906,-0.005173212248540171,-0.006504623887188754,0.017436305138139208,0.0038845002931378048
2023-09-07,0.01873285051110507,0.0161064479061237,0.00604738579594688,0.015692246573528523,0.0028911202877184294,0.00849107964002993,0.0031352589387962926,0.002783567222132577,0.012186823043440764,0.003682958384426893
2023-09-08,-0.0030012055642294477,-0.006601834134066231,-0.0004851902042396494,5.014542172387948e-06,0.0014639432365455285,0.013808420715837766,0.0036703077024553554,-0.00039990018491375956,-0.0025895984763230073,0.0031119642876662468
2023-09-11,-0.02488899209351858,-0.01873840864884424,-0.01935892329910327,-0.015305977471446575,-0.008052697945929,0.002589766823665629,-0.0007928955932661186,-0.0028089558002857284,-0.014787588527491291,0.0007653091161476944
2023-09-12,-0.00374921225884961,0.015135625189675483,0.006491895314947538,0.0033796973719499857,-0.0003644296981982764,-0.003468485833462931,0.0018536334016723277,0.00014442735090280934,0.0010308803053913351,-0.0017958028134802406
2023-09-13,-0.01554592943261579,-0.023659144834684898,-0.02801387386459242,-0.0022432866348500724,-0.0036321232393285996,0.0052391009480130535,-0.0005189738147410861,2.353291024004278e-05,-0.010760592025997884,-0.0031466304622358443
2023-09-14,0.00014509275572605063,-0.014341029685931539,-0.002210711604343274,-0.01706425036158099,-0.004226847813767254,0.010620504782843598,0.0038776124913768584,-0.00012728865537181555,-0.010417656008775089,-0.003968010127937571
2023-09-15,9.47407065288175e-05,-0.005019642077695341,-0.009652824586185549,-0.0015507834129999676,-0.01642366244579574,-0.004560166668493015,-0.0030972313848650623,-0.006907090987671838,-0.0049211579682298945,0.011447772180375626
2023-09-18,-0.00943172802519876,-0.025657594422674457,-0.012766881193175927,-0.009891017401279845,-0.014002339593212731,0.0032893344997251273,-0.0037449241772274933,-0.009374049008545104,-0.021073673699419815,-0.01263584810913465
2023-09-19,0.012327784585039359,0.013038848833317962,0.014484130577062881,0.009242989235416221,0.004942095581200068,-0.0103839044509354,-0.007908209108532294,-0.006576189463851523,0.01440049766141649,-0.006949251508407306
2023-09-20,-0.004124167859831385,0.0044344877015540796,-0.007342666258669972,0.0006587364708323662,-0.014893012013933227,0.004309400993954826,-0.00012966489091248423,-0.011347391189174716,0.004471742132076351,-0.011619960153319453
2023-09-21,0.009136237245729761,0.01814597705044152,0.005634754373774253,0.012989817904108802,0.016402927759593622,-0.000663749022833171,-0.0011911068215720855,-0.0016059717125327388,0.011093562472626273,0.0035530088924373704
2023-09-22,-0.0067240467657599945,-0.022405459532157557,0.005498449450027421,-0.01093506675149536,-0.00786942360624232,0.0042074564634582146,6.570506452274749e-05,-0.006766909788952669,-0.0008400934603973731,-0.008744973079503837
2023-09-25,0.001404780987250387,3.604556158998129e-05,0.008236234095011286,-0.002028047762594243,0.012679191660000422,0.004391962735694976,0.001863225993261608,0.0035321150597507067,0.003541493846020982,-0.0035889977847189947
2023-09-26,0.004613031074464313,0.007371051651427818,0.012589812494566921,0.009322748543266535,0.007504441842153042,0.0006259998370825581,-0.0022343832709486033,-0.003297164838771627,-0.00047128085533731934,-0.0014682563499043289
2023-09-27,-0.0043625502692787865,-0.01451098958985575,-0.0024299204956889087,-0.014249589530326845,-0.007246894143492444,-0.016909550188041633,-0.006995624340286111,-0.008526085602435285,0.006587945612495538,-0.0003031424900368229
2023-09-28,0.004535200954281837,0.0104161834087384,0.00668639783880054,-0.004632106210183395,0.007120643431635321,-0.011075741818623475,-0.005508701798859317,0.00025500984574433616,-0.00925681528378286,0.005962738764424325
2023-09-29,-0.004476515196049524,-0.010442555960801014,-0.003220019377107808,-0.008921700863902648,-0.0036065536805262033,0.005289756203281648,0.0005017535469471479,-0.0024537736618912565,-0.009707280648102556,-0.01131688133948916
2023-10-02,-0.0015205331018581791,0.006614888037119293,0.0039016132219815702,0.0026338770106200116,-0.000124467242484827,0.008241986112165867,0.0029791364846030177,-0.008137681629567517,-0.0009719075153270529,0.004492708547798596
2023-10-03,0.00783601729246386,-0.014008605572579214,-0.0008840156597059723,-0.011413921472220201,-0.004351866172256358,-0.006668469362217322,0.00490917568264182,-0.0068370390046818,0.0038952049533960142,-0.02232207882372339
2023-10-04,-0.005835719650736815,-0.007725782487006838,-0.00929533411651573,-0.003804753277203532,-0.00594572067236665,-0.003021672735405212,-0.002836818889783377,-0.004594940239431744,-0.0028373403051557,-0.0108293039770192
2023-10-05,0.008174877450618512,0.002087310626234018,0.0018399850899917247,0.007046598126375203,0.007623976969262758,-0.0018808186292877949,0.005883189906469077,-0.009258769133753786,0.016803475117785238,-0.00504148174469532
2023-10-06,0.015543904945069631,0.012260658576022099,0.013694012240708986,0.009486711875210219,0.012283088499513983,-0.0064670937092976555,-0.0015335120854701456,-0.003114517612733625,0.00807658126792088,-0.001340632027780786
2023-10-09,-0.0013461200323992006,0.005749134196948669,-0.007603134368433628,-0.004763675396563638,-0.003250857865270129,0.004776209507106444,-0.0010035227872282615,0.001722035707190983,-0.004119599609663682,0.006737573202920455
2023-10-10,-0.007152423395756058,-0.011392384730911642,-0.010383143712091814,-0.006476546969504726,-0.01235731110708449,0.0024697967878921645,0.0034390269915820504,0.002147681138265245,-0.019421241437672987,-0.013428240417254433
2023-10-11,0.004695067707818579,0.005904000584916469,-0.0013293819753361635,0.005802145250524582,0.012084274880245216,-0.0009081450575749717,0.0062399714042318255,-0.005261655201709403,0.0045895173531069755,-0.0077705410318014145
2023-10-12,-0.010902998613976589,-0.012259608104424724,-0.021834653391987868,0.00654817751504333,-0.017485564127278086,0.005043241077038685,0.0030734478130047815,0.005372909684363325,-0.01124899444803451,0.007472199145666103
2023-10-13,0.013939881518320929,0.03195949412628041,0.01665134622988873,0.022074811516957782,0.020812286081457687,0.0063385538396163454,-0.001440359633580024,-0.004094315481630417,0.00970215230778626,0.0021410202848415327
2023-10-16,0.011702588072362241,0.018912623205400436,0.01077932934791126,0.003668529502520057,0.019001928237650567,-0.005779473648753419,0.0035676203495753622,0.0046681570742797,0.014653044587525699,0.00010855554531818967
2023-10-17,0.0028575828613472964,0.004527640183827231,0.00996849162067015,0.009098517455762734,0.009473635282777781,-0.0017020423460309964,-0.0032529197659828535,0.009756304075633215,0.012421678702744465,0.015135013846170775
2023-10-18,0.005707411957411868,0.002562291354202051,0.00097600077189397,0.0004129944296529242,0.013039258333868542,0.013136432625488137,0.0037360026801758206,0.0005616996641288896,-0.00644968109808064,-0.009106633420940424
2023-10-19,-0.013213442479252269,-0.025150130586102826,-0.009196851172159737,-0.01956514750842142,-0.008359667861987274,0.003237900006354044,0.005070812427011129,0.0060064679741143046,-0.014454837415435184,-0.0030014780692607657
2023-10-20,-0.007564860078743352,-0.02261692606233423,-0.005019033411994833,-0.004403895169348138,-0.003980464363385061,0.00528178225728726,-0.004312925733532258,-0.0002504869946468036,-0.014993274413316882,0.015321788481827747
2023-10-23,-0.00019056308504306063,-0.007836336451930492,-0.007344645516494497,0.007442779515890008,-0.006564948913047486,0.0002369518946565563,0.0007125403209189418,-0.006797945606162092,-0.01681754204861663,-0.011231486142936675
2023-10-24,-0.023570793240074495,-0.012186306740448849,-0.01674780423430766,-0.006761534610282727,-0.012286548795116037,0.010478871773664578,0.004251998295471626,-0.00645372236869024,-0.00836663651138958,-0.021787698362366714
2023-10-25,-0.017189468640754213,-0.017957177289658954,-0.01810550434560365,-0.015808099442403245,-0.006183284397759281,0.013370482219555502,0.005655126263651944,0.010718303301610055,-0.005794123047950905,0.012170533804928718
2023-10-26,0.004706562103147016,0.0033826237962426564,0.00676646095648703,0.00248867862429214,0.002458897296330642,-0.002795875356713995,0.00037347805768339626,0.009791495115696991,0.005713926418460469,-0.006988873435326837
2023-10-27,0.0005780762341778267,-0.011267469717757272,-0.005432134695113056,-0.002162970713868062,-0.010874372382216113,-0.004233900099536392,-0.001632154952062037,0.000197773153626013,-0.0033213504220067636,0.004421133719483938
2023-10-30,-0.03230567055520128,-0.05349758439756358,-0.04256314190239563,-0.03746074196584881,-0.04009313148999116,0.0020355531614033584,0.0033940393844129613,0.0010810216674588258,-0.030499470733524103,0.0076988000440350035
2023-10-31,0.01549493143438685,0.020047209463412763,0.009726899126229815,-0.002860725618940352,0.008202977705697556,-0.003636460158199184,0.0031584110686015965,0.00022412070824406882,0.012964509352360931,-0.007103762454116369
2023-11-01,-0.010951150860860848,-0.020354254571026575,-0.013899154781128131,-0.011737876696382599,-0.02412788139497568,0.011258090329777648,0.009301158187410508,-0.002997225713107121,-0.02441151872381453,-0.0012442361242915867
2023-11-02,-0.006270770386933688,-0.007768440793399556,-0.011550388552933222,-0.0023316811847982066,-0.006940981763014831,0.0019361026114377289,0.0015375499959628947,-0.005788295599783,-0.005818771060820849,-0.010609838497638746
2023-11-03,-0.0028948224829145053,-0.006829974113471082,-0.0008830909569822465,-0.012715701167077875,-0.020676034068783822,-0.0022708407802133346,-0.001633977651182783,-0.010728933871064439,-0.0011257020202956047,-0.0009009803148327666
2023-11-06,-0.009452583219100474,-0.00621679330926439,-0.02403797456059653,-0.007423728813559238,-0.004769859072345617,0.0006671579172796704,0.001026272111102955,0.004523343777589339,-0.008201956437536517,-0.013656913806810222
2023-11-07,0.02019644145981725,0.03412565883961749,0.03298979625203846,0.024942226472228768,0.029287929005270996,-0.009199307551759572,-0.007851435137510965,0.008882447587355458,0.021082654224944042,0.00041053106336019773
2023-11-08,0.01597632772080515,0.004204128374322602,0.0135526643571946,0.006006989951944153,0.008639130602622558,0.0025381914712865328,0.0024098381556818538,0.0037965919494942213,0.0024758920942344886,0.0018871032259581977
2023-11-09,-0.013669391462307057,-0.0026380859318995142,0.0014163113440701647,-0.00805043343533618,0.0032505282273338487,0.004413473797537204,0.0019531673947092987,-0.0080159729548831,-0.006065870195654299,-0.00905982263640459
2023-11-10,0.0017066470218087826,-0.0006546311838870889,-0.007817341344582895,0.0029643425577934313,0.009287200764023451,-0.001314114451249515,0.0016316245553222863,0.006687831075084638,-0.007082945394554119,-0.00990959732128971
2023-11-13,0.016519530184684328,0.011476828358786939,0.023923804629778944,0.014718720407197017,0.01798119507954432,0.017739967486986474,0.003125885771983361,0.0049393823727212904,0.006716032728835586,0.006319520712229076
2023-11-14,0.004790011213871237,0.006047438699669394,0.013762625082921476,-0.004205019776534202,0.004410774324556055,0.0032376928061021992,0.000941879242002841,-0.00944529854626841,0.005939967113662181,-0.013300881175052237
2023-11-15,-0.0038611428622857824,-0.006463440890615124,-0.0028465571404872048,-0.006962913880616428,-0.005075928600474011,0.0024552481625779166,0.0006518926995955354,-0.005692345176599112,-0.0057546302030770935,-0.010969099444168018
2023-11-16,0.006387900034333871,-0.0005362869244492918,0.005237987091867291,0.00456758196487117,0.011789802755908019,-0.003723699655119872,-0.0017217638656942258,0.011445849853634282,0.006839732946109178,0.004673229793619171
2023-11-17,0.029348655564034543,0.03757555847569005,0.020562996588814997,0.015042284636429315,0.02035185201600087,-0.009430987774985522,-0.004060065667741197,-0.01179008430080486,0.021312891997371075,-0.008328626523890215
2023-11-20,-0.013949215320296915,-0.01587944874693159,-0.022615943390641102,-0.0020788329612522194,-0.007310937614407931,0.0010433275723986668,-0.0020383085002327883,-0.008851030993536235,-0.020139226804635535,0.0006106631175135657
2023-11-21,-0.013916571334221861,-0.0070479630400184234,-0.015335751025148836,-0.0042931282775861,-0.004248094733262597,0.0033914164407926606,0.0026819335652399356,-0.00036494193947522735,-0.018197849418775558,-0.002271962631447133
2023-11-22,0.003821267536568085,0.00013824446806109947,-0.011296465692017255,-0.008770637194706055,-0.005333400293789037,-0.0026594464262514883,-0.004444520367238525,-0.004016406362275182,-0.001151995243374393,-0.006110919961064276
2023-11-23,-0.01028827422689027,-0.011686522163572466,-0.0034613402515051295,-0.011392042638945443,-0.00389527442372406,0.00179466434519715,-0.0034115689823671635,-0.014069600946273964,-0.011378222021045103,-0.0007712738939567032
2023-11-24,0.020077166624532072,0.0054042714067494835,0.006782490668476582,0.018997599541072274,0.012661628372590439,-0.0006699782735616333,-0.004724135292317189,0.004546315590073791,0.008373160727053852,0.007838124614435449
2023-11-27,0.011813335142901726,0.004571003795041717,0.01015845025325346,0.0028840548025070856,0.0070938049022208904,-0.0029429453033584796,-0.00018913961848376903,-0.008530996679126601,0.009327851484183691,-0.0018803877516243572
2023-11-28,-0.0064908745768247345,-0.017030271952087617,-0.017161762860978924,-0.010890831899691644,-0.02453104246058424,0.0021874735012294977,-0.002079775880982626,-0.002515196348254811,-0.018803741850137112,-0.012967720032262209
2023-11-29,0.004857403651711056,-0.008890483506711289,0.0019295975275079869,0.006514616102323734,-0.00304939406985838,0.005826589794064807,0.004855988705963599,-0.012058240708620604,-0.017566741475179115,-0.001818217967453073
2023-11-30,-0.003846693070695073,0.001963279565235787,0.002331116062473937,0.006348366376832892,0.015041907292891121,-0.0025203393355964776,0.0001993899434615809,-0.005627117910336543,0.011632887466357378,-0.0003674929115696779
2023-12-01,-0.004113706000498318,-0.016921163867529843,-0.0009018827309063004,-0.004562152988065171,-0.012563361205760515,0.002917408289906609,0.000985633368155714,0.00207819754909333,0.00222862583520822,-0.004218257463147523
2023-12-04,-0.006106249926395191,-0.004092289585292064,-0.00751931595337374,0.003634025407211139,-0.0006131512660744187,-0.013815407628430587,-0.001324373450333649,0.004731866909153171,0.006374661089976641,0.006113068760517759
2023-12-05,-0.012201624513445863,-0.002275289674939285,-0.011016703007195927,-0.01088256593335779,-0.012163404937046596,-0.010998322323686582,0.0034288392184653738,0.0027313412398897174,-0.013925813922890162,0.0073676820391246345
2023-12-06,-0.01157263711580736,-0.001098260255912864,-0.0077654695820270625,0.009648113590114749,-0.019727421218792562,-0.0028137509067651667,-0.004093591166006605,0.01166821588056055,-0.0030138407938070655,0.0005893287082052723
2023-12-07,0.007685072815533767,-0.000302126470594799,0.01873184831093777,0.007691259189255506,0.010485038403428959,-0.013009833532084514,-0.0025232000085960715,-0.011369650699229128,0.00010196884851687571,1.9731377032261577e-06
2023-12-08,0.025489788729214036,0.0338938374840938,0.04182728376369149,0.026405539013142354,0.01883366334826775,-0.005243511565049985,0.001446575022035157,0.00048564590006461295,0.016466289986830418,0.0017255055168821087
2023-12-11,-0.019647738249378155,-0.012384724261312097,-0.030427849075773672,-0.018757423898451697,-0.016717311616778807,0.0018310060213715396,0.0005989236278254317,-0.005116857558751908,-0.018400023404913313,-0.009535487238579332
2023-12-12,-0.002893021110668581,0.021290232129623998,-0.011416086229666722,0.0052450338715657185,0.009965921467133487,-0.0010111699081329917,-0.002093634169583969,0.000521596940927127,-0.00334449584545915,0.0009505977529700171
2023-12-13,-0.005992052645964363,0.004917982777254748,0.005055458419845005,0.003607297964593359,0.0021451265044873935,-0.0018027009925681847,-0.0019779855327346496,-0.0003529616913298117,0.004833858799203616,-0.001766273708846966
2023-12-14,-0.0014171496256186744,-0.023129546711189608,-0.0059895539569519984,-0.014899172327370036,-0.008883540765938669,0.006414330859511486,-0.00118737008320835,-0.005234940748266359,-0.011268677498145196,0.00034134074265002035
2023-12-15,-0.003268003522181484,-0.0030697996528440408,0.007773040879221815,-0.009821745499492773,-0.011576881518886806,0.0030568882280550547,-0.0016017674249135805,-0.0007364945760619523,0.00625862684308065,-0.0020224750398923907
2023-12-18,-0.005801510031967494,0.007819475213465932,0.0029332794253920103,-0.0016886789362777765,0.004552445643615455,-0.006149717481364947,0.0019379620201194214,0.009378770660344316,0.0014293986056419516,0.010858567482513015
2023-12-19,-0.0019115320960286786,-0.006210137259276993,0.004714422344603397,0.0017097631485889497,-0.006304565649915106,0.005172948700877145,0.0015861863273132215,0.0028919805690559297,-0.02025824731490211,-0.0057639360040392384
2023-12-20,0.008190050786269332,0.0038347308796984336,0.008380166580046478,-0.011785963839636704,-0.016417516048752967,-0.002726634879826384,-5.4317217171195864e-05,-0.001625335871861977,-0.011258637247578918,0.0007428941529568078
2023-12-21,0.0007525710314775225,-0.008827157349726833,0.007776427703523492,-0.0019058141140725349,0.006421060651221833,-0.0044482880099586675,-0.003023437418736341,0.01335795364053638,0.015142071171038163,0.02306713394280102
2023-12-22,-0.03333687099170657,-0.022916829581634324,-0.017747504484904808,-0.010050918751383753,-0.011226255599514956,-0.0002156190743441977,-0.002269044887442284,0.005484272745965191,-0.015781891396981718,-0.009921123147478839
2023-12-25,0.005583595521830853,-0.02526308087021334,-0.016700411001957294,-0.012007260637504902,0.004741348047182292,0.010001792053669467,0.0004465528866952617,0.0033353743599267016,-0.005065757857656061,-0.0018365931148796033
2023-12-26,-0.011098945319445552,-0.009210125038121464,-0.0025858119175065086,0.005466387751368096,0.014195689023640323,-0.0016861028819042945,0.002771031072866803,0.0031485843669505353,-0.0010701561586047292,0.006705067227121386
2023-12-27,-0.007072265175245174,-0.008076354819767761,-0.004809563563395569,-0.009888433852924705,0.001509234007721627,0.00458653629009409,0.0008609001541126649,-0.0013492448082390585,0.0062193220406652205,0.01858585111065225
2023-12-28,0.003799587636726276,0.009082597933321113,0.010073300571036725,0.0031774843873157987,0.012888782429245182,0.002391632038429181,-0.0004740521079311666,0.002498686055940391,-0.004871521876660068,0.0017245813062651827
2023-12-29,0.005915174685964031,0.0031816396917239143,0.010803341154901336,0.0075474121404544015,0.017298574196239258,-3.0488899669056657e-05,-0.0013089889179732639,0.004313107332573951,0.015357284465286059,0.002212138129798591
2024-01-01,0.005644420392907135,0.002103361841903739,0.01571643017348845,0.013542063065072663,-0.0026452458379847554,0.0080157761152162,0.0034150965195614003,0.0009069957710305943,0.011065055194380058,-0.008210075863691046
2024-01-02,-0.02622094296530364,-0.018384610859462414,-0.02401411528907549,-0.017872170424637512,-0.027828897742568026,0.0036249796250333866,0.004445926633930952,-0.007383402630688818,-0.015201142728912487,-0.012061819344420077
2024-01-03,0.02738000764661086,0.03455492110978464,0.037281600061171094,0.013397111165514675,0.02180703004690998,-0.012112176772816396,-0.005590989393874368,-0.009798925075569676,0.025242820552708434,0.00731398228162039
2024-01-04,-0.003649486663893864,-0.01105017181175083,-0.008275896566431018,-0.015503861563505805,1.1602917231234855e-05,0.004318864465077343,0.002750488583776134,0.0005011102336272,-0.011249593954625547,0.004144661818364259
2024-01-05,-0.016857917665817124,-0.011124440029240179,-0.021290462164963886,-0.0064347343524965295,-0.017734208612874558,-0.00406571842655401,-0.004345494077908962,-0.0034080846587815072,-0.018747946674044114,-0.0059645852749301564
2024-01-08,0.00992232619168476,0.019011514950481034,0.010918845756894058,0.005809579536905307,0.017570086098278148,-0.004457810420038677,-0.0038975838687217434,0.00272478112365393,0.017791140774025882,-0.0060313047916009666
2024-01-09,-0.005190601281528484,0.0029040838533866964,-0.017146498524282405,0.0037096500009445865,0.0011892063401981456,-0.011148473152774674,-0.006952230311770835,0.00021134497462371726,0.0018590377585934181,0.010655780746468668
2024-01-10,-0.003079132758604164,-0.008399542812629668,0.0016188496339843983,-0.0004309420128943975,0.0009017957329602311,0.013406442693516318,5.348372279523339e-05,0.0011391329958432284,0.0014732376232917677,-0.006026055497825533
2024-01-11,-0.011136964906129587,0.0022071029435832834,-0.010216610679949056,-0.007466606421733357,-0.01723194783564508,-0.0009406158537083043,0.0027759300204865944,-0.006932551036109569,-0.0035094303808389515,0.004123683397915245
2024-01-12,-0.01869222140563953,-0.009231221451333704,-0.020284782764336873,-0.009766710483138374,-0.0101566255119242,0.013865810372972742,0.006679837665813482,0.0020428129908895976,-0.01739465475852897,-0.014819963424874016
2024-01-15,-0.009056060859882309,-0.016392863618061915,-0.02663949689070022,-0.014908533665357715,-0.015274164909114374,-0.0027828576238663194,0.0001597101859522887,0.0002950441470173093,0.0006784962936037253,-0.005589347361499297
2024-01-16,-0.0005336780694775722,-0.006197709073934354,-0.0012156755734392677,-0.0018472894430324738,0.009154280462537745,-0.0040258561460135844,0.00018056355160389614,0.010870176814356425,-0.0007815028189136486,0.004877823174235907
2024-01-17,-0.01364756449842297,-0.009565309553747348,-0.011135091221593174,-0.013054311468351898,0.0006537470624654595,-0.002907928867170617,0.0018718006010480792,0.00634369503390686,-0.0020158714072325834,0.007100546519792195
2024-01-18,-0.004949496308052415,0.0036578099349424686,-0.006214239979885239,0.005805185781736055,-0.00489125083494546,-0.001901490917883386,-0.004754489021691066,-0.0026886963548893306,-0.001560764973519868,-0.004608922251176484
2024-01-19,0.014243136936863854,0.024365184562335607,0.008753749137643263,0.0053929197322379885,0.024870632596574183,-0.004557004286250832,-0.0003450503114369452,-0.0009626706784755523,0.01589958344020026,-0.0013216762723454734
2024-01-22,-0.012410585479781688,-0.018401642640525795,-0.010924881958196186,-0.004140111847434569,-0.0049199577282867946,-0.009325471215787862,-0.0006709472844863562,0.0037346008342225012,-0.004080815379559399,0.0032435171228555326
2024-01-23,0.023119066735937333,0.030343049246303933,0.02941696816368422,0.01430464303074963,0.010744736783449227,-0.004788855477647069,-0.0003651938088590212,0.008151669252511429,0.01702826972499527,0.017650046847746292
2024-01-24,0.002535652460637916,-0.019317219667591368,-0.007484586135040439,-0.0068891285107500755,-0.00507981642093458,0.011639271097043213,0.0022249631469855036,0.002941062674721273,0.0027890945971498216,0.007663595096985443
2024-01-25,0.004170449013958466,0.004316852180010322,-0.0031630180849022693,0.0018680059231352963,0.01607738422744842,0.0069911071667903,0.00014216518742560247,0.012510507951496441,-0.007366900801830778,-0.004736799570246308
2024-01-26,-0.021283146420710608,-0.010249419967370832,-0.017865802376027196,0.0028764151438112062,-0.020128087831655872,0.0021983563570269204,0.010795659426826587,-0.0006499828263504259,-0.016587370802428114,-0.015914473200271617
2024-01-29,-0.004762159738164851,-0.017409622799503865,-0.0009123401746563564,-0.00556009590245532,-0.0067808329502909714,-0.0030874721702544017,-0.004384721260016211,0.0010703524879578374,-0.006466766177890881,-0.007064198096539798
2024-01-30,0.0004673981391500881,-0.008758928026372015,0.0019119104942642018,-0.003618397349884228,-0.00870597076913937,-0.0034563961160379852,0.0049020494546241355,-0.0013630839575591303,0.0012924920572494614,-0.01410865945737727
2024-01-31,-0.013030618761133317,-0.014484970611275627,-0.013546304803637499,-0.011160430702716218,-0.01778698183926941,0.0008633468203582684,-0.001295653299569044,0.010156826316220835,-0.0048080423831473595,0.0038644765652271484
2024-02-01,5.1080697285543764e-05,0.0063065855450958885,-0.005130218284294941,-0.010112290702661952,-0.008332103311039507,-0.006595687874940803,0.0024086775282774475,0.0008266223096740077,-0.0011884173650834606,-0.008542812351515772
2024-02-02,-0.0013382459103478128,-0.003604243618054448,-0.01158863641478447,-0.005445254920597553,-0.013883350903162062,0.00682116735273719,0.0009411094992377578,-0.0054527775947986745,-0.009796130384208901,-0.00881569049433828
2024-02-05,0.0051146534822266165,-0.006297210380674656,-0.0010989828337057972,0.014558019258105181,0.0005497480436862379,-0.004058571450946125,-0.003376018003390824,0.008285997982421467,0.005967659856838781,0.01051851747607846
2024-02-06,-0.0196081757272496,-0.03444772255170547,-0.033733647181822035,-0.0158392486449368,-0.007898459060046048,0.011253390512513395,1.840799244345881e-05,-0.002424890980966321,-0.015381084074494122,-0.010239922966812198
2024-02-07,0.0071523728784235185,-0.0033491567348188367,0.0055546119634892754,0.0034866676184290846,-0.0013238677025105838,0.005721112741722267,0.006262437150326372,0.014783384886919881,-0.004513037790467522,0.0012573028592333113
2024-02-08,-0.015093004239646657,-0.033069679652957484,-0.021226149515170434,-0.02347026491963844,-0.015798516531869478,0.004026671023095174,0.004944852037450653,-0.005033113170450854,-0.010210600745276133,-0.014849865192855471
2024-02-09,0.0036836909467017342,0.0003828535531236188,0.00028761896239859475,-0.0014691880889065034,0.007391637571319221,-0.002028529311227434,6.939925276339132e-05,0.0005813875709035354,0.0020925884239204606,0.010322545147761764
2024-02-12,0.00017377704405241445,0.00047434111055100203,0.0017715428556823731,0.00106857805140681,-0.007660033700203406,-0.000569974711775223,0.004502295894086572,0.0022735034069125692,-0.001290523705063773,0.00505155938784263
2024-02-13,0.012530622882460207,0.01869526449489123,0.02222073393003221,0.010456781101431334,0.009960942768591163,-0.004028350511138368,-0.006831329285473697,-0.0023678400629644214,-0.000929551474199819,0.002951080892328095
2024-02-14,0.012437324327941646,0.020631642413071916,0.002790725245377823,0.008130147366539164,0.012134383517930836,-8.257126236965728e-05,0.0005481064101844346,0.005945907397172379,0.0041466703730166365,0.0030334408844201466
2024-02-15,-0.004735512957407373,-0.0030443648159519388,-0.008644439293697737,-0.001076083539549133,-0.009368068566761867,0.0008062317127468521,-0.0004110445622451664,-0.0054217067659178,0.00048502152854990044,-0.0004787757703552664
2024-02-16,-0.005367701152557247,0.004535011850804738,-0.006121289723263201,0.0007766637751911443,0.0026540334859672665,0.009552480886787063,0.005144730461273728,0.0018894812196257327,-0.005065103154313189,0.01083749053216465
2024-02-19,0.0018799309664694341,0.009929397276789098,0.020674694458171494,0.0016972555659702238,0.014581617485635912,-0.01317300747753658,-0.003995806067288221,0.008779272579321873,0.006221686957441186,0.001093848877077308
2024-02-20,-0.01421144913716188,-0.012746979124772517,-0.004751901843527695,-0.002803172233099893,-0.02021844743823864,-0.001138884785357952,-0.0007125489474053559,0.005654797817423285,-0.006857043659404649,-0.0022089749468712228
2024-02-21,0.004632085513291084,-0.002465029022473253,0.0010304535549869875,-7.668340248290217e-05,-0.0005120234067843565,-0.0028002008942772383,0.0037989186757880766,0.016631218147012072,0.002716216340536759,0.002844421602976821
2024-02-22,-0.00417243295290215,-0.011185071311332506,0.0005868936402777525,-0.008326841652775197,-0.0087567079169254,0.004888149182389778,-0.0014282859660118552,0.002919370511070385,0.003507065739706272,-0.005525863742666393
2024-02-23,-0.004803326979726186,-0.0030330850921105323,0.0023834388242942595,0.0037771175058001205,-0.007834518165774296,0.005726266558637061,0.0018817124834284993,0.0005459565362710972,0.00020114009865013216,0.0008155976358570349
2024-02-26,-0.008082489448538066,-0.014135012190359508,-0.01867696208723746,-0.0122943175275122,-0.011398094736555842,0.00500390883154167,-0.0017128683395126743,-0.000535454384334888,-0.013153745252448612,0.004281616280439993
2024-02-27,0.025772091994537227,0.048389989053370774,0.0316570912957197,0.014959808856009671,0.023420898737182227,-0.010939352901138899,-0.0045362034201706924,-0.003377802902030158,0.01283351627230589,0.00039636253565533686
2024-02-28,-0.017071434438572952,-0.01340018534072318,-0.008302930032141442,-0.010870444525340806,-0.007228973601728916,0.007946192509950878,0.0030182488142456165,-0.00938864617048607,-0.003081988202478403,-0.0036466674879882532
2024-02-29,-0.0047284781125085384,0.0037054095874886617,0.006657867632093639,0.004682212703313482,0.004262685121205756,0.006420528530561631,0.0006007706411017555,0.009999597229373602,0.010515283281961052,0.0038964314860152616
2024-03-01,-0.01689418481797389,-0.01772649228913059,-0.0173846714680016,-0.006040193335029365,-0.008235245716750161,0.004225514876390113,-0.001059725427190017,-0.0035400070918699678,-0.022745377504726383,-0.02100577023128225
2024-03-04,0.0030675174104743963,0.006078452986473026,0.007753412187229136,0.003280051268716555,0.007596997247858672,-0.0003521921974505293,0.00046170120186594943,0.004753723073728011,0.005838432866150267,0.00013788994168373314
2024-03-05,-0.00034767677412728126,0.011869544574705237,-0.005314788290141537,0.008895754975928982,0.007000254115896887,-0.0024735124174900536,0.00011081787386046926,0.008197572807956632,0.015067800484404703,0.0038372398440951194
2024-03-06,0.010171308109719446,0.0047797795217126016,0.014808836472999465,0.005392743866917016,0.0017833629855610322,0.0013738488486907396,0.005707626536573862,0.002082647081277811,0.0010167525333515393,3.00753085726857e-05
2024-03-07,-0.01051507347903835,-0.014399417044270724,-0.021565006857344193,-0.008719725411138857,-0.017513393629881246,-0.0004935217793884394,-0.0014153184164583665,0.0037735788743513687,0.009911789166564322,0.0006185302438233009
2024-03-08,0.01347436143243641,0.0036472407491292547,0.004692159270303531,0.0017637507611123482,0.005136402570206755,-0.005480929555019776,9.521880677243466e-05,-0.004898409357134814,0.0011115011115010454,0.0025587516017242518
2024-03-11,-0.003342196811250031,0.0008404080648047874,-0.012311615755376537,0.010511194989960781,0.0031193889474732117,0.007275233701221406,-0.0028612038440556375,-0.001468915946431948,-0.005014181751165414,-0.004327983395573276
2024-03-12,0.004499326858520725,0.005836449821304157,-0.001428323416612698,0.0032460697293470453,0.010543676990151019,0.00323271215461296,0.0017277864819653654,-0.003371618366132534,-0.0006799079300755517,-0.002804190428015385
2024-03-13,0.016964869981488384,0.014248794778705776,0.02174315044135877,0.006926791053128101,0.02620366035895083,-0.006383755346246245,-0.00829836124481087,-0.0027425438930295254,0.005718728950330654,-0.004404310910532949
2024-03-14,0.005089207370576165,-0.003284785574380167,0.002311040710822887,0.013825762838350242,0.002852089957273485,0.0033355028743089488,0.0036123540907972984,0.005126113242065022,-0.010592534656669761,0.004978790856412507
2024-03-15,0.010917718268776522,0.01669470357343128,0.010028458722506128,0.0118478958826016,0.0165734837919167,0.005066216336325757,0.0011496188016069109,0.0031429675966350157,0.007171365421615894,0.019570052337693378
2024-03-18,0.017200448383415168,0.027849783148236273,0.026660391715842557,0.017414773826568197,0.02412235321940437,-0.002080484559867757,0.00020650396381327596,-0.00915257037927375,0.012918940863367867,-0.003944450144833689
2024-03-19,0.00020974690540076502,0.009951243783521413,0.019528145473595826,0.017274526918710453,0.003982113944877463,0.004230816413649752,0.00409317174698165,0.004772679101884281,0.0014807128797527103,0.00018819744487297285
2024-03-20,0.0019006407589248209,0.008442833372375835,0.006450878291677675,0.007673686079877395,0.003061972600376661,-0.0055412616388225144,0.002612201638834355,-0.01171761647212266,0.0002779179719547553,0.002780836786271612
2024-03-21,-0.00031561881221009447,-0.009380350835179296,-0.004741515602472601,0.0005324181430295116,0.014467073857121981,0.006864765802321315,0.0016353938743225438,-0.004814995395200139,0.004325424874082495,0.006418283664633595
2024-03-22,-0.011977361324821079,-0.005390926804268226,-0.0057303333124444356,-0.0032298915149525653,0.0016605876913593498,0.007858759369641977,0.00411907064973982,-0.015459343760410915,0.00043156487637330265,-0.006849348674042521
2024-03-25,0.01895074622347348,0.009019804194172476,0.019214617708404935,0.015297761325905102,0.016721949193071683,0.017636506488438286,0.0048181047388651255,-0.0006347405442734821,0.006718446859673488,0.006661430004100355
2024-03-26,0.004644622042643487,-0.007489057881817862,-0.005762565614438775,0.0020482980621781,0.008930924682367003,-0.0010631991071179403,0.003471470969609314,0.004973816920383012,0.004996967539488084,-0.001184684105504652
2024-03-27,-0.011598945908825153,-0.01430235662451762,0.002764185071664871,-0.007823570173530081,-0.018313695149220766,0.0024560490157026216,0.001698875916630982,-0.00892617763721093,-0.017061331584125927,-0.013200279079822685
2024-03-28,-0.0036268982207920963,0.00650765628347072,0.008072077478096018,0.0004828086935049214,-0.004977050056976795,0.0007505062875712287,-0.0029102822550716168,-0.010639686575297458,0.0018107116719718874,0.0038926624955062383
2024-03-29,0.017860181437823197,0.008334556485150912,0.0008814480932961555,0.004041111029249311,-0.0007754358307656695,-0.002303580564050778,-0.003784881466102674,-0.006467398841269456,0.006494789735345785,0.004870519568378695
2024-04-01,-0.00705411872684969,-0.019847787533328387,-0.02094597878953386,-0.007866244491977925,-0.008474945254773436,0.002656837596833439,0.004849111158186092,0.0026119369247183943,-0.012365261667027116,-0.00016682855946981157
2024-04-02,0.007896526452703334,0.0076038474676118906,0.013130553507151754,0.011597075584383942,0.007824123822119278,-0.0029088603983682404,0.0013102553882580192,0.015460576375698087,0.00845021343322605,-0.0006723621632882537
2024-04-03,-0.004428286004388937,0.0016950068537233687,-0.008091587429933766,-4.752347842618132e-05,-0.0042751143746876386,0.00986444843545864,0.0022249650585426384,0.0004906695085533652,-0.006257420303723005,-0.0032623107276870122
2024-04-04,-0.003391915988393168,-0.006378627062447295,0.0033391795615473896,0.003006916822648531,-0.0027760832129977153,-0.00093573953280357,0.004724593822756695,-0.008219676627624795,-0.008846756523619215,-0.006898848605956798
2024-04-05,-0.0051728634291430264,-0.005382965542603424,-0.009323800020565098,0.00529416803197269,-0.017672103939280093,0.007436654430676759,0.00265319969614497,0.00014935492099299452,0.0046596352351182535,-0.009827288842044757
2024-04-08,0.0030329174409344795,0.007503982768632067,0.018001529121281612,0.010411114857638015,0.011472204996689106,0.0025293829725663297,0.002199693639056699,-0.004718798851201633,0.008454544233584604,-0.006059121543296908
2024-04-09,-0.001035484361870287,-0.0010098273441540018,0.00021109558609166967,-0.00036600791222995976,-0.010899157786448788,0.012869038130529864,0.004072666528684765,0.005270528311599021,-0.0051584949802340185,0.008923509731280532
2024-04-10,0.01276986100854094,0.006743096646942837,0.021488441007646797,0.004950095214848238,-0.002577857738497724,0.00913740259207474,0.004874832516719163,0.00339930135720512,-0.010084896083178085,-0.011086137955020225
2024-04-11,-0.001886749265083365,-0.0014473410312610957,0.002397815261405478,0.006384852094678095,-0.010710683824826761,0.00035539896921976677,-0.00010183921624529191,-0.0035047783315451664,-0.016216825378937205,0.0006332478499559979
2024-04-12,-0.011757960948761692,-0.003210347669125646,-0.017584448398526686,-0.010890976656361961,-0.012924099032855296,-0.013337195974766458,-0.005949470964137338,0.003576925420713639,0.009512463343108513,-0.00045406525537372566
2024-04-15,-0.009762937964734042,-0.0045074858218412395,0.01114971041010726,0.008701783596509971,-0.0007415637016702226,0.005559946419327666,0.0032472237225169565,0.001907430567354762,-0.00451624030937392,-0.011404552674663226
2024-04-16,0.006146511954898903,0.01824998826009705,0.014576728613411083,0.00045534829697957413,0.014244541414010659,0.006191070485486394,0.00851123585260094,-0.0006777836530147408,0.0056264561989047834,0.0011914417678979827
2024-04-17,-0.008401487978385802,-0.0057914448756879455,-0.0026962165320644216,0.0008693905199097518,-0.015295011327913444,-0.0016279854366386681,0.005025307368341059,-0.002025827774037592,-0.010922445648477663,-0.0042703274362634325
2024-04-18,-0.004533298435995259,-0.018422806584944773,-0.0017270072972336292,-0.004225937557731485,-0.008377624002615658,0.0066838019274233496,0.0022951527582857345,-0.00021018605089406783,-0.007591246229589288,-0.00582818005487884
2024-04-19,-0.00183034119177794,0.011553145713894875,-0.0013820396333752427,0.0050751641623838495,-0.006339366608309471,0.00018195670657750185,-0.001211369206233659,-0.00013439121337976978,0.003217238671532119,-0.0008785222571072726
2024-04-22,-0.004146925433012649,-0.00642242439144336,-0.021372197811424187,-0.014532727033925052,-0.013173698672209744,0.006671963823893012,0.004029614249808633,-0.015560801793164769,-0.005831393756057679,-0.009699233446004984
2024-04-23,-0.01733837467573196,-0.015296173110807554,-0.014514968963904917,-0.005235668101507551,-0.010706882082575975,-0.0018422250787631933,0.0009591445247132402,0.0044585951176401295,-0.008391997035939291,0.0007736424828264088
2024-04-24,-0.0177788820561664,-0.024224253405946694,-0.011330593909424924,-0.021858586370656408,-0.011408419450070206,0.004502165136583969,0.0031246948540182284,0.0017140439932317175,-0.019520522353204783,0.0018509071749626127
2024-04-25,0.012542599163826607,0.004332059299246849,0.018465277441453987,0.0026210087922258207,-0.0040034380127718094,-0.00015318874220804357,-0.0008600374608356276,-0.014409030432327219,0.004313373362835549,-0.004885857257270199
2024-04-26,0.003667591950034632,-0.018110014104372296,0.005913808830077416,0.0019015408018963065,-0.0013165458287748288,-0.007002770891503474,-0.009507097669369191,0.002495361187535794,-0.002250585768898805,-0.008715423304800352
2024-04-29,-0.013389477177734643,-0.007239715008044101,-0.006817338587798094,-0.0027676636643718666,-0.02039694124435487,0.016380128203754563,0.010377675621163318,0.003904682884131594,-0.025782054055081827,-0.02561300566210123
2024-04-30,-0.0032027023238864194,-0.0193704027191699,-0.014354246416486527,-0.014305406194451531,-0.02055774173935987,0.008689091196602439,-0.0007848716961216251,-0.005307469965964096,-0.01529257914666049,-0.003113234946986787
2024-05-01,0.03325482476183783,0.044911778040686245,0.04330647592344894,0.030926868771698368,0.028655513097430196,-0.01566676311702475,-0.004631917943783814,-0.0035535787454102907,0.02338430739041253,0.008702161300424782
2024-05-02,0.02562514884496303,0.012760145214046892,0.03231335454081341,0.019450859169015455,0.021288727003298202,0.0022800582573692108,0.004200996737298679,0.0019294527032096553,0.014690999946736616,-0.003217173257869299
2024-05-03,-0.021190067073130314,-0.03162519266650432,-0.02383986825979556,-0.018698039943137235,-0.021271470554061644,0.01403967344275281,0.0076695478497881275,-0.006064156939855736,-0.009725370427811408,-0.010080960236152126
2024-05-06,0.0016267105878524646,0.0043535285047475725,-0.001560307774536418,0.007043354345249941,-0.007940966119509563,0.0022696413972562723,0.0032020006391955125,-0.00016045078042903338,-0.0038286019940535487,-0.007374875431809036
2024-05-07,0.013144806025294997,0.008497283996955485,0.00916457905529855,0.004445535422596514,0.005040591795247407,0.009207504780499143,0.0036728257164906353,0.0008098600460606509,0.0038965279541416376,-0.006963588329887416
2024-05-08,-0.003910646241805482,-0.007474567860392023,-0.025264504400463683,-0.0025893887173810137,-0.010435739685867751,0.011516065569513456,0.007045346256898011,0.01081851515534682,-0.01813249296480479,0.003309906697556153
2024-05-09,0.015113924390145916,0.01593666996510601,0.01531578261140698,0.0031726242701253238,0.014893529605108702,-0.007251469358260931,-0.005236996178918152,0.0060762882049392175,0.015682281059063108,0.006609060021394608
2024-05-10,0.008897666922081049,0.01192905110985798,0.016624349717134557,0.0019234153822944577,0.01689717691215553,-0.007455480458419039,-0.002399563294234075,-0.003242175292216709,0.003843728634208121,-0.004221100657778143
2024-05-13,0.005080695321962869,0.0027938621154324217,0.007226129949514659,0.011783621590520044,0.013198434329862563,-0.0009633976970235825,-0.004498339223722114,0.0072770919300535475,0.006204393615587334,0.02033013943447637
2024-05-14,0.0004755359550780991,-0.013993538723455878,-0.0033601784097971876,-0.0013871492930498386,-0.0050026381373626805,0.005212520837192036,0.0007580039629846436,0.004572244903013667,-0.001918247267334694,-0.00542484503152485
2024-05-15,-0.006074851547036131,-0.006322417684324844,-0.014838735267607484,-0.012460882338331536,-0.005476272073268951,-0.0006034851784983974,0.002034775324682103,-0.019805996709833407,-0.009276566783612217,-0.007328885508096072
2024-05-16,-0.0036652232871059454,0.009167571135041186,-0.014842880110179757,0.009752811410915108,-0.007861867108353127,-0.0038862308428199155,-0.0004775909662646516,0.005958737003848302,-0.009160242563803656,-0.0015677199007110287
2024-05-17,0.016634723176508937,0.01839338859865358,0.035204985435189906,0.02782655415779356,0.03243276465341771,7.729341557816127e-05,-0.0019222164033837474,5.682502665083078e-06,0.02131679808607756,0.014375737397039234
2024-05-20,0.006357459991010339,0.005992800612073523,0.009902418836649662,0.011893098852405082,0.0034430580225190965,0.00450280781426371,-0.0014302074667082998,0.005761456712645385,0.008083908194338907,0.012874475758327897
2024-05-21,-0.014000237782326397,-0.02440940169661432,-0.02543263929515993,-0.023313336788681416,-0.03182213269684464,-0.004156582287063615,-0.0012325544505094044,0.005722237571167854,-0.004497989301566863,-0.006602097602739776
2024-05-22,0.0020694015355937623,0.010292783294355345,0.017072512880805135,0.005355779267634864,0.016534496148886024,0.004475283516522488,-0.004600573963878252,0.0005089701780554012,0.015024520837352728,0.0064994597250038755
2024-05-23,0.004848985485565338,-3.2888744965542394e-05,0.007396799751943961,-0.003687960559552672,-0.004320471915530755,-0.00913849585114812,-0.004262475612214378,-0.0024408033595157974,0.012823972498269498,0.010156658075233471
2024-05-24,0.007126720996316838,0.009097832054425048,0.006452858359759173,0.0037610615600625064,0.004129438829959531,-0.004033943059628231,-0.0029948601289797594,-0.0014730184889992781,-0.003931699179834047,0.0010490032879366673
2024-05-27,0.0005655890481393033,0.003961339333843128,0.008341638309030897,-0.003088505811198683,-0.005562262426055176,-0.006779137660004375,-0.004684623793282383,-0.011228253327072446,0.00635695229145683,-0.008084738389170454
2024-05-28,-0.009802284202006684,-0.022393147452145823,-0.02763263612129474,-0.02062587040509123,0.0007486971823043032,-0.0003313334064953821,0.004324602547831624,0.012409297595103341,-0.023057579231537284,-0.0008515587901034571
2024-05-29,-0.0005222118428565015,0.024196102874309178,0.0067963276847753384,-0.006842263959734973,0.018930262636964956,-0.002869299785584478,0.0001991848137190555,-0.001735502053940241,0.013128134759155863,-0.004260354776798647
2024-05-30,0.003985162732887071,-0.008128398264079517,0.003742096960259733,-0.0033432018568153588,0.005792319956194447,0.006056140098989138,0.0021425147259763744,0.003541908636920832,0.0065128704501562495,-0.0045070458791958146
2024-05-31,-0.0012379958043902128,0.007151460592786707,-0.007289784149288492,-0.015111997130450971,-0.002385246938360286,0.010533997363427527,0.007211544486467769,-0.0058458100156714154,-0.0012644483525049433,-0.012927263402419453
2024-06-03,-0.02429867826582266,-0.00870857000187264,-0.023734522445862605,-0.014372070635991108,-0.007455354005288961,0.005845675126078254,0.002127959093132681,-0.0013880627732306694,-0.014144905719987055,-0.0032321163867535807
2024-06-04,0.003180973862279446,-0.0022567166284249707,-0.004853928189799017,-0.00044378093933017393,-0.005203799273300724,-0.005380167534405511,-6.349746896960884e-05,0.0013203510140715746,-0.00044063866686783193,-0.01395378888843879
2024-06-05,-0.0016862904585717153,-0.020323571657566486,-0.006818819830441858,-0.009301245553254067,0.0017655391872934967,-0.0031296068878041705,0.0006389173384284685,-0.004735008586231881,-0.007989212559258885,-0.007756423426975245
2024-06-06,-0.004679908190336146,-0.00272617176428136,0.0010246162282250282,-0.009307942127251057,-0.007253120820329917,-0.0044980776073083595,-0.001836467855430901,-0.007363556050461462,-0.003517043402216813,-0.01456967577798407
2024-06-07,-0.011516857671471703,-0.012347816201244477,-0.0171112243702235,-0.00524090365368024,0.006138482136090806,0.00798609575425635,-4.581857548979773e-05,0.00983634330246086,-0.005668593559218671,0.0044444999738759705
2024-06-10,-0.017747555166551687,-0.012826583440810113,-0.029242143274723742,-0.01296104266755449,-0.012751629173362033,-0.0013990346986693103,0.0010762530622596689,-0.0001558621158705975,-0.020170235831068695,-0.009599390270793484
2024-06-11,0.0059222093130852915,-0.01420166953756452,-8.28611971371851e-05,-0.0034640095766275136,-0.007279036318887266,0.008575489093824329,-0.0012730839607388855,-0.0003129065446785262,-0.00977870030180572,-0.003998456335532419
2024-06-12,-0.02175046250396062,-0.01678266409671192,-0.027414531210924298,-0.02075184828402632,-0.020447345275064976,0.004943179777735063,0.00305034345673616,0.0016483768846187186,-0.0012458410168434408,-0.0039331175143522135
2024-06-13,-0.0033399854419821073,0.010058838325841757,-0.0017436367149640253,0.0014973194426335379,0.0033388205449338404,-0.007347688151051135,-0.005734320670720772,0.006724182828934833,0.004019384123432612,0.006744120473469506
2024-06-14,0.007593441614715868,0.01596255823207282,-0.008291406353594932,0.0020749670608841697,0.0012091548225003912,0.0031965992645430763,0.0004224909080741135,0.0005167746513881077,0.0038060867807505616,-0.023958434550993668
2024-06-17,-0.011049417183126908,-0.006346516609649466,0.0029908047354920697,-0.0032792177117123567,-0.0004165461382702462,-0.007538207990182788,0.0016742945227208317,-0.004750859487977377,-0.0022273519805505737,-0.006761481224679677
2024-06-18,-0.004913117427364111,-0.007395251808592129,0.0022417779766381596,0.009439514042758335,-0.0025625368970585427,-0.0008034689944248496,-0.003016300107107961,0.0013468458395171634,-0.0015062650288085733,0.0138508597532645
2024-06-19,-0.01324386616576323,-0.019898212780671276,-0.01919060651000659,-0.014920905701128029,-0.012746956876204862,0.002002130860459417,0.0016555157949686983,-0.004393214710896709,-0.012862005812305344,-0.005208309102328501
2024-06-20,0.01583236903384333,0.028647972261574672,0.017785938975991344,0.01411222655823341,0.023655727539622085,0.005052161562602908,-0.0005439257413213383,0.003542541940943833,0.007074134835556967,0.00396585065859778
2024-06-21,-0.004183820918401526,-0.002315038101668665,-0.017328097431876133,-0.00572417804289127,-0.002382821863969542,-0.005487117937691854,-0.0017754878673807983,-0.005444632780798431,-0.014929110898424525,0.0015011168122753826
2024-06-24,-0.01820370782272207,-0.01999473610708269,-0.027840726667435534,-0.014240188451069224,-0.0016791536029860943,0.0010187777924210994,0.0030852458384682535,-0.00406468305744534,-0.009139534591036558,-0.008465283616071462
2024-06-25,-0.016218179464404514,-0.01940515698692513,-0.019142253880154114,-0.012793513530794054,-0.0045054523756676845,0.010864680395321402,0.003948293714636675,0.0023700098869130493,-0.0010212013595695124,0.002690268475659119
2024-06-26,-0.008889766168444946,-0.014437345942954982,-0.014752922062532425,-0.00584514810204706,0.008869263066454414,0.009017905277459048,-1.2754916754675882e-05,0.003411021237018419,-0.012686521619724722,0.010692435178135007
2024-06-27,-0.02484685090045402,-0.02271618801324804,-0.025971117396750065,-0.013632005081464338,-0.019136771590038015,0.006351430137749192,0.003955137551131083,0.010305925652293046,-0.01901031002181519,0.0027657587494605007
2024-06-28,-0.010941589385939698,-0.010866253681324212,-0.008074872685776557,-0.009638782995287865,-0.019549635620659256,-0.005170823068788466,-0.0036949880856927964,0.0057391399926201014,0.004255911279609004,-0.0028793035201361006
2024-07-01,-0.023455992290955185,-0.023132883543561245,-0.016856431010887962,-0.019677761545210726,-0.024544527993863974,0.0050171996336694225,0.003948144910307816,-0.0033360692483892507,-0.02155800085228099,-0.005884027711872575
2024-07-02,-0.008736103877796442,-0.003576426216315376,-0.01597528345780086,-0.006458484360816197,-0.008305274285163589,0.0003802419480378738,-0.003563560512080066,0.0023368551200178,-0.0021322246477687434,-0.004124803539204747
2024-07-03,-0.020150427026300988,-0.029108892391425445,-0.02877756578071622,-0.024065424060288776,-0.03043569476067931,0.013899347091188563,0.008314731826705835,-0.011362887930601584,0.005604363531204193,-0.003800530040086292
2024-07-04,0.014582031486222169,0.017059634223563158,0.017978439760896636,0.010043761949029228,-0.0052058639156625786,0.00487636980032935,0.00697177227627499,-0.0019048543864720324,0.008957481254260324,-0.009484178953149458
2024-07-05,-0.0036159610906693063,-0.004626747237990392,-0.005184463126224115,-0.0010961937115382403,0.008401439424230439,0.011084263197298938,0.0073943000105667345,0.008039527346158426,-0.00040906163899112613,-0.004978236505330025
2024-07-08,-0.014029798366513413,-0.016137043759811842,-0.011041917421110492,0.00014994132730672405,-0.021996723251118455,0.00765285998262244,0.00809296419612826,-0.006432849279755404,-0.0031893463160146407,-0.00474357997409125
2024-07-09,-0.011377884918741032,-0.013796391808801323,-0.00878947233971128,0.005853353293543195,-0.0028023106088863603,0.011449990685986178,0.005912309499117363,-0.002033164298312573,-0.004259004696029467,0.0019524146775642404
2024-07-10,0.0016692510054374665,-0.011158019806986053,-0.009649776795986886,-0.010180518983978537,0.007679222515311279,-0.0032396071410240035,0.002481158319953991,0.006648976055423805,-0.0124326696724254,-0.004557503104403393
2024-07-11,-0.00684150978846465,-0.005560473343282468,0.0021078732971118175,-0.0008401894245247954,-0.008508330804934627,-0.00775098167719479,0.003944090759719465,-0.009778568328547399,-0.012912400914695699,-0.01599490466029274
2024-07-12,-0.006255294998231631,-0.004977778349074424,-0.005931922013217905,-0.00033199008398043794,-0.004235329353013517,0.009766075963980603,2.5100682569112465e-05,-0.00011638509044542555,-0.0030288394633223303,-0.01151434478185398
2024-07-15,0.005048979237107565,0.011678304062215261,0.003030308684707883,0.0025541137836935235,0.0016101243310218116,-0.0022437305951245046,-0.003153787682725784,0.01604484243315185,0.008492830496459769,-0.001781922305721273
2024-07-16,-0.0013506112751334731,0.007051875498802929,-0.009109968876908403,-0.007555648539212312,0.003050238355972068,0.004356521933143176,0.009717571488409016,-0.008063943777044003,-0.006860802779059316,-0.010830449784243412
2024-07-17,-0.004696423049170284,0.005832770661163611,-0.0005012710130180009,0.007358447062440376,-0.010356194517481043,0.011387636836353021,0.008241386073351675,0.0044168591061379825,0.004221980532434166,-0.006549187596008532
2024-07-18,-0.001839377594392344,-0.017929460855533708,-0.007729455895142401,-0.001933531845509373,-0.007016932377355789,0.005021751704355815,-0.001452245683203901,-0.0024370995542546403,0.0038613610821607303,-0.006993385009541497
2024-07-19,-0.006250466917349429,-0.01822470395686926,-0.01642739236442392,-0.00487923137909263,0.0007218841839480294,0.002516812023713344,-0.0009710222980325867,-0.00428954091960021,-0.0013418052295165461,-0.005795648326440195
2024-07-22,-0.007342254297599271,-0.016591976622179483,-0.008547189493173346,-0.0006211248285322712,-0.009205656415915642,0.012147150234524506,0.006881158130608744,0.004626505534244707,-0.011025729416331176,0.0030076719829370546
2024-07-23,-0.005814589486616395,-0.01014774559173015,-0.0017606693261120743,-0.0034040347694700435,-0.020070234968197265,-0.0034360277158366204,-0.004678874354870466,0.0034332428743910626,-0.017617723666045415,-0.00042021767529476506
2024-07-24,-0.004570538646443412,-0.012652702130946047,-0.014841376949972562,-0.007648878781468138,0.0004856618975237481,0.002158857318502294,-0.0010273644007704474,0.0005831331672252471,-0.007616014304472896,-0.007494703793455626
2024-07-25,-0.01439102782123669,-0.030870579592836234,-0.029786461273652476,-0.024011760499732415,-0.02992779924818567,0.019508736504924018,0.011449507977708828,-0.003221318702851028,-0.03139041227013217,-0.01370392409031862
2024-07-26,0.008497569350086831,0.0001544092617482562,-0.0025126343801625817,3.6404343038087816e-05,0.003983902855276611,0.005706182524717995,0.00780369044909035,0.00033979772767978034,-0.013494974626076184,0.011182672371961688
2024-07-29,0.010560262787584263,0.0018806951554555251,-0.011874822805697183,0.006684504145393788,0.004735830545407493,0.006255469316001072,0.004072723977657677,0.0025961834306902354,0.002012309559796366,0.010309675184284606
2024-07-30,-0.007986625470859487,-0.025786500523574896,-0.0018825122456183063,-0.008172453227621834,-0.012279837568470287,0.014353103903879116,0.005810786331392981,-0.002460659685277533,-0.005524943103965341,-0.0036436372872744593
2024-07-31,-0.011319080308725638,0.004691308317815501,-0.012180822133112112,-0.0068611768137342155,0.011822776422821368,0.006467738899036846,0.004141676546765005,0.00216245833113482,-0.017707671155921534,0.004052102466314267
2024-08-01,-0.002766150261079736,-0.008336941237087614,-0.013649962211377598,0.0030607913545264154,-0.002088220797564433,0.004912841053313466,0.0037305882661458067,-0.008760008917978235,-0.00989687742681189,-0.01179241091264549
2024-08-02,0.004768725469407986,0.008082295083150282,-0.005987642660202908,0.0015760495369068206,0.0016841950943673467,-0.00024524606229159307,-0.004195061658310628,0.008198833581988474,0.002164541646146212,0.013276877165441459
2024-08-05,-0.01624093957130135,-0.035591952439072316,-0.031267349396561284,-0.015367996016973473,-0.018413106619344588,0.013420137351356942,0.0006850632881871821,0.0014584972881590552,-0.022354011830729714,-0.0019955474189737865
2024-08-06,-0.008838980824796394,-0.0015921616656461302,-0.009480396673374969,-0.0025931913649975824,-0.0026944943917951436,0.004112499515884327,0.003567658794317863,-0.0016231676396345485,-0.013866780852734073,0.0015752392712233831
2024-08-07,-0.003917827218077652,-0.007590626579831672,0.0025301976981209062,0.0043812832694978265,-0.006423388323992252,0.0062892366453548565,0.006557450016013711,-0.010928223441888596,0.0004593910865544615,-0.0006455933497543365
2024-08-08,-0.013759677891394873,-0.00780225789777278,-0.020450201882759145,-0.004609916762176036,-0.0077815435544312805,0.0007277702074168779,0.0035827650448252424,0.003811279323582939,-0.01748973134816545,0.0013694405346782457
2024-08-09,0.00794025475358695,0.005485275075408413,-0.004570628331097559,0.004845267780713813,0.0019949449359091265,-0.014173341635305037,0.00036686350857539907,0.0008961236300515374,-0.007669727942329785,-0.0014651606099933545
2024-08-12,-0.016344227998411953,-0.009420148379539195,-0.013583622253738437,-0.013437904381381816,-0.012219709732344874,0.007520171468377246,0.006787518065151987,0.0024766607166633037,-0.021228963777536247,-0.0030044323945593865
2024-08-13,-0.000906976005949689,-0.013879887050618822,-0.003884037367993587,-0.0027546916575548197,-0.006280291049445164,0.011493312397599542,0.009062665445080942,-0.0006060988059235495,-0.0031243820446904547,-0.01314246647544326
2024-08-14,-0.025318524099803508,-0.017096316681592505,-0.023249132935924233,-0.02026079509091594,-0.03166232240537459,0.0005332497859791285,0.002855834998713336,0.0013244279816946314,-0.017003226744954913,-0.008548067073815724
2024-08-15,0.008661839010873917,0.006366213706129553,0.010038093521255176,-0.0024255698287931615,0.01413566216961648,0.015447941450970726,0.00644852660377504,0.0002817435256630141,-0.0025460012309597158,0.0049523759954197555
2024-08-16,-0.009446201435859725,-0.019739424059560196,-0.011316828939519796,-0.006495147898224918,-0.013013376000957089,-0.008275527635846047,-0.0025791944359623287,0.004242390850918154,-0.002259147862913591,-0.003233090689682916
2024-08-19,-0.015166698516422716,-0.007456208155450561,-0.018382117161947487,-0.016092020868014534,-0.013669781412278814,0.01246788072707794,0.004180573564956269,-0.0049751995790086045,-0.011649127075856192,0.0111817039888078
2024-08-20,-0.010430914124801904,-0.013083485095370495,-0.03191875489996798,-0.018662818188982522,-0.02265518194805005,0.00873891256008763,0.0005547370033822663,0.005922786044347372,-0.029054042502265287,0.005485350773408948
2024-08-21,-0.01792042699111851,-0.03310186309263674,-0.03022418184499487,-0.014683665018696668,-0.02122359329599277,0.011333246413921083,0.003315394874897626,-0.003444264220593851,-0.009286584635756046,-0.011595654568056779
2024-08-22,-0.0029170562568179292,-0.0041475541567616014,-0.010569996262742132,-0.005007399030612314,-0.01369714535754285,0.0043200464762513935,0.000321961488452871,-0.007409041264111349,0.002143458895709882,0.000806586085614347
2024-08-23,-0.017172580526996883,-0.017567084830528046,-0.02747705035896264,-0.01514387448707677,-0.010281206881814886,0.003426066820110707,0.004150419034178787,0.001687831947351004,-0.016735006597522695,-0.009881757302180882
2024-08-26,-0.006052805510140202,-0.006459478536136709,-0.005349068935221912,0.004545962566636419,0.003674459728990609,0.01838628249947738,0.006956988594458924,0.010159038027102163,-0.009372091513170755,0.008702015643017758
2024-08-27,0.007099609521476369,0.005640352199091536,-0.017140672000516943,-0.0003234269805375556,-0.00458291762016072,0.0013282309131157355,-0.006042132403532796,-0.00040345946936704014,0.009671968770028627,-0.004621900358863229
2024-08-28,0.0101424309068614,0.020555305803523716,0.008737608706373523,0.02064908207608962,0.00679385856590109,-0.0008564351458315578,0.003919343072773751,0.0033793585759400724,0.0017131686767846155,0.003335061277041307
2024-08-29,-0.02582148087716374,-0.027675926935888495,-0.027512270380239068,-0.020596491850920273,-0.03166721520255289,0.009330978023717185,0.004470569542891489,0.011989329446648878,-0.01773247545357326,0.003590722391708434
2024-08-30,-0.0034860256280899726,-0.0010355138090081262,-0.014811442488702253,-0.005455482280686708,-0.0050856045092781965,0.0010950909652844842,-0.0029980584990896286,0.008961855133742258,-0.004603869302895136,0.014914049708337984
2024-09-02,-0.027368133286757912,-0.026156550583296245,-0.02745434906486821,-0.024860066126890734,-0.030474387891725074,0.005055945171807741,0.004859771979388583,-0.006690337397954771,-0.020934754269806066,-0.006514111365369946
2024-09-03,-0.012814707244837797,-0.00896337920726653,-0.008156316772920169,-0.006671810466118866,-0.011778892976654465,-0.008481696780747616,8.442972596900411e-05,0.005656505063223127,-0.004641313709929151,0.003941259872344283
2024-09-04,0.0009121537901835008,0.0012485903012728894,0.0009140364850446225,0.017849175675021867,0.007769020036010321,-0.003510688555568686,-0.004056856334072045,0.014157042277755938,0.007531013947301934,0.007225742967997162
2024-09-05,-0.022656636851143608,-0.012944115924927724,-0.011023020906741787,-0.018397002400297846,-0.018442132096825548,-0.0014270466015846583,0.0028921589778567736,0.005199300224712156,-0.0029553841999460095,-0.0017817710145844323
2024-09-06,-0.01241288611729452,-0.009862567074965467,-0.007069351496113319,-0.01508328491187283,-0.014389246238131315,0.0004724817067409681,-0.0030241800142313258,0.004563699699236201,0.004235566723341577,-0.005598256629864684
2024-09-09,-0.004988266113627682,-0.007299103161572784,0.006533602451969767,-0.00488898721488884,-0.010406018726744737,0.0007549292844117872,0.002414195518618989,0.007565744204876879,-0.0014233809042214496,0.015021653465510543
2024-09-10,-0.001590644814497888,-0.0028978029217592294,-0.004156145093728747,-0.012556986762328526,4.5908939618755085e-06,-0.00442493914853781,0.00012884595245088448,-0.006363852934169745,-0.006421846280805665,-0.00913607909729397
2024-09-11,0.015695559974948647,0.014313964663265955,0.011380891438526941,0.004750336331595273,0.006750878578298591,-0.0075686538247085045,-0.004477888517427475,0.01480077296477389,0.006278362113878888,0.011247163808292493
2024-09-12,-0.007361412352677066,-0.014016307566164121,-0.013208426492363423,-0.01403147676313321,-0.007257380502886601,0.003860372244082866,0.00018736681546638323,0.0029936331481605905,-0.0028175777835304228,-0.010629456882385258
2024-09-13,-0.013611447128954568,-0.02857433253408348,-0.017830027380226432,-0.014399510663550275,-0.015647500602887,-2.0456153843273484e-05,0.001518889230235354,-0.0017755341651612966,-0.021912035817750808,-0.001081967254653926
2024-09-16,0.00851268340109601,0.023512850267277896,0.012213048149173789,0.0003757803848332131,0.02068400716765595,-0.0008998593323342741,0.0054148905817394954,0.00670785136383012,0.02434933799035255,-0.004540560010856676
2024-09-17,0.01288308273765515,0.008554355705072236,0.009804687969789283,0.01227372716639974,-8.000786363004941e-05,-0.004139860332914136,-0.0027260525735666175,-0.0012818970200711988,0.006102232102622729,-0.0033394107806525852
2024-09-18,-0.003498867059275379,0.0003501448954863484,-0.0012356449322183938,-0.018565476759418997,-0.008003712661914575,0.00034952191962145385,8.823665008494963e-05,-0.0005064281430099404,-0.016448878587344784,0.00018408484265863834
2024-09-19,0.011787051609052135,0.014175904646546611,0.018897454701558125,0.00792300421070724,0.014343624761189222,-0.009969325330469125,0.004012734264427609,0.0018931537028947787,0.008193113079380865,0.003035562735815178
2024-09-20,0.0036579740616382583,0.010408388470847907,0.008903362094440537,-0.0006365878889155185,-0.003371616171943259,0.002772961664411433,-0.0011019498187133658,0.0034999872396297427,-0.0031994218456523615,-0.0032200640444869366
2024-09-23,-0.00432333639725524,0.006395534361952171,-0.0073631765770364455,0.00550259916053375,0.009073065533521163,0.00540474403239255,0.0024991689730453626,-0.003701614188206248,-0.0025035589809041525,-0.0005139087748005089
2024-09-24,0.013155140487883354,0.01855556845687345,0.0011247936660971902,0.008962433573632689,-0.003820251626035498,0.003114128890694623,0.0007606347671729186,0.010647037526144931,-0.003755299818291924,0.0005026616767156433
2024-09-25,0.022292150069397998,0.020721072269452856,0.017086409665275415,0.017931022883987957,0.006814831613561667,-0.0028643613389868205,0.00032344126946748375,-0.0008577173687250861,0.008838460603112663,7.798207946252411e-05
2024-09-26,-0.0073222299377119215,-0.009501595769813909,-0.005219137794993167,-0.009651579361866891,-0.020693538759559038,-0.0025864639253972976,-0.0034180873815884416,-0.001962990534825959,-0.019378969016248915,-0.00201331472135724
2024-09-27,0.0064052703838464176,0.01903803704394358,0.0065790612218996625,0.00485752736008549,0.002702590807051042,-0.002715385444894025,-0.004018743585654239,0.006990205545021944,0.004324963798593373,0.01018422808777042
2024-09-30,4.6683403531311285e-05,0.017405662585485482,-0.004120497325115213,0.002794725992335323,-0.0005734694673386054,-0.00406754184391811,-0.002039481725950365,-0.008969825269610654,-0.004164834114160132,-0.009045631368332363
2024-10-01,-0.005726230179930125,-0.006562903907207485,0.005230917079318331,0.0029938880534208234,0.0030985120256694643,-0.0012960862444879595,-0.001531971757581685,0.0034838675591639667,-0.004055517577749912,0.008099455685869117
2024-10-02,-0.0032656382862180644,0.0031999730528584625,0.002805073175199624,0.003331590965363729,-0.0023773404447617885,-0.00910237967822558,-0.001467772638154119,-0.0026350576744700316,-0.004997493541048059,0.00113979062376246
2024-10-03,-0.0014497532279252878,-0.00598500810032665,0.0020922114360903965,-0.0014532452611867308,-0.007589379913945704,0.0013120489315685546,0.0020940208609687705,0.004654198197526771,-0.0022283885069409592,0.003426889226407992
2024-10-04,-0.010241626919649804,-0.011358070563596723,-0.016452090691580157,-0.008095098181897908,-0.021176579345728475,-0.0005388822258404202,-0.0022425833383139526,-0.0035276657495491026,-0.002279974675579388,-0.007056534401394976
2024-10-07,0.004183524327988186,-0.000512500747396949,-0.0045496142529480865,-0.001065823604809335,-0.009656885430144535,0.00737160226259248,0.001524218860872395,-0.0010887214966663894,0.0013041514840075319,-0.012596070646918034
2024-10-08,-0.002715872295993016,-0.019438011161152957,0.0013062464180046973,-0.0021145223064088503,-0.002765579031189014,0.00036391711489325296,0.0035627530364370497,-0.0025462240584017692,0.0031375506887447724,-0.0032784307863208406
2024-10-09,0.005520567285879574,0.010881264789063705,0.009033011604325791,0.01919877803235437,0.015214615976781198,-0.00883938401302986,-0.0012499938875604188,0.0005240347772308418,0.0052749075631555176,-0.005315235759344339
2024-10-10,-0.014688017669795661,-0.008957900454361178,-0.018215271918938347,-0.012016741691826316,-0.01490182410760954,-0.00023980804027257108,-1.1628170282995676e-05,-5.185745629843197e-05,-0.00969253012048199,-0.000137782942471687
2024-10-11,0.016524161783072255,0.019169537530013603,0.015341750619564998,0.014038358642829873,0.026472683460907698,-0.008446525797588422,-0.002394206900603657,-0.009819199974277493,0.018414628923814735,-0.002479134707885855
2024-10-14,-0.0024309821587961133,0.004331997456285208,-0.005652867161954345,-0.004585658800874803,-0.009497149457838083,-3.8095882096689238e-06,-0.002301181817289444,-0.007044359562966895,0.004862552610755078,-0.0037233827655729357
2024-10-15,0.007142293218242557,-0.0008584128710935612,0.004354532751954077,0.0010355700553579261,-0.0038700818689251237,-0.005954885255956555,0.0026446844057086416,0.00032913492896957663,-0.005908020527803481,-0.0021466245277688145
2024-10-16,0.010948409214431853,0.0006592490515320293,-0.009345226732381029,-0.010126623739972418,-0.001017306003757601,-0.00970896808859989,-0.0008159663236807502,0.001121537904237524,0.008824767517507937,-0.0005951639650505491
2024-10-17,0.025035280981354102,0.03244768798534459,0.02830015152974963,0.016304932290273744,0.02992413234192659,-0.0019654752635770434,-0.007231541600544844,-0.0026650795573650576,0.010245963826171378,-0.005343924990916293
2024-10-18,-0.0027737152655201713,0.0001605565962001787,-0.008722316865417468,0.001953527745520489,-0.0021380952599437952,0.0011283872520353455,-0.0004602868863986531,-0.00457918112348632,-0.006732578093024411,0.001904292174335076
2024-10-21,-0.02285829877617085,-0.018156447576396118,-0.020150202790953364,-0.015811678816304187,-0.026739775156907397,0.005028929538098081,0.002955048013731476,-0.0019030197373970381,-0.01428603831788422,0.007688247550777794
2024-10-22,0.00955387641030958,0.017125513031739814,0.008953705571292048,0.008537742987247077,0.015415541681725431,-0.004862858900496314,0.0010166496813912573,0.0025413115953121235,0.008648296228115582,0.001614479108431377
2024-10-23,-0.0018455292054995187,0.0034952064562396856,0.0010285204371356382,0.013648962755218763,0.015921277610412732,0.0047605170442388545,0.005012472653499245,-0.001002601674466752,-0.0061330798479087845,0.006823090004277388
2024-10-24,0.003338366562920303,-0.016236353330649766,-0.0073687957836363616,-0.00220427343756302,-0.006313128421901126,0.0006022424618514766,0.00036412967184795697,0.0011723796068574543,-0.00938455240696745,-0.0016372208693848922
2024-10-25,0.005886688916644678,0.01487601925573978,0.011829195398947334,-0.0008712493121715292,0.005744875009217498,-0.013669175944446055,-0.008238345810754444,-0.004586487250127336,0.009774691620258347,-0.004060842579426516
2024-10-28,-0.012722257844544171,-0.029603909888265334,-0.020644224285491952,-0.020277585047879576,-0.008337820343915059,0.0073499923722348814,0.0015054648404602133,-0.000360003600035963,-0.012934809630352095,-0.005376175997790611
2024-10-29,0.015324268321598389,0.028696794980498597,0.03226935955605015,0.01581160546489646,0.03376108464300409,-0.0016881565170909774,-0.0020269934698788905,0.004074406938851194,0.00909009892166468,0.0061413010023327885
2024-10-30,-0.002132206986531604,0.002806523002361283,-0.0016475450723295593,-0.005249080393667449,0.005435632898095344,0.0059608933937214115,0.003093803861057287,0.0038445804732878397,-0.0016396023484327449,-0.011831431070751686
2024-10-31,-0.011416419497453645,-0.012242633460732288,-0.017581877931859502,-0.011843436478220726,-0.02508613982438601,0.0005414301428443569,0.0013244237231466727,-0.0028430578172990995,-0.014646041184298575,-0.006307311501885793
2024-11-01,0.010050690888505853,0.00945284188540918,0.0012322393334283088,0.0030273927993862415,0.010577679477386637,0.0019378690626534745,-0.00023449884181581115,0.0009620491487851712,0.009059540816724887,-0.005835634489368635
2024-11-04,-0.006822304196303031,-0.00188358069927419,-0.010324719241364022,0.00042921407051754734,-0.0037138653983267433,-0.000739856635327496,0.0020432656420790174,-0.0034044459554133377,-0.006142777014873535,-0.011642435483892544
2024-11-05,-0.002241841901410191,-0.017611886061627224,-0.011021950046340212,-0.010890759630484248,-0.012279247573365293,0.008582091799069547,0.003215313579854051,0.005850209140991547,0.004522685432048812,-0.004561534164959968
2024-11-06,0.01531682537070922,0.023211335807752143,0.026029217255143733,0.012400910883050509,0.023653172404938028,0.002668949060709469,-0.004375309646012959,-0.01775441443554493,0.013394604186927728,-0.011561132367511107
2024-11-07,-0.0019293972279473826,-0.012850059361687372,-0.009231880916251045,-0.0020515721854049707,-0.0008063576823488239,0.0018006036309314855,-0.0030428686495033164,-0.006236470660998195,-0.009623546144846395,-0.008777065819080887
2024-11-08,0.019260236440205025,0.0152604090805053,0.0008926982534038785,0.014946444887220522,0.024391829488087602,-0.0008585044002213937,-0.00235868045926102,0.011746471052701324,0.011249705631415807,0.013805772971118513
2024-11-11,-0.0010105233814202697,0.007189644288864594,-0.0027485739768631223,-0.0011279979392345707,-0.009611071113610592,0.0007340796913104519,-0.0016326545757464617,0.006711976609713677,-0.0009200474912479661,0.0018093348579413249
2024-11-12,0.008406292511074609,0.020951016620814222,0.010501426300037586,-0.003645701845110483,0.013294857716077413,-0.0036738882630076297,-0.00015671859751098527,0.008094399593632895,0.003553660270078085,0.0012312855492842
2024-11-13,-0.004837673568216627,0.0001993111805600467,-0.008633730263177042,-0.0032994038731894992,-0.010874447773431162,-0.007130967083713635,0.000624184726462973,-0.004414750410588697,0.007203996466538687,-0.004825220107305794
2024-11-14,0.0111822276069935,0.006727404608750431,0.01362792923163103,0.003706690357411224,0.006692959385905528,0.002998104701709803,0.00014766768640939176,-0.011231404521149901,8.316825694443253e-05,0.0012480367002074555
2024-11-15,-0.00922202088949775,-0.011436964077877532,-0.023285735256445284,0.0009722725304412982,0.006346258707491836,0.006744923273951597,0.004680715002276514,-0.00739525134056318,-0.00872438063701586,-0.01658652599042676
2024-11-18,-0.019180730057244855,-0.017211759099446167,-0.006076626794328965,-0.008728349177499983,-0.023969360998378875,0.006958963444375188,0.004137006770235541,-0.0029575920249121923,-0.011432362967990994,0.0031444663639279558
2024-11-19,-0.0003789888577275802,0.0031945887578184173,0.0036202341737061605,-0.002044849449674757,-0.013421621742135459,0.008699224873272682,0.0034179611094935503,-0.0008255833455060868,-0.010654220027773498,-0.009996152664487501
2024-11-20,0.01156101506419982,0.01969138786103919,0.011350342105574063,0.013798699066243092,0.020519310298072302,0.0021279856834373057,0.0017811315031557307,0.002819915272591844,0.01765453567167552,0.0024477357395977783
2024-11-21,-0.006646444152378472,-0.010041944337116249,-0.002842253471755818,0.008098165501001287,0.0008459000420737439,-0.0013159414839853945,-0.0006107652176992051,0.002884877045816747,0.006325525083714423,0.002299520572969671
2024-11-22,0.01931813036719543,0.016412769690092865,0.017896010381970973,0.01777241937957985,0.0213265423521809,-0.00818846201490775,-0.004016227391159477,0.007310159549696715,0.013782233102487274,0.00516726840161108
2024-11-25,-0.01252116061337405,-0.021563310306605077,-0.004748611390911428,-0.004193648183060894,-0.011899629774853593,-0.006418000907109533,0.0009496891661533446,0.003772328383911727,-0.001104113385684946,-0.0034285208085051977
2024-11-26,-0.0036885245901638886,0.001666949886307556,-0.007376669943901404,0.009476772745980577,-0.0018898618339991957,0.013055076601949267,0.002223540238786903,-0.0015201930086031767,-0.006177086505528395,0.005079223102478991
2024-11-27,-0.010298883326143038,-0.013697136163509427,-0.019521133571630545,-0.009624540342053955,-0.0021438487356564284,0.0006985384408424444,0.0021391309344986897,-0.006137491760861313,-0.015744874025875766,-0.0013445745105707951
2024-11-28,0.008510357901352794,0.004099451631794704,0.02638694112333906,0.0030490153114750562,0.012313991370960675,-0.003919210813458807,-0.0034001134692930313,0.010481373749991363,0.008144424201892653,-0.00017711948369669717
2024-11-29,-0.005865264766193423,0.0035606493188677923,0.00431612191669406,-0.0022559795373123803,-0.015378125312585644,-0.0039579286236202105,-0.000437367798772903,0.0001444333936377884,-0.004597841378284895,-0.0015805178341092851
2024-12-02,0.022234467975389416,0.027315253217802704,0.022470744220902672,0.013277213244836217,0.03749320895225727,-0.007014321605547047,-0.00392027298303288,-0.008559628307617806,0.0011183840117046095,0.003504268054327131
2024-12-03,-0.017077235792461787,-0.02031854542001943,-0.019383428803391722,-0.02851912187609662,-0.016124603270899707,0.0015491547934218808,-0.00023700900173106998,-0.005704276225774074,-0.020617255139010582,-0.01648907220823992
2024-12-04,-0.018294707818019118,-0.01484828661190929,-0.022120968205599945,-0.022309092134528585,-0.030168497027286634,0.0015196766892000557,0.0020570247857651935,0.007719531065282448,-0.024766205457940393,0.000919947696408574
2024-12-05,-0.02221311055302133,-0.019839236599292542,-0.0176355592139108,-0.015383979043154694,-0.01737161468790438,-0.007806738625352749,0.00016201487591138708,-0.009954827551559187,-0.021890296169899015,-0.005691417409899868
2024-12-06,-0.002987797207195775,-0.020809548303996617,-0.02894968369014217,-0.011266666853370855,-0.008994875962885396,0.015232852163780786,0.00777023876142513,0.002076736128730605,-0.0043122335567941095,-0.012698349976573375
2024-12-09,0.00799659316740775,0.024997330713873778,0.017353278355090485,0.010689764564591808,0.023921504841802443,-0.0029041708395627364,-0.0034211972363739074,0.0005564914212512484,0.01747170307975776,0.008239017264200177
2024-12-10,-0.020550052939857122,-0.018529321077675687,-0.018069022758184228,-0.009483720174204513,-0.004009370112741162,-0.003449670053123133,0.001298274028684654,0.0032304854450477816,-0.0014875658894674126,0.00472523328446961
2024-12-11,0.012423650199428149,0.013096951403305468,0.0030910852115326737,0.0044392510143220765,0.002684422040565071,-0.004866210031919116,-0.0032240871772669655,0.011006243740963706,0.008440748777407192,0.009358045421514305
2024-12-12,-0.012918156953503068,-0.017512026684993187,-0.012154016484192232,-0.007867450500976036,-0.024747062882542137,0.005864482492640599,0.0003360615121112964,0.007295837062470056,-0.0027820040866957108,0.0013644109616999245
2024-12-13,-0.0030373433370279868,-0.0029941524458643176,-0.018215611068217563,-0.008685060786908005,-0.003112724265466049,-0.003287321875570348,0.00219743436839992,-0.004780354539887455,-0.004480532027953954,-0.003773542760535764
2024-12-16,0.004008680128705588,-0.00729396162648932,-0.006896945366679619,0.007094270452950857,-0.008687536726158185,0.003970386121534775,0.002917687745436659,-0.0009494373008658297,0.011015184294061564,0.0039489910313901255
2024-12-17,0.009401418198079048,0.008623141564318093,0.0026182858529544273,-2.559494016474151e-05,0.015219033671559856,-0.0010632576805225114,-0.002788655186941158,0.009307815681822262,-0.0010039237017985814,0.0010343123707110546
2024-12-18,0.006423711829544931,0.005750883354482594,0.006792950363373462,0.0015783950424175242,-0.0003686471337113195,-0.0046303544246175665,0.0007686355193250449,0.010667163798965928,0.0031349091957335595,-0.0026855969178383177
2024-12-19,-0.020264321797639595,-0.025968895100617284,-0.01280465623863214,-0.004670933448426506,-0.011171149709898187,0.0006036754962239765,-0.0011313262688225079,-0.01040649122296522,-0.01789256478720902,-6.012026849988583e-05
2024-12-20,0.0005455683270840783,-0.005944592732157417,0.00740819066478271,-0.007548504705691128,-0.006764050461669613,0.00036479287422053197,-0.0036656300461960223,0.004670419103825596,0.006843636718305568,0.002059592555824441
2024-12-23,0.014059434522059489,0.016488169146327003,0.010346725021390002,0.0052689522747328965,0.006262040142359204,0.006931627466921553,-0.0018141194211001022,0.0049074047459150005,0.010349058736155436,0.006117240599835538
2024-12-24,0.014344229887238713,0.009068581960384847,0.014541070101872444,-0.00043177399062122035,0.0015088339795901184,0.004032278055318139,0.0021263066038936795,-0.0029794703106107434,0.011745154125185842,0.002299434017477342
2024-12-25,-0.009817372956229864,-0.03118316365814011,-0.01661334715193108,-0.02154939368193387,-0.014776330101131663,0.00486044930763696,0.00016974360137100852,-0.0073840850953733606,-0.02518400353792216,-0.025167945427248983
2024-12-26,0.00809867471460457,0.006600732924190833,0.010791469059722392,0.0053532376708882445,0.00035234012566798256,-0.0036325601312252598,-0.002710535183653384,-0.011467518681619104,0.0010207470896557158,-0.00414610881796873
2024-12-27,-0.016978361830185196,-0.016676535737000342,-0.013495162906564051,-0.006423995323773468,-0.006361021426474878,0.007637305937981953,-0.0014603194886609883,-0.007681070512322918,-0.019479626107716586,-0.006515154754523578
2024-12-30,0.01525896815266381,0.009162157701520623,0.005208629997405012,0.006415772497643912,0.003417098727213297,0.0014422339616730895,0.007739568548047249,0.00689302709800188,0.00717657934267657,-0.0011965154714901338
2024-12-31,0.005816743875464159,0.014462709459549083,0.004334823396084042,0.005958993747273489,0.00643881943986524,-0.00251352532632787,-0.0013025599102768348,-0.010533450809135814,0.004802196226260547,-0.007045490455191761
2025-01-01,-0.006561101227677946,-0.012631312933261807,-0.017596705084363173,-0.014371247098141415,-0.008756370716000661,-0.0012928276878380052,0.001783230783808376,-0.006629428446372598,-0.0021082507227997427,-0.003927468410279467
2025-01-02,0.0042289258528334095,0.004024535545650965,0.00885384927079369,-0.0002434531631311243,0.005075495037818456,0.010143647353654917,0.0017733439432920939,-0.014047782597140124,0.0006660945609089364,-0.001463903452081694
2025-01-03,-0.010460207540499478,-0.010144073979658996,-0.009965274922675071,-0.015438102363244166,-0.014487239109908678,0.00956211989735034,0.0033658865826275974,0.001709071364297765,-0.020982305113262822,0.0031895305441544952
2025-01-06,0.011111928379287095,0.015465290790092956,0.005756324130242296,0.010390872004839125,0.012285919930598244,0.0014201027816282963,-0.0023923234375146096,-0.006009087072570418,-0.005647902892777501,0.016021630868931824
2025-01-07,0.004333570623171523,0.005802437286015927,0.008038774142525407,0.006800955554900234,0.0006686427728896938,-0.003618769010032552,-0.0016845149382030966,0.005997443766727617,0.003045544737206418,-0.0004551901667509961
2025-01-08,0.012768709418734092,0.022002051959795432,0.010514210095154075,0.009239079490063862,0.01469560614081522,-0.002354922688418526,0.0010390536656437188,0.0030183893190565136,0.011898438774272657,0.011569094073123454
2025-01-09,0.0017368827042243407,0.01437352446987239,5.300623290938056e-05,0.007839665631439896,0.0060657915788449035,-0.010515499505212578,-0.00457573793213073,0.008728462997065645,-0.007584148922100242,0.0035746996504328887
2025-01-10,0.027226877043035724,0.04515566290928619,0.03053308972544233,0.029188062125789394,0.031681059815113155,-0.005135585647711549,-0.001666742626980855,0.008168094376756141,0.02221000595542999,0.022188816577699555
2025-01-13,-0.004249573056912426,0.00819718174231232,0.00492244203953085,0.00021266712557976852,-0.0033062799212748573,-7.667983783132826e-05,0.0007638331001695864,-0.0029472752078003595,-0.006168262375229272,-0.003762537780144015
2025-01-14,0.011217693044033084,0.025681026763506143,0.0067438597758870955,0.017647618354865946,0.005489148341488281,-0.004969141012410527,-0.0018124511105089836,-0.003992873295120214,0.0018898399580218328,0.01152909269672242
2025-01-15,-0.01499314683521824,-0.02546871119940408,-0.014868687835308037,-0.017855670103092858,-0.010780157021145542,0.004470923489594769,0.005008012881953627,-0.003428839805491579,-0.018150795631697636,0.0034661311614612167
2025-01-16,0.011967865455364546,0.007966906085267178,0.003029548724736042,0.0006158066367161208,-0.0007346213995664819,0.0008184848930004041,-0.0013324369038023587,-0.0024997149543113384,0.002667100070428141,-0.004542511046777387
2025-01-17,-0.011811490978157702,-0.005585290225742168,-0.01696628533381761,-0.01117280928736275,0.0008569366768897968,0.012536955374945924,0.0055807210565417265,-0.004245577251543953,-0.014800437238415398,0.003986513911799161
2025-01-20,0.004910204817106134,0.028365329234044667,0.015313379349412237,0.016693966578118724,0.015179577306115188,-0.003883327062332187,-0.0033781083626416297,0.005041527140503543,0.0006454606817414277,0.008936422762899632
2025-01-21,-0.004861308269702991,-0.019471439828190773,-0.0240487828544399,-0.017082102052968784,-0.020106224073757617,-0.0025926433166554297,0.0016386729249702192,-0.0016637396668931492,-0.00771523611573699,-0.0020885079445600585
2025-01-22,-0.0002002072144668965,0.0008627108027936536,-0.0018237913110479287,0.007227319437327795,-0.004434901177355233,-0.0013540580734783259,-0.0027459338412599843,0.006858904863339621,-0.0016910049582984366,0.010206164799344553
2025-01-23,0.004835972425945911,0.007462510331798233,-0.003492389578859001,0.007167028297114131,-0.002698275469809386,-0.002882089100477825,0.0020809948724553884,0.0020939745476582505,-0.0018683633732683447,-0.0004737687366166421
2025-01-24,0.004927286405372655,0.020873866060336255,0.015761460324599685,0.015730606732041075,0.014730103979888387,0.00599759722792248,0.004841204708141644,0.00518836087968344,0.002993271534925679,0.004885880087728722
2025-01-27,0.008527177900727878,0.007290219625041727,0.014517488022534275,0.010654343746823391,0.017695155920154804,-0.00288478398214298,0.0014830776954450897,-0.0036140196891020215,0.006716887445372244,0.009176610103998284
2025-01-28,0.014825884342371864,0.0020933536969918176,0.0016246608975036825,0.00035067593466009406,0.0027701565337256984,-0.0009625158461556982,-0.0039101687393557905,-0.0033155229550095866,0.003918786527482121,-0.0036586557377915607
2025-01-29,0.0007459650074597146,-0.01094534907967315,0.008455111347824618,0.0031522595722710545,0.001376846075217708,0.00926307074345778,0.0007205545869484187,-0.0007080417641869285,-0.0027593633273883533,-0.010826770349226411
2025-01-30,-0.0069555368396595485,0.0024149219175246817,-0.005227385257093098,0.007200325071109237,0.001443150644248048,0.004659272394993419,0.0031385784896680313,-0.001735904369910668,0.000868905010966925,0.006703811821697991
2025-01-31,0.006209757215065226,0.02074123927375071,0.000102563174390502,-0.00023668129787424164,0.010133628577140064,0.002346731132121027,0.0014879389154909273,-0.005152243872153628,0.0019849464359464886,-0.012191178329751362
2025-02-03,0.007992830673093199,0.0022327783855065064,-0.010430208393030216,-0.008304637899494094,0.006437161559706972,-0.0023437568009266885,-0.003487456100735753,0.008895523787255222,0.009227909167763837,0.004500972673532111
2025-02-04,0.02034745416536521,0.025384258843934138,0.03113884155950264,0.006391180388082507,0.022975863782709105,-0.01623978784762181,-0.007252916257786457,0.005484413288789458,0.028493317385632766,0.004140150880134197
2025-02-05,-0.013385518959678544,-0.007728228813899118,0.0022849879543000995,-0.006665965837262089,-0.010508572671796723,-0.0006547223218764664,0.0012665402672722426,-0.009606622767051265,-0.00761787445094575,-0.0004968532626697941
2025-02-06,-0.0013796264028986815,0.003626023607728124,-0.008201894605211812,0.01092761236961226,-0.0018764089077122348,-0.00471451988039584,-0.002910425898121405,-0.005037063237521511,0.00027765528280010443,0.01103241841943503
2025-02-07,-0.005597835439891452,0.0007504044863206882,-0.007279496382554318,-0.007462225837017389,0.0041897559504586734,0.004801386629194271,-0.0031141892870051313,0.007820938458090732,-0.007621154725360735,0.006781690624851455
2025-02-10,-0.0030430205223612727,-0.010058853437018733,-0.012017769044359583,-0.011128750037186053,-0.00032585916068905707,-0.006421938427210172,-0.0009124603024506239,-0.009992993921753679,-0.003706156497702673,-0.009693761675771184
2025-02-11,0.0023724106006250967,-0.002176314749058772,-0.0004032416994363963,0.00029263116439848247,0.010330758988015942,0.008820863554220848,7.559563831605054e-05,0.0023143037634349994,-0.004768628616726112,-0.00528804535867633
2025-02-12,0.0021503203833053153,0.01224208670922633,0.011359017755858458,0.01923965496028779,0.021070211545598516,-0.007108974923562772,-0.004880466518887405,0.009040655690155441,0.023957386964692517,0.008686566607228219
2025-02-13,-0.004531424758668079,-0.0031460575509039135,-0.008064443571387692,0.006381574711903593,-0.005357113354370724,0.00708360555405374,0.00405339601218957,-0.000309065395968422,0.010278412497771727,-0.006706550116796661
2025-02-14,-0.023049585541448314,-0.0236038429639851,-0.024767951625094597,-0.01818637368026843,-0.029664342575712932,0.010754449620907547,0.001632096482827361,-0.004946034659536469,-0.01985042006697002,-0.009776588329812874
2025-02-17,-0.014017838192685983,-0.006787789495839469,-0.019993303529907802,-0.004501178233627057,-0.01627312313436824,0.013030983830864429,0.0010205858051990369,0.004576815653078992,-0.019491438741484846,0.00842908686459487
2025-02-18,-0.009060918406680107,-0.0027851358510557755,-0.003767687727967206,8.181297553799816e-05,0.004306875774911401,0.003948696754836334,0.0032270264152400863,-0.0017507964555834032,-0.001009801753383055,-0.0021232921418210537
2025-02-19,0.008300117707086274,0.019178518844583436,0.007684540102502746,0.004439354275741936,-0.0005306361135777315,0.004004117458645817,-0.0008563659388320932,0.0009603478701727397,0.023248917125087143,-0.0032290919964171882
2025-02-20,0.011147741392440569,0.012272040152208952,0.0038980519194047325,0.008472965782358122,0.015977376399076704,0.0,0.00607497497702747,0.0019588967190644624,-0.005029084600469358,-0.010465938492690507
2025-02-21,0.014825312040115612,0.013175220874375615,0.0034465981323079653,0.005505170014186822,0.006599294425793101,-0.0030949693652672083,0.0010408017397387503,-0.006932386548059277,0.021153427995880936,-0.0018243507517328172
2025-02-24,-0.0014452489880815156,-0.008469592239776946,-0.007460748952836216,-0.005357228912436951,0.008287210869362571,-0.002684911837279147,-7.778147779946565e-05,-0.010386874219244113,-0.016331925801228664,-0.017169121884088256
2025-02-25,0.014605428505767293,0.016000117163329275,0.011349310405688318,0.01719186138843054,0.011663510863877402,-0.00327507743734623,0.001968085235684036,0.0018475938415005722,0.00015929160165661926,-0.007944741351006201
2025-02-26,0.005233734939759094,-0.0038667642066647634,0.01069528715537138,0.003792008467848662,0.008928256123375222,0.0013045841803105418,-0.0018432184693037978,-0.0007246193965418923,0.005480391876605317,-0.0028117582110432915
2025-02-27,0.010120525826277982,0.018269300340062244,0.013431137669161153,0.016494742086768044,0.028775497178247234,-0.007206366340346326,-0.0004347674176607974,-0.011159874952311188,0.01794366712019979,0.01074325652871777
2025-02-28,-0.0018177762379151252,0.005478381355028983,0.00016733753806930096,0.007103399984439651,-0.0019492982326229091,0.011999698386021551,0.003358071042290911,0.004307820414960917,-0.0011371208101088603,0.008945854402218512
2025-03-03,0.01037971794554804,0.0012932313824147723,0.005089252035092473,-0.005662724133402408,0.0016543244039919358,0.005411330411839943,-0.0005731540924172052,-0.0006478234073189482,0.006447025740169643,0.014590674822128946
2025-03-04,0.02170854176764836,0.021271940658766697,0.0019249103373133458,0.0009996633258229082,0.009355018237581003,-0.004982380676499032,-0.0020608400977223384,0.008388999111154316,0.01969741468951658,0.002676697769014247
2025-03-05,-0.017613191469761702,-0.019028631058098266,-0.027313837258829077,-0.002928727400676845,-0.017092728747637342,-0.0040698839229623696,-0.00039971558231666204,0.013653442157169238,0.0008173591515034939,0.013605844518076005
2025-03-06,-0.006385791847566269,-0.013547071317616566,-0.008397541607272019,0.0025896248936123634,-0.006499546989040983,0.006108179236600231,0.0002889677228219423,0.0055513408390159835,-0.006922433741030964,0.00758288056631562
2025-03-07,-0.01142862535625977,-0.0064202133167649,-0.015318122739159779,-0.010862307250337766,-0.017113772260496485,0.015478447858092936,0.003774025084022359,0.007195897714070032,-0.01864071586614713,-0.0020769033344958387
2025-03-10,-0.0034749071607906856,-0.022231406443729673,-0.015686823322858534,-0.008056307809045316,-0.01983774378727332,0.007820047032858435,0.003879372957269034,0.0014249436193567444,-0.004269837786069153,-0.0014943148770717452
2025-03-11,0.005043731499132953,-0.013095942573391306,-0.009257703443284027,0.002260581473255474,-0.003872863810965521,0.01636246795996099,0.009777467209731938,0.0025849374706561346,-0.003811241358581352,-0.004440781218216561
2025-03-12,-0.014559613395797588,-0.012480168040937656,-0.013512411654006518,-0.0036529872645493233,-0.0057292339080909915,0.01353649294884729,0.0039881742974570145,0.004274770975406517,-0.006267751253147935,0.003294361772135712
2025-03-13,0.008221616079546745,0.004318228960419335,0.00019837071519246408,-0.00032490259525863596,-0.004891630586101758,0.00146946598830211,0.006358288343901286,-0.0007874107539325159,-0.004902516436182225,0.0016688817037933124
2025-03-14,0.0030651598296174143,0.007589185129553089,0.008971189062686014,0.007948167799351147,0.002190449298799635,-0.0005758393966589503,0.003898776590793851,-0.001629092883748906,0.004841235939057276,0.00012013883296346783
2025-03-17,0.006001597237830669,0.014989508834567511,0.005176288666548734,-0.002970167252136613,0.007957174690720326,-0.005082125268735416,-0.003719401104900877,-0.00043555857731703007,-0.0064414259397963525,-0.007091299825225605
2025-03-18,0.0005324054267323852,-0.009289755932775923,-0.0076494860145102095,-0.0009570711519297781,-0.012430225565183473,6.240919730782224e-06,-0.0003917336518408643,-0.006683954894729394,8.964809049549771e-05,0.0114095637191296
2025-03-19,-0.0009027071712957024,0.0023534818559520776,0.006151653195213935,0.006129544192460923,0.019881380718148378,0.00809506798255999,0.007964234828484296,0.006368356799173025,0.003007016371533444,0.0128319386716933
2025-03-20,0.006362702579319812,0.015123055078980263,0.0058235186587627386,-0.0010567838196979817,-0.0008346683822572087,-0.009577542120691729,-0.003277160009675817,0.0032948000846293457,0.006247867275474883,-0.0006696776203084509
2025-03-21,-0.0012947369415856613,-0.0014278533390642556,-0.004339105826150158,-0.009754168761521798,-0.005254176302128766,-0.005180049448963664,0.003165560490416164,-0.002092358361803659,-0.0009123866581618456,-0.006070098337151442
2025-03-24,0.018954161777508416,0.029207064848657316,0.03384062765856899,0.028125437972514433,0.02696596889648517,-0.008667320406162027,-2.4925524000352084e-05,-0.007153571077761156,0.006683476377507436,0.0051376530385585095
2025-03-25,-0.014603590300801383,-0.020602297335133746,-0.015581401947832973,-0.016262901910755967,-0.001711665691710662,0.0077316241699803,0.00348086287863536,-0.010609533445780084,-0.007710833701280451,-0.011186045846538484
2025-03-26,-0.006102359421901626,0.008905695881884501,0.009982993360684977,0.003945345590311566,0.005750411112096954,-0.0017009805091012797,0.0014138162401255983,0.007285078561340308,0.0017394188722901216,-0.002195470494585572
2025-03-27,-0.0012327065494647238,-0.0006814896646711865,-0.012719281555614748,-0.000437517090511208,-0.008587582675485317,0.009383390538443503,0.005601756983665718,0.007767923883361005,-0.010923158307051706,-0.0014334896381624773
2025-03-28,-0.005145781313788178,-0.006263212866685186,-0.011588728612404009,-0.00645359637535603,-0.012618414028001346,0.0026690519753804764,0.0029213767470366303,-0.005284240938810081,-0.015432728816742514,-0.011889447010749454
2025-03-31,-0.016042066286848455,-0.018536042706580047,-0.028037656509461217,-0.005590811349451941,-0.014160749763184155,-0.004473642409125511,0.001572606838163404,0.00784856162341363,0.004416265125189778,0.0029617245836492945
2025-04-01,0.005571935677846085,0.009450418423899709,0.00961213770599234,0.008053627560600018,0.020779877850457096,0.0018603732519379967,0.0067696476651606385,-0.00024060230245248615,0.0033812376403170585,-0.001302079866223993
2025-04-02,0.006819025757013097,0.018260894926030558,0.011537340715818356,0.0009653065175194708,0.0037402484891144727,0.004768200461130467,9.727645998602874e-05,0.006710860309766309,0.0032464059118326727,0.018654149691785804
2025-04-03,-0.008966590827445886,-0.014625274335776206,-0.025234073201073737,-0.003360940436085924,-0.005101892617505377,-0.0016444035658088607,-0.0031268901072288857,0.0016269524220640097,-0.012020818039019443,-0.0096712431669852
2025-04-04,0.01176879987240409,0.009911854257955266,0.01425347268868049,0.005404554930574568,0.0013263290922778115,-0.0018269062635100086,0.0009161415330734002,-0.01046028080590633,0.014653626461211378,-0.005106173792272406
2025-04-07,-0.0023072734047330234,0.0034969815149270556,0.011182267314798766,0.014767635352602504,-0.002301340192229606,0.0009068496271793514,0.002177978264501723,0.006331118959121751,0.011512686866372634,0.005663682961266847
2025-04-08,0.017619879820928386,0.010884607386905554,0.016605921283152192,0.012136695898917527,0.011282747103642743,-6.657233438511767e-06,0.00038822292891116383,-0.004180788688696868,0.014144151431807028,-0.004108932271958188
2025-04-09,0.005368527536641077,0.00662145962931171,-0.0023579131824097432,0.0001066558317885935,0.0018680785625082574,0.004978355257252209,0.004684975952713,-0.005826778849116865,0.0023012160151871797,0.004995888703217322
2025-04-10,0.0029109492877066323,0.016386627159310718,0.015197990391073057,0.009303459343070086,0.006757870446678638,0.0017943304542560323,0.0019164679207879232,0.0046494104066630015,0.010309811630072385,0.007985093436545965
2025-04-11,-0.01963620752410189,-0.006974486966167537,-0.009293331509864222,-0.011665526193974318,-0.017941633922724298,0.0057553778825150115,-0.0018743351994052748,0.009187166372768951,-0.010759929895039488,6.0222193711378935e-05
2025-04-14,-0.006711409395973256,-0.013593141293268274,-0.010054671473561538,-0.010174133722276824,-0.014070389457210508,-0.00014167192811043172,-0.005043487842901984,-0.012154381037921658,-0.008790753783249006,-0.007853286624670774
2025-04-15,0.0011261261261261701,-0.0008281016654043682,-0.0018517017171210126,-0.0009540659668468843,0.012049771622903993,0.012233449875711733,0.0022348365949687032,0.003116667742729007,-0.0025626092020967217,0.008926156342980773
2025-04-16,0.003106526577794755,0.007104908974994606,0.004311325107052122,-0.0038533711205666066,-0.005920780582345797,-0.01069020614506111,-0.003971595065064726,0.0018777015231192795,0.003737008057923541,-0.001165238998234508
2025-04-17,0.0022379798056919586,-0.013349932828314759,0.005366830464446082,-0.006020765179821863,0.004651387537894847,0.0015032481768058048,-0.0006593503875336193,0.0009726634839191117,-0.012308679866000594,-0.01016027307043188
2025-04-18,0.0005237272238172164,0.002641240420602431,-0.005846579573975164,0.009280826903479422,-0.028730596548313336,-0.007003500481260638,-0.0009681071118771145,-0.0025809942078798276,0.007579604122069705,-0.00195635179411624
2025-04-21,-0.014813722084485281,-0.02493858673046767,-0.016118434893498623,-0.013069437504185544,-0.02073366604802973,0.010986576836710116,0.002390944983218901,-0.004807349714483822,-0.003749198759942396,-0.004732810263478826
2025-04-22,-0.0005071728734966641,-0.0022386209511587873,0.009303151820990063,-0.0007803528552041694,-0.011641661096844502,-0.009241203739206116,-0.002076496046472198,0.006809824015423516,-0.0033707910635593086,0.010642533647424735
2025-04-23,0.004634529418871658,0.010611630405390704,0.006782677283408978,0.0018544589289586355,0.014508260721586952,0.001681334844202853,0.0012251780566205905,-0.005575434756533104,0.006593852775183651,-0.008598823887495777
2025-04-24,0.008220930903773294,0.0071013790559939505,-0.0007737332141977138,0.008042839526450019,0.012469877800898477,-0.008002389444666358,-0.0026255772734354865,0.011594996512161115,-0.004126430939761394,0.0022328103506707997
2025-04-25,0.013249488293979317,0.011219617276415406,0.011945453308407794,0.0021647148886865253,-0.0011196631914515143,-0.002875655812374922,-0.0022973035288149646,0.008052747262023763,0.006618305244014522,0.0021310312361175754
2025-04-28,0.006879502754626454,0.009951891498464427,0.018668758404303043,0.0008258213696763494,0.009758709881642291,-0.0009867835812775727,0.0021717345769436402,0.012281218711416741,-0.0075565838446836064,-0.0014450140399258071
2025-04-29,0.023439071042084647,0.018273347910763738,0.027676941015994494,0.013640594822762475,0.024121271981620174,0.00436456830687959,-0.0014833104514584416,-0.001314819353230856,0.011271168917521779,0.007108307602602615
2025-04-30,-0.0023075903730070957,0.0048505813792913965,-0.00020184905971976086,-0.0035995655082764477,0.005690156909116784,-0.0013057979997869174,-0.002295531824667907,-0.007284774040504982,-0.00420964851439487,0.011278017405858654
2025-05-01,-0.01027306286583185,-0.010918673405231227,-0.029582975182847915,-0.011468311513245122,-0.0128377786765288,0.0007435968111861868,0.004526688365065423,0.003133259486871376,-0.001650716451201184,-0.003718715234631631
2025-05-02,0.023896897197991596,0.017486270464042608,0.008523515319631692,0.004723705823407309,-0.005545700287210686,-0.018004699241482736,-0.000573763456222065,0.011172861970366599,0.022926437792125665,0.004079996134190633
2025-05-05,0.005016745081555918,0.000604266737676662,-0.0074200485084888745,-0.0040999935736778514,-0.008439266586535377,-0.010191261314331235,0.0007467241835461547,0.0003763513558674436,0.008878305710185552,0.0009417138932716895
2025-05-06,0.009749560415345693,-0.0030160972247811335,0.002336492741757734,0.00012131223704936467,0.008789514263685572,-0.006449239240332472,-8.697122145329139e-05,0.012102956073397841,0.010406246092284688,0.007412268447828829
2025-05-07,-0.007459795044914674,0.009958591423975927,0.007011988237955347,-0.007246881750400669,0.010041951153232143,-0.006508830500267515,-0.0030330251538616126,-0.008677826120515597,-0.002370758836201081,-0.005933654008634659
2025-05-08,0.011271549209824983,-0.006136486852805656,-0.007103548966756579,0.00155458329108904,-0.0005570105558755367,-0.001129125870990566,-0.0007294356912161959,-0.006565982799768277,0.0030548082216208527,-0.0020178060025511924
2025-05-09,-0.004596803535456662,-0.004357179629673857,0.01025239814369705,0.008030794228418348,-0.009022290736483973,-0.004827768860209747,-0.0024206033150673267,-0.002404395253085334,0.0002666749116881917,-0.001178024767125474
2025-05-12,-0.008727901648405645,-0.011491930651198023,-0.011451497527446786,0.0008162508593807516,0.009978798766550723,0.002122100792270487,0.002818283458168702,0.010325104331313062,-0.01336496516763197,-0.0072938824074629816
2025-05-13,-0.011849087148124826,-0.0047285009093270824,-0.006232538823588651,0.011019404236926267,0.0041941496235562425,0.0033883503624136946,0.0035484265290179895,0.0144243706636078,0.005506124878599028,0.01760482575484379
2025-05-14,-0.006908007008122996,-0.013636838258327288,-0.00417580817242702,-0.009695618649178894,-0.016039020960583517,-0.00247711347991586,-0.0015356988797720073,-0.006228840677138581,-0.00013242041143801675,0.004280927835051518
2025-05-15,-0.003317646304077937,-0.002921747967479793,0.009095591133944536,0.010964895374802941,0.0015417921366474019,0.0028957999714536165,0.006406327824135527,0.0048393268382691534,0.0036576245306243482,0.0037750762842574392
2025-05-16,0.008353907762191692,0.015617700768675524,0.01174824910446759,0.007267079798077392,0.01399066156782891,-0.005656649116881907,0.0009193120290604817,-0.0014039992767888032,-0.007327400519282934,0.014799351625538248
2025-05-19,0.008900237096479913,0.010398045836425895,0.010976589503577827,0.017290935381059303,0.012562140610538064,-0.003279186487158303,-0.00041943738701677447,-0.005459525671149934,0.014692600918776222,-0.01026276042683616
2025-05-20,-0.00136031671427006,-0.005576612027134664,-0.008605846677939732,-0.007821317741963485,-0.00650611628700537,0.0005559443164371292,0.0033938560007149565,-0.008548255947292804,-0.0037721599950680806,-0.011829032676843654
2025-05-21,-0.0026112023749722546,-0.0025733152068362353,-0.01298664984823028,-0.0059253555213313325,-0.015653654566308517,0.005676704321651238,0.003599609266838666,0.00804699044403856,-0.004842315338381864,-4.121586810934552e-05
2025-05-22,0.007069157962557915,-0.00771204650871693,-0.009997198518047479,0.0014914261857215116,-0.012521173492584858,-0.009558009715035731,-0.0017162679676245851,0.011818687854959986,-0.004461683158311969,0.013323578509160772
2025-05-23,-0.01211072664359858,-0.005178986908866645,-0.009624403442783036,-0.004784040140733636,-0.013928447526329935,-0.009961231889131339,0.00033848719019724527,-0.005173514902518939,-0.01438587724571938,-0.014378832406268027
2025-05-26,0.00968695271453579,0.0012856367952773784,-0.0027866420962738836,-0.00675760924969826,0.0014485703240714187,0.008158751427713051,0.002607292329479316,0.008821201211948404,-0.007676189948072842,0.011744905855042509
2025-05-27,-0.009444956366198687,-0.007883322604134824,0.006017037003650749,-0.0023271411731230485,0.00014963534516976296,0.005047148732047146,-3.1249325298521313e-06,0.001369407937755751,-0.0007344400493352055,-0.013398223342812599
2025-05-28,0.001865050593487405,-0.005885898663262834,-0.003120129797399618,0.004716068245479876,0.004349617294390651,0.0026986618806523754,0.0057058605451887345,-0.011316566640947268,-0.0027721522526733544,-0.003616297758644915
2025-05-29,-0.0008921012625964231,0.007076363376966155,0.0007575952130256525,0.002838662584399465,0.01898764238033146,0.010672191813855036,0.002208663474711603,0.006970094186358411,-0.000733017428190319,-0.0014639579770149291
2025-05-30,0.020591317024281297,0.03256550287936433,0.019660110088917992,0.022228007036130926,0.016574468580968782,-0.019113599253557267,-0.006702144240831931,-0.0019576386103630217,0.030087786106546055,0.008836881937698937
2025-06-02,0.005499263491496764,0.011895084531245104,0.015748229661158186,0.00203724902155189,0.004124514916196587,-0.013318195108704689,-0.005251419475113317,-0.002372910547013385,0.00024905049498791243,-0.006734691513284541
2025-06-03,-0.007347000381777602,-0.0059827060813444355,-0.008151559543240094,-0.002334125356842409,-0.009445965383473753,0.005700665372205149,0.002670235728672532,-0.009977107925907336,-0.007473544973545021,-0.01301511972536451
2025-06-04,-0.011685680680837418,-0.008613751994871244,0.0017985892315715013,-0.004817668080475901,0.0031367733770286677,0.00870417844387461,-0.00044722057533275184,-0.003911241185558301,0.004539058243407945,0.006306476645159265
2025-06-05,-0.007240015566033486,-0.008867455955091752,0.0019543242931547855,-0.004739100937631191,0.004319681496598449,0.004224931439897883,0.0012713919450617617,0.005072688919271595,-0.007203143473663243,0.011392208517473135
2025-06-06,-0.0020328723666097614,-0.014423143662284699,-0.006330610289497107,-0.006287298059876711,-0.0063102242687814725,-0.0058920920238874075,0.0002453140887319627,-0.0026131787529367623,-0.001953378322610111,0.008156030198727349
2025-06-09,-0.0019730712315252363,-0.00915166624411956,-0.008255614099349162,-0.001598102379061661,0.007474260789119613,0.010576151144083834,0.002648060334170532,-0.001750428160447015,-0.00922286893444757,-0.0009495120634098742
2025-06-10,0.0021829065148546434,0.004072595977867355,-0.0018877335202126533,0.0028363903597961038,-0.0036190333732216695,0.010917844448471659,0.005887554845073417,0.0014353308268753029,0.002305319723997501,0.0015268114234185948
2025-06-11,-0.0002557159361258332,-0.006894623397123989,-0.0031627153809175024,-0.0037393685235517227,0.0015575414614616978,-0.0016271226751547463,-0.002671819824328403,0.006324587946608284,-0.01706771568611898,0.001342875851767067
2025-06-12,-0.009596367904922465,0.008450021561632326,-0.00421975734808866,0.008489242341418679,0.0073696416563791,0.007035541484472496,0.00140701416337774,0.00735887536812152,-0.0052043829780366035,0.0064550407814507604
2025-06-13,0.006382703979044058,0.0038415052197822153,0.00663365768796953,0.010391089640633178,-0.0008968999088633245,-0.006454575565867704,-0.003131991682631008,0.010769733089594169,0.009258733544760478,0.011371711962315123
2025-06-16,0.0027586838969848593,-0.004868878256920506,-0.001218601235693284,0.0053003315179369626,0.0023311373343950503,-0.00797038214346546,-0.0024642762027108356,-0.0008095672504124796,-0.004721511205050155,-0.0014141077005505043
2025-06-17,0.020578369633766247,0.02420878351128186,0.010803324977578965,0.018391873049598217,-0.00030335423106919723,-0.0047005137989576395,0.000463317352242143,-0.0025279561920708016,0.017732128582156337,0.00919026640966436
2025-06-18,-0.006022612784059023,-0.0007599072913104798,-0.00259280160521691,-0.003962562118775437,0.0035030499447810115,0.003835306322879317,0.002711973036244153,0.0006022050508196486,0.0009639873372526697,-0.006332518215639293
2025-06-19,0.012325434723848838,-0.0027031791737673894,0.013418915987967184,0.0006666909099726226,-0.0007590530966896658,-0.005193398987314191,-3.1110550492430278e-06,0.0016365720364124314,0.008354437403149229,0.0024609370105379558
2025-06-20,0.016322825254988516,0.027555657228420793,0.022887575139111993,0.01769551313111717,0.022554208533791087,-0.004634397528321288,-0.0037358230901527456,0.006115888984762341,0.025987603614367805,0.002039913303684582
2025-06-23,-0.0030080916351408193,0.0023949510384304595,0.007465560478014277,-0.013359868972347089,0.006438247781945128,0.001320935503858589,0.0009001980946801158,-0.0027975468886715094,-0.0019192387402745537,-0.001345947065236608
2025-06-24,-0.0048924667430839675,-0.022512593928666336,-0.011431392083505187,-0.0048859699072509866,0.0005600929754339123,-0.013508110765197423,-0.0017091500793169345,0.002029932173106763,-0.000840561909879467,-0.001526380018661344
2025-06-25,-0.002696583591884627,-0.004248184882107764,-0.006509461249219806,-0.0003879474428201135,0.003958440374492556,0.0043375504535492215,0.0001613772525692614,0.010790804435657053,0.001893815712139979,-0.0005967236493965578
2025-06-26,-0.02347635990299679,-0.03155478265679712,-0.03117616232566256,-0.01888096791642302,-0.019136678900069093,0.01563173282595476,0.011153118609334323,-0.005122699732986957,-0.021256527640387324,-0.003236999429206633
2025-06-27,-0.01753773785840207,-0.021641034428593886,-0.019709996393934115,-0.01301661627311912,-0.01652161025809684,0.0036248143122106224,0.005995449403053632,0.0032036726231612356,-0.006115093822227524,0.00041315983132017564
2025-06-30,-0.0246682380291241,-0.033161347763579374,-0.009077033781538124,-0.022751980121136772,-0.018403109640422022,0.01143380168535102,0.0028071359115120487,-0.0012316155666760586,-0.013204103914326915,0.0012452440339378867
2025-07-01,0.010035516838575731,0.017700384200237007,0.015825979354586517,0.017417047944942032,0.003057743830886306,0.004061866577927287,0.002113939412842214,-0.0006296227141074917,-3.9942642365620173e-05,0.00231563031657811
2025-07-02,0.006082286452748775,0.012456611386358896,-0.0032761660522520053,-0.0011185851409567515,-0.0007379950017611936,-0.005266248783868499,-0.0008673017245715009,-0.0037461012004382788,0.005324566904601147,0.0014672220345979259
2025-07-03,-0.026169311676827678,-0.0320971375199165,-0.03845906447794989,-0.029352864918307353,-0.02942410661832584,0.01530928829653666,0.0014991394550141202,-0.007374895467883391,-0.026136155942816708,-0.0361921605509572
2025-07-04,0.02131930206884669,0.00645217443955004,0.007967354584072162,0.017014509624579066,0.01008448049252908,0.004312959344243472,-0.0028657631972575093,-0.002035387730644822,0.009905999086102124,-0.002445358484110982
2025-07-07,-0.00522207872424052,-0.007873453227401517,-0.014205978390719132,-0.006160001635172607,-0.019593071906894965,0.004509083451392337,0.0065612634790961355,-0.002184899219400571,-0.010774364526606628,-0.0016641139859622234
2025-07-08,0.008038872582223133,0.011945592978174213,0.018604979954286893,0.008789542013188267,0.0034380989386642025,0.0024549677465122155,0.005636098256099453,0.013475514242704545,0.013325710085148934,0.006672756467811292
2025-07-09,0.004260362760789782,0.008497649944759766,0.010707274998512872,0.006414307703285438,-0.012774187092240874,-0.0033164783797842157,-0.0027154458212290677,-0.002240589745350241,0.014339373226721852,-0.003121663439439759
2025-07-10,0.002346501621641739,0.010891846526343896,0.000987450872684148,0.0055935237680446726,0.0039884972620398695,-0.010656616875899028,-0.0013841813754904564,-0.0041461812309430135,0.00441820363468759,0.006220087628418192
2025-07-11,-0.013601027262318044,-0.00794586671662667,-0.01708042072254523,-7.050587968682187e-05,-0.004969107689606456,0.01076790283638207,0.0021961548365136974,0.01011654659378114,-0.009976344749562993,0.005860764322017209
2025-07-14,0.00028197476325875215,0.0004369496471074985,0.008700246916862442,0.006111779844976795,-0.014979563296430354,-7.359866518008573e-06,-0.0037491829675720956,-0.001142769399765431,-0.007787402707411073,0.001105622146265084
2025-07-15,-0.011022105287885609,-0.030217787187421297,-0.018482583212806825,-0.013117946381864587,-0.012652275170189853,0.009024128634096185,0.0038565444067100163,0.001753561320940511,-0.016957479452496038,-0.0009713098862454972
2025-07-16,0.0214395317792484,0.0073623706146377366,0.01521554516496093,0.018950614779044805,0.015336463223787122,0.005475293067196185,0.00254011115294861,0.0016963883012655057,0.004600272001835215,0.002415904491071652
2025-07-17,0.012269082655851804,-0.0024399762064432062,-0.0006447304035021029,0.0015133412982875072,-0.006882270948373015,0.0015547838888800847,-0.005028032649905367,-0.002705991185274148,0.0042040621597705385,0.005718513672039682
2025-07-18,-0.000872961176200393,0.002654837006680788,0.018262604340015365,0.004058473834897436,-0.0012280950356620135,-0.00900766747789572,0.0009514408677979702,0.00017330672681192816,0.0021439883055183184,-0.015497680493913202
2025-07-21,-0.0008737239032464705,-0.014140580017576343,-0.0013581261757700247,-0.00614107390823293,-0.0002567307367496996,0.011912733679591225,0.0023116009348000954,0.0016860019503472934,-0.012415011466867631,-0.0042216038739120165
2025-07-22,-0.00028996179868368,-0.014596997606230677,0.00098256436284605,-0.002622534369396301,-0.013112398097902545,-0.004446974822852834,-0.0030221416219856634,0.006634861007500215,-0.0031140505633190374,0.0005521331651876515
2025-07-23,-7.826635421503969e-05,0.004760976370584036,-0.01091786089234592,-0.0007740962426366904,0.002535892812307372,-0.002995745908509595,0.00023483478405994518,0.011620033402347962,0.0017820763453031407,-0.008465256179248537
2025-07-24,0.014052212348634852,0.017909741114013,0.012204980578504276,0.003153762148356609,0.012688373279055476,-0.0025683430741311186,5.855680673150232e-05,-0.0033800462415806143,-0.007440182738447376,-0.004727974874713103
2025-07-25,0.01604598577927918,0.013526702656540657,0.006928211521479488,0.014326676116476866,0.004804471283335721,-0.008182353265570597,-0.0020369394480734826,0.010021998327487847,0.01702007889170809,0.0014018967610671673
2025-07-28,0.013942513942513779,0.02323919291012788,0.020403030791552368,0.01986393889530169,0.02027606051045905,0.0031189009595338213,0.00197467489821479,0.004903027728690557,0.014940437672205542,-0.003908805035568452
2025-07-29,0.006439073408081253,0.0044003793810794,0.01615594132925513,-4.8162828891751275e-06,0.00969532427032882,0.010250494062727933,0.007354736564147313,0.006243079346647251,0.00020450717780096106,-0.005415107821837073
2025-07-30,-0.0020406643982885386,-0.005768266482199191,0.002898091053542995,0.0014906467335813467,-0.001470415756254173,-0.004619259603371617,-0.0010633353578201055,-0.0017684706806051498,0.004353909498017394,0.0024742126182197843
2025-07-31,-0.02179989556410744,-0.01687140842944601,-0.018054526343857513,-0.010741208295761973,0.007617398643137374,0.0004737855465166696,-0.0005596824934115396,-0.0005633034852148278,-0.009919486501913988,0.0010651131237247036
2025-08-01,-0.0049927553460162866,-0.010499513218003464,-0.010846226712977636,0.000157994010811624,0.001966587441903478,0.0018035627921972885,-0.0008110190936909678,-0.0033475093988312166,-0.014026415946329474,-0.011308246964625068
2025-08-04,0.00796627744465983,0.001048225962702709,0.0172665315308127,0.010061413507083117,-0.0025379726381558054,-0.005757672313419615,0.0011764236994402655,-0.012845179326599565,0.020981137013244444,-0.00272037722564189
2025-08-05,-0.003238257960344826,-0.0015725826267422027,0.007656727564846921,0.020836691826290332,0.0006695869296633461,0.00845622506141086,0.0022416384688772606,0.01092853678847372,0.006207846718251808,0.02211120857491289
2025-08-06,0.00287633552162192,0.008469731217604304,0.00182801123588483,-0.0018407959026381926,0.017153699042915527,0.007391602773862527,0.0024133085336890403,-0.001724407315615184,0.00407986180214448,-0.0013540173104898967
2025-08-07,-0.016850564220963427,-0.00791803389474166,-0.01024243008259218,0.0018583585994540464,-0.013464791003949261,0.000974982442053518,-0.00041837459692839474,0.013251908309258154,-0.006544860639263517,0.018250962524742675
2025-08-08,-0.005242845700138221,-0.00794338587295873,-0.010191390865749939,0.000704724956926972,-0.00863226095111902,0.0008252398518675541,0.0009973019810167738,-0.009450767157414997,-0.0013447296175700396,-0.006249927633093955
2025-08-11,0.02462301442061343,0.02851845917923601,0.027779452406864857,0.022191446565766437,0.030702734604694193,-0.00018863990207640402,-0.0012172550339107913,0.0011869540917248678,0.008123194457208438,0.004388741518659867
2025-08-12,-0.005492101197546062,0.004710298121073375,0.001231800837254271,-0.002412442396313441,0.00197043920163531,0.0005886590798811486,-0.00012031522589195376,0.005998229062522453,-0.005953135899549711,-0.002690053504609824
2025-08-13,0.02575338529506843,0.025434490498058127,0.03452815935124787,0.022873152513090522,0.03087673886506548,-0.004447965818246247,-0.001027998534165464,0.0067115015487351215,0.025633766875862163,0.009801818195917411
2025-08-14,-0.0010417396176202187,-0.00045719305066560523,0.0056093206522549455,0.0038409776541359353,0.009481242344385965,0.0005021832762988065,0.0028914322225785938,0.0016343550364710246,-0.0015278096341420078,-0.007907151761510689
2025-08-15,0.005998440142665373,0.01027894329293555,0.0025845077727886245,0.007888752173512037,0.0021925884051239297,0.016125044330182803,0.002734600945618393,0.01319531050441003,0.005155000428285428,-0.0017416208684881695
2025-08-18,0.014177138003876433,0.016887158700790383,0.014328917689280907,0.006126356949007317,0.006277309620843274,-0.010148755821853928,-0.0007589614206409134,0.00010102891929641977,0.012616109264725228,-0.002795332066839906
2025-08-19,0.0013914537255743653,-0.0039509756490888615,-0.005916400962945101,-0.0014130152681067765,0.0020600311907541524,-0.0166895643959335,-0.004347182912685987,-0.012688043091432122,0.0027427233674675033,-0.01280929775655848
2025-08-20,0.005133505450864995,0.006437443465590054,-0.0019144844085328128,0.0022147090445430173,0.001848018923713557,0.002172059190222342,0.0019221844990664483,0.0046446247245539585,-0.0018425550096133891,0.006586210834887973
2025-08-21,0.006673180555614833,0.009480744750793857,0.014837074179495868,-0.0015005463584599754,0.005113059639732853,-0.009510695008539183,-0.00037523339435208136,-0.0006110633296130263,0.00987949689092038,0.006573112838437201
2025-08-22,-0.0010553754211964916,0.0021062915065874765,0.0024603307842376854,0.010535148237926562,0.017419770844700144,-0.0014265643621782509,0.001988609276661668,0.003470418932481678,0.016825740430975067,0.005745011661052013
2025-08-25,0.012953675653199603,0.004328181230489392,0.015649723386807812,0.01362144636431939,0.006384493130917157,-0.002500865950814113,0.0017188230206677257,0.004041651934388657,0.007090113292938849,-0.014288217212850784
2025-08-26,-0.004976145497803008,-0.008057992764672894,-0.010333985307830362,-0.011061050323011412,0.003156493482586953,-0.004376419379258145,0.0007640319766573089,-0.004046261279631813,-0.002867817982253551,-0.009612582223192279
2025-08-27,0.0036371137145287946,0.009376149463178995,0.012297589603495362,0.010273154590377809,0.00668330410192608,-0.011047452382929812,-0.006262890165927071,-0.0057863544336583805,0.010585108945825317,0.004395688503908701
2025-08-28,-0.0074617788310299415,-0.0019595709570957576,-0.0064784703658932186,-0.016610884923311864,-0.010301860436557786,0.007790507985468986,0.00138845173809643,-0.00024177893065302491,-0.015454635473779454,-0.005805925223256847
2025-08-29,0.006465626531888757,-0.0013089456098652752,0.006183682504319998,-0.00010587495726410712,-0.013214449814753504,0.0017573800667387562,0.0030704198636541946,0.0031162342729529335,-0.001899759736268769,-0.0014074269855952615
2025-09-01,0.010538867848475242,0.004649398130583293,0.0018479618485296445,0.0022566989545946825,0.017945589538354012,-0.0004150490089694925,-0.0008318762556142056,-6.354207840530979e-05,0.002160891227677375,-0.009951894764006597
2025-09-02,-0.006328009440077165,0.005043291975363795,-0.0018898878250991347,-0.0030901967689395127,-0.004350368739107213,-0.0023694482710869824,0.0001518967734617238,0.007210147940965639,-0.014825490458953317,-0.0015144730422461672
2025-09-03,-0.020342625850397034,-0.010691826047747655,-0.010100379261008596,-0.009464913365243688,-0.02650316072290515,0.005373039954828185,0.0027359079879842874,0.004185824052506781,-0.0032357688542127283,0.008582536125368412
2025-09-04,-0.009671856859932992,-0.0033734207591404886,-0.014648443101065167,-0.003031322927277147,0.004098042378298361,0.0005786182587270705,0.0003309263899520243,0.002981569153555963,-0.00786159348014881,-0.0022883143326257738
2025-09-05,-0.006878658058287579,-0.016453021064301576,0.005072788549409513,-0.007764554907453647,-0.007163127740461683,0.005834200831361658,-0.003954580495882931,-0.007637191709586766,-0.0006192329156696763,-0.005314839377438818
2025-09-08,-0.007490474165241734,-0.023026443247584516,-0.0014073046640856735,-0.013613749842276923,-0.021344806716243392,0.005431643880464021,0.0011675050433597178,-0.000992803451372759,-0.016645502807398627,0.0006232662898535413
2025-09-09,-0.009226060341058218,-0.013718929598996121,-0.00028417740789599133,0.0013591487845325823,-0.0004082040857147362,0.0011100735407578721,0.0036088299801937396,-0.0069588536522134925,0.005974329054842409,-0.007855481594354008
2025-09-10,-0.014215102166909355,-0.014417892224062312,-0.007457426535211753,-0.011332918157990202,-0.02660535659957808,0.003493563746735928,0.0020088322345324094,0.008409329518084707,-0.008065389195626271,0.009933136906999263
2025-09-11,-0.0057617664044696815,-0.007002837484468061,0.0015400980753155213,0.00964234046529655,-0.007604028352013015,0.01612164488550416,0.00818213040068727,0.0054199712159719304,0.004887936074839283,-0.010961319893921795
2025-09-12,-0.018529191920101606,-0.00940918955464165,-0.02097673563594027,-0.01798985328397107,-0.01877631601197227,0.0033962282449222503,0.00011615020156896527,-0.005762227255191821,-0.015003646180819619,-0.005702578434056971
2025-09-15,0.001307537379511503,-0.008736868302174239,0.0007451031818885845,0.003137013972279057,0.008263448029245168,-0.0022328857616394915,-0.003128432686677729,0.004807948919429927,0.0022446600718291077,0.003324782858173947
2025-09-16,-0.003303520700841167,-0.0038078065740773104,0.009938232263367652,0.004579451393786238,0.017470393057137157,0.0060810519122662665,0.000690916710556877,-0.004218639429890092,0.00954397931679396,-0.004065480326969073
2025-09-17,0.006270370659814173,0.0024667786772567535,-0.005299149835894301,0.0003602521765238009,0.0007811417268270837,-0.007156160401476597,-0.0027431637174759604,0.009516263928233792,-0.004203397746511794,0.012576106212710547
2025-09-18,-0.0032344274652231775,0.00021331220526721317,-0.010565822942421588,0.005357975557843453,0.0007952194511937627,-0.00473334059961128,-0.002970949871638928,0.003959016642022473,-0.0003439448124914479,0.007203388126274524
2025-09-19,0.00961560496271563,-0.01978429595326403,-0.005546067415730271,0.001258303540471184,0.017812179622916924,0.002313531618088893,-0.0001921666477843198,0.009159628250814622,0.0021308456524884445,0.008485608408139722
2025-09-22,-0.014553873391288663,-0.021776546601032676,-0.006218759321359846,-0.010778456846040063,-0.011390952740935045,0.006385249891004419,0.002588919910745835,-0.019141223269523278,-0.00834139642310927,-0.012871429570763149
2025-09-23,-0.004818522289120497,-0.017264935539474613,-0.020016068640380635,-0.003377728321220297,-0.00862394075963202,0.0033769020404419425,0.0037043576495121577,-0.0006926456567233341,-0.011602288196275068,-0.013011184725128522
2025-09-24,0.006633245846699332,0.008875058096065702,-0.0020264020072208178,-0.005938617997757745,-0.009493404847374043,-0.011614147603103975,-0.002470604493962525,-0.0022288295891587095,-0.00038212757488298443,-0.007196232815471881
2025-09-25,-0.006253851176735603,0.007198625170752093,-0.006051249620246835,-0.007467034831342367,0.008623195632385228,0.005893520663424967,-0.0019120272998608412,-0.006825242173671309,0.0012981376105507536,-0.01454454651143755
2025-09-26,-0.001587184067078251,-0.002076141082138938,-0.006883409330497359,0.002319912107395128,-0.006128103233189797,0.0021823071662065985,0.0006185406337362309,-0.001546443017636956,-0.0005249448211408492,-0.016128652590097103
2025-09-29,0.003527018070753618,0.008664599491443159,-0.007556081766477485,0.01147862576386971,0.01006269605747212,0.00897571943126052,0.003256823401968978,0.008884308052321988,0.011566788554967067,0.012714184182563981
2025-09-30,0.018810847758216065,0.023810652758021078,0.01916060415236087,0.020706109976791565,0.02260306124159661,-0.004492278252701709,-0.003956738935551041,-0.007211541804276078,0.0203201825118986,-0.005715842179941255
2025-10-01,0.017769960606898616,0.026452494345943434,0.022582187612553817,0.013986539749659466,0.017084786609232294,-0.000326223542172821,0.008466637044622027,0.0052978382373469746,0.015127449922126779,-0.007465064727045001
2025-10-02,-0.00398188110477149,0.0049631523537374544,-0.001281346689297802,-0.005554294804532511,-0.007876046462428121,-0.005204754293383629,0.002136723468860291,-0.013077034540796673,0.0009494151602611467,-0.00842386903714143
2025-10-03,0.015441166606297019,0.0375112241843758,0.03042390375746007,0.02635854031618501,0.024372164433414722,-0.006623410595942958,-0.001241867814176123,0.005977392074473231,0.01671282771180338,0.0038074652449857638
2025-10-06,0.01676971586605358,0.007118490043489967,0.010008084360597858,0.005193118402659236,0.016462896034353136,-0.007062995416229012,-0.004485988023245735,-0.007876188948074847,0.012381752029107185,0.010548594841148562
2025-10-07,-0.024492818904731428,-0.03422729876826125,-0.03119613926232334,-0.02473423942323283,-0.006725036131465911,0.006584742720263881,0.001504311767940747,-0.005929164984968427,-0.019654027195688872,-0.009378675029400263
2025-10-08,-0.005319030853042972,-0.006528968823339754,-0.012932737102692937,-0.011209916464564706,-0.008793099047054276,-0.0059211124075230215,0.002128310645694187,-0.007843771536932498,-0.013866694740958252,-0.008490900688401637
2025-10-09,-0.005235882534113556,0.00633676668159433,-0.00047960898121279794,0.0060659326683745185,-0.005772754737165209,-0.004575996959277795,-0.0011256224128461945,-0.002446265345928733,-0.0021199284714781275,-0.004658104003432362
2025-10-10,-0.004644212906873335,-0.006738164638171451,-0.0059811793039580285,-0.006604981049618597,-0.009022238782475989,-0.008809017872736802,-0.009042526900322145,-0.01246403912887828,-0.003885876729444404,-0.006713398872985277
2025-10-13,-0.0005409718559392651,-0.0101739464831746,0.007268568055196711,0.002042842891974761,0.01961020864875951,0.0019471011255267623,-0.00316917730423405,0.0019751193200152617,0.003847334100498756,-0.006007638221093292
2025-10-14,0.005457752037635766,0.004250969386985437,0.00922466422466428,0.01237039993468958,0.006752173158534047,0.002467885803546732,0.0021064488171824713,0.006331655127488123,0.0015360924406673249,-0.0011966059902820403
2025-10-15,-0.018253758192658176,-0.024410031437446356,-0.012358524236136703,-0.01283524518006307,-0.009893833738149338,0.006638782918463093,0.001357657003683732,-0.0016368447447224765,-0.013662463516529666,-0.010001089126883245
2025-10-16,-0.0012017692968506744,-0.018175588271528764,-0.009049538182619887,-0.008198376662423401,0.0003422563995021388,0.0047781715746524345,-0.0009606973172018307,0.0007771007873689229,0.002154538843589071,-0.009509518319354426
2025-10-17,-0.0009561672789493159,-0.0008195339243911581,0.0049353948470398645,-0.00827072141739349,0.012287349547703608,0.007117338631855485,0.0021524580474125976,-0.009724521661723662,0.004836325319108603,-0.008995120361937281
2025-10-20,-0.020226952173355572,-0.026403572802122466,-0.012983658181057844,-0.009576232671771101,-0.023266354729366667,0.006573180957381908,0.0015331237558933175,-0.005108957530422398,-0.017362311492160165,-0.004333655617837162
2025-10-21,-0.006641583510551219,0.0039139653184783185,-0.007515048791734702,-0.01137385341401953,-0.01441955731218969,-0.011554643432694522,0.0007332269933477686,-0.008267254942800562,0.0020131814521489044,-0.0113225500952302
2025-10-22,0.019107531030329472,0.013474827047623705,0.024407931086443346,0.0125672953455771,0.031091637120816973,-0.0007967366887063898,0.002091933255824463,0.007665689372206241,0.012585388309555245,0.006863133541914257
2025-10-23,-0.0034257485168172064,0.001957109974525917,-0.009291521486643584,-0.00010936107536840822,0.003910978492570605,-0.0027311476509582766,0.0006589335625182269,0.0035118482067459933,-0.011184527364142549,0.0033576677552324963
2025-10-24,0.004118543638494732,0.005286528249514477,0.005091451249199741,-0.0012822243217709417,0.0031114962630676146,-0.00904758143983464,-0.0027174893737816896,0.007152203970911319,-0.005517198385362243,0.012777147493932883
2025-10-27,0.0183628461488774,0.024220827236827613,0.027017877531675838,0.018444862304302978,0.02833682869099019,-0.019424902585482906,-0.004270981415627095,0.008770511563153116,0.016157595323543772,0.0003293827189803089
2025-10-28,-0.012282418608022594,-0.0210827873825854,-0.016744977705326902,-0.016836465051580096,-0.0063520543440868105,-0.0023832985517940886,0.00045917081832480555,0.008659707932803018,-0.002224706971005519,-2.076504353243358e-05
2025-10-29,-0.0032704771777570807,-0.009517009791614295,0.000789335738927921,-0.00425850770720082,0.007186483214004946,-0.0010839291906127313,0.001268714212364186,-0.0018763529103926757,-0.003582151841504344,-0.015984965796296713
2025-10-30,0.007685298530129003,0.010646134835198717,0.011760657524902296,0.011128820419819663,0.010346713664954876,0.001287573367170225,-0.0007166733361239075,-0.0029132423834822285,0.01277457185405817,0.0002125353660356044
2025-10-31,-0.012883161009827893,-0.015695172705683103,-0.012337281223193775,-0.007668839273332395,-0.006340320907081254,-0.004339231092817086,0.005656215564780354,-0.0012476731612596215,-4.5950603101529985e-05,0.0029673277473023507
2025-11-03,-0.011783647240072748,-0.01819890193455409,-0.007432667166444085,-0.012414345673146254,-0.006558598915286762,5.292218674468607e-05,0.004007077112996971,0.0009553512112281393,-0.015382671231303102,-0.004794682125046301
2025-11-04,-0.00953651685393253,3.6496646363737284e-05,-0.004571593487398329,-0.012221352225880389,-0.010143729815367708,0.007939892397248238,0.004849249548376511,-0.007142515588539067,0.00613329910820215,-0.011741739112054561
2025-11-05,-0.021738205640873032,-0.03389603701435884,-0.03062754072876883,-0.020941670844973004,-0.02640888760640614,0.001848307526520765,0.003652967304887733,0.00401089800673593,-0.02875553734470304,-0.012805529202014831
2025-11-06,-0.013905800042519512,-0.03419126288573249,-0.01525034363386446,-0.022194367152043926,-0.019964552249865042,0.0011387313201116633,0.0008110036809136911,0.008390772452823603,-0.0011541875116911626,0.006561649326270125
2025-11-07,0.010627872563527152,0.0009647895281221786,0.010080938302718945,0.008477197112914503,0.0035867441677603917,-0.003186129692141937,0.002211171828017333,-0.012148439488279483,0.00014742856687477435,-0.014959587588923462
2025-11-10,-0.0012314852973259738,0.005123217728070006,-0.002133614829742725,0.002643703460061264,-0.0012214427488890234,-0.005003429779235957,-0.0031665893389636324,0.0004931078071390704,0.0014182927898136466,0.0011659323010073663
2025-11-11,0.012830034805656254,0.014254613311216913,0.010873607139651353,0.0041881872400881814,0.011939722103772699,-0.005093682145261957,-0.00344250018761294,-0.0030058012686455804,0.007312163334155519,-0.0038943869692379396
2025-11-12,-0.019621939763424856,-0.011158242619376146,-0.024002663791463097,-0.014585236930271916,-0.007094017094017135,0.005693117178926288,0.00575091099706837,0.004975369363002136,-0.015063191153238509,-0.014029530251761568
2025-11-13,-0.005377658274260511,-0.0017356923819039638,-0.007050696784297483,-0.012308505281839355,-0.008874324116020849,-0.002719565221213527,0.0027427201092626863,-0.012730399527311587,0.00044108330058612033,-0.003204894170235617
2025-11-14,-0.0032784467928236305,-0.0024851044736194927,0.012706110254874892,-0.005832206093153713,0.004263802317924892,-0.0028138111229283336,-0.0026761713512242213,-0.01741769328569509,-0.002677397633629397,-0.014607734630666114
2025-11-17,0.001178599784005474,0.004701455418351541,0.004808002998539562,0.00746058379893233,0.0011785788270124442,0.008023028387681208,-1.1681756044157332e-05,0.0045097285744561955,0.001153407172826304,-0.0027489487412367675
2025-11-18,-0.008925141117711366,-0.0030478880030305744,-0.011139266557760763,-0.013878390227678228,-0.012814511997910838,0.0072190080008278645,0.006500973181295278,0.00030071199727488285,-0.01940067840154147,-0.009433121421661084
2025-11-19,0.004562397495154524,-0.00310902307586014,0.006725028291946877,0.007634758079352322,-0.00610887720383535,-0.0018634851809286035,8.388290263350306e-05,-0.01464963538542896,0.000814632269262594,-0.009069790269279898
2025-11-20,-0.01036471938573591,-0.008641451244022491,-0.010520841408894643,-0.003550091795230692,-0.008214342750207826,0.003971415231296627,0.004050571344996978,-0.004966982644319273,-0.01149373570952339,-0.0177409875255069
2025-11-21,-0.017667084930986454,-0.011054358606888637,-0.016424054661970167,-0.008794877798023126,-0.02273524882225908,0.0023724240995888213,-0.0012853740561971083,0.001533572726833965,-0.017945885108267112,-0.010990470107736572
2025-11-24,-0.0011450439951347091,0.002323947706758478,-0.011308117150367725,-0.003278562259306894,-0.004841684111798195,-0.006761723310880208,-0.004625463697146115,-0.009165766217002269,-0.004078640228538655,-0.009071581884706914
2025-11-25,-0.01844360434902237,-0.01333832896215803,-0.017577488997284063,-0.006037766953529311,-0.018380503378285118,0.01181926536108513,0.002565141974675722,-0.0028451166513022708,-0.01976172545966859,-0.0007563116003793668
2025-11-26,-0.0071579100356078396,-0.004159239453357055,-0.014109244989663261,0.001163577183521447,-0.021403950367400615,0.009223908287480098,0.007113255135937857,0.000606001189652039,0.002481710869893572,-0.0028610559991212314
2025-11-27,-0.010377728401516295,-0.01769788432896091,-0.005614939899347138,-0.005138120974922944,0.008945065629557547,0.0010411505514806851,0.0011719782563748282,-0.0019945822900993004,-0.007362121668747501,0.01516390268251322
2025-11-28,-0.009350731681546764,-0.007878043322387729,-0.013820339077575183,-0.00895294047244255,-0.01346728341524528,-0.0034909392667064054,0.0007544372201575555,0.0006816192220691075,-0.005989764052741209,0.0038420129027882943
2025-12-01,0.014958404436860029,0.005625166867675002,0.009200122998186844,0.006164315230689166,0.020604343762418376,-0.0013461368763112436,-0.00428210876289814,-0.00790546382838564,0.014739570379485034,0.007082040532985667
2025-12-02,-0.01438066465256782,-0.014368763160303999,-0.0065561369223980925,-0.01007436399217232,-0.009201252936570148,-0.013662886897976678,-0.00024318830093761346,-0.0002910290798511239,0.009438546248876634,-0.002176924599247898
2025-12-03,0.01014457214747222,0.009107332772929855,0.0038884305969781874,0.010498459364926438,0.01579398010933275,-0.0011380918066523638,-0.003128104553896671,-0.007270669720628065,0.00936733233369691,0.006508044292351078
2025-12-04,-0.013895119029399883,-0.017023959646910503,-0.004582726107492219,-0.0060567803595464875,-0.01832352102082635,0.00942422783242769,0.003546973911381812,0.0003355806914098203,-0.01177036602504311,-0.0033999746170854106
2025-12-05,0.005779790000963292,0.007481868875331976,0.0018732801806251587,0.006453221362026085,0.0039013135009224875,-0.004485889966409196,-0.0029930586011024385,-0.00450249820524562,-0.004629273750651253,-0.008394884649928325
2025-12-08,0.0062999499835050266,0.016757985138093012,0.016623766246113503,0.004818661361271737,0.0008026703042691707,-0.00022832716987164492,0.0026168898972580568,0.0004297859831705608,0.008915470357562683,-0.0031988130764368794
2025-12-09,-0.0037753407853130527,0.004945449226873677,-0.011779905234282073,0.003043930692838037,0.01169731605981461,0.0016487079776101865,-0.0017478242068272865,0.006368878828582281,0.002019935702257225,-0.011261440711727189
2025-12-10,-0.007616449407668591,-0.021826633131546425,-0.01747566690383473,-0.018094326442966824,-0.020737217392057694,-0.0018703201436032213,-0.0016396963170970391,0.0014979510665884543,-0.013852167159669082,-0.007144498204874061
2025-12-11,0.007610724543116065,0.004426465801831814,0.015189512173370279,0.0025135955482482597,0.013737867943057758,-0.0038425761775015,-0.007185914102353141,0.003979135120405042,0.008619984765478872,0.013507656122912381
2025-12-12,0.00034501794093277915,0.007730694095971824,0.010422266966052085,-0.0014822991405817332,0.004848151614923246,0.0039981620246622995,0.001526718771878599,-0.004384334186539829,0.001847506080129735,0.00018912900131362598
2025-12-15,-0.007120836671778208,-0.012600371166602398,0.0031020799933230148,0.0021346262166843655,-0.007547645052232044,0.005346131167981438,0.002378071852669139,-0.011740814259546872,-0.01907556547403566,-0.007972579776904132
2025-12-16,-0.01158620984507186,6.978399527324264e-05,-0.003026615495023366,-0.009710114856186891,-0.0004156957981905629,0.007845394134168071,0.005548437883858837,0.003380615100184947,-0.004207116930932009,-0.0019473427529312914
2025-12-17,0.012987223643018853,0.007666399955341241,0.01548503310521343,0.0014879057924888084,0.016043775649794645,0.001421572485439837,-0.0010833888951061743,0.0020241287350024617,0.010311525800614785,0.0074621729599895215
2025-12-18,0.0074832001622604505,0.010525732646390784,0.01732752096595802,0.01978013829412517,0.008593186200062553,0.0006135670284070915,-0.0026837959736486505,-0.0012398758571061652,0.006231658898670833,0.002155293876540121
2025-12-19,-0.017965087017562387,-0.02784478190157702,-0.02233734234097784,-0.005427584595008583,-0.010297013631101692,0.008536862307185311,0.002457119727232948,-0.0020557211351561744,-0.0038041893259681547,-0.005974809005499293
2025-12-22,-0.024335901253749403,-0.0389808126994271,-0.026517929384220706,-0.019209880411509728,-0.013196711936172334,0.004040567783048177,0.0020688858766775287,0.00478111281244753,-0.005730227271748767,0.006511329679353972
2025-12-23,-0.0071162767551546935,-0.018811551965261852,-0.018744937982549614,-0.011234668803560943,0.007531852914547166,-0.002305234845404569,-0.003774582430748019,0.006278143737183273,-0.006443064612506877,-0.01229285508670741
2025-12-24,-0.002249869128899795,0.002641349580125185,-7.208687910598144e-06,-0.01404404380147728,-0.008350300194051696,0.014418349958867482,0.0006814141266686669,0.001601739207267583,-0.003765394974243552,0.005775412504828603
2025-12-25,-0.018458155189158387,-0.02372940328553319,-0.02498549241099912,-0.010379942488400684,-0.024924757308117496,0.0006866273849992499,0.00195858738399024,-0.010056150730964775,-0.011544484982108028,-0.007897520836869676
2025-12-26,-0.012891302493531653,-0.01764666948388849,-0.033514596556861176,-0.012663292732059128,-0.02652491312507288,-0.00832835937688603,-0.0034567010935138143,-0.00818539539775509,-0.026912438317364118,-0.015545742851464261
2025-12-29,-0.011377514574740122,-0.01761641918681489,-0.020520725358873615,-0.0016685438950019282,-0.018374180218239666,0.001690447659081551,-0.0020657081373024466,-0.005163643353918168,-0.009314425534624471,-0.005831958147537009
2025-12-30,-0.006741913491402185,-0.004531881443026964,-0.014683026265434829,-0.01177491601343783,-0.008012986158746793,0.0022406985867571283,0.000551784353795215,0.007464054133951903,-0.0075105818405515334,0.0059650572666687385
2025-12-31,0.0021413150607780818,0.005119589584867912,0.0069436187667943905,-0.00329750647319782,-0.0016884811484513262,-0.00760845025670176,0.0014043196629844878,0.007804340076177585,0.0041213747166843895,0.01614250907533399
2026-01-01,0.019060888298277012,0.02407554850173743,0.004113039713464772,0.008333570190148576,0.009732896859284468,-0.00792187157375579,-0.004013987105867645,-0.00954567786310856,0.01440015478093426,-0.004444851366105174
2026-01-02,-0.0014648689947550642,0.010745601614672085,-0.006397115026556821,0.01860120306007973,0.005086183201264971,-0.006597370776186939,-0.0022328894123914145,-0.0008761523648803671,0.0033241450090142344,-0.009540186604522938
2026-01-05,0.00730632486106475,0.015873177590088883,0.012359803221517973,0.01471105072213108,0.012963153416793771,0.0025195124354440157,-0.0032886207247068144,0.006664701695414665,0.003295027134186279,0.008735093316234455
2026-01-06,0.007201928129212165,0.011593505230115042,0.0029421392274839864,0.004668959329327871,-0.002164412262849247,-0.00023814239550778993,0.00013473751481174467,-0.0026548759855202775,0.004971421095607553,0.0008440621271408322
2026-01-07,0.0012304865808916432,-0.0042481683801440795,-0.01261602900093639,-0.005361180708436053,0.008715740595140131,-0.008674542378331873,-0.003008821189598554,0.010953838658347426,0.017313899151138568,0.013835456459004636
2026-01-08,-0.0029846519793850224,0.007955116812775831,-0.003998048196943271,-0.010684635412402388,0.004568952671335724,-0.0032105915748914526,-0.0003845481092383807,-0.006612099596487897,-0.013506835049817756,-0.001338477285253048
2026-01-09,0.009560164278045846,0.011601432275589518,0.00522701771575762,0.005611049961517178,0.017715735808926603,-0.0047626642001263875,-0.004325960437752019,0.01421666826478285,0.007308836356316961,0.01669854524015202
2026-01-12,-0.0013222601082566454,-0.0021286567980314253,-0.009432812825481252,-0.0054947014399244765,0.0005807682734588759,0.00897568392616832,0.004667533489203901,-0.0004941782026017805,-0.008898796175826673,-0.0013941170620036525
2026-01-13,-0.0037410347566917412,-0.007701039199953019,-0.008479115664342896,-0.006035362590682158,-0.0076397292815202356,0.003962970723661252,-0.002037432786617277,-0.0074705353312708445,-0.0072627074979279005,0.001389310915290931
2026-01-14,-0.012017395533487685,-0.014362913802794641,-0.002208936589113808,-0.009421605030776381,0.001099792010586853,0.0033625065958260425,0.000912548179734074,0.012752896910477318,-0.008213960121674857,-0.0057147384622128206
2026-01-15,-0.0015912811530491844,-0.005042496035537747,0.01560908310673681,-0.0030480715624446875,0.0030927276910792667,-0.002335498012362658,-0.003852468812488352,-0.0045494266928862714,-0.0003549423446217448,0.016201745298933812
2026-01-16,0.013054396184011496,0.00883892344124737,0.011597968677191872,0.0056230136093227134,0.01836647034086014,-0.00289503870173613,0.0009925411791862349,0.0030694658914738326,0.01308290391303557,-0.00045547901209441743
2026-01-19,-0.011018613363818042,-0.011976018061210847,-0.014576201053202786,0.00369977086011275,0.0009230714872492385,0.00951543921189657,0.00022469572230821022,-0.0017360960762089483,-0.005059537182655616,-0.00329997195774967
2026-01-20,0.02033143733476761,0.01982869940680354,0.014173833471321506,0.006350505590449584,0.011454945791984139,0.003920668028295937,0.0029083249024348667,-0.0032639030994321416,-0.0041458920442227765,-0.009855656912608812
2026-01-21,0.009764058618001448,0.000677617358874949,0.002538913735523174,-0.0009765814117551619,0.0009095945869306288,0.00043529223302796183,-0.0017569346528831797,0.0006742708582387902,0.009691346267221679,0.0007898733834657001
2026-01-22,0.01845063538611935,0.02701219873860694,0.02257806868875778,0.0174959569330293,0.019265009381885134,0.00566818215854159,0.002537084272969281,0.008430125175361125,0.022956032751984212,0.015291507028042828
2026-01-23,0.007902055952445863,0.010742079400907878,0.011434123294978393,0.009476635005307044,0.000367754750343785,0.004626857352586944,0.0012497072042054747,0.008205417005958893,0.0012820850566839237,-0.002766546427875771
2026-01-26,-0.0016448525313955686,-0.016403746434744515,0.007225166785328252,-0.009695021999827413,-0.02036868821800697,0.0041686093727657525,0.00038919577587859244,0.007871927568000592,-0.004963910789928305,0.012066694820618729
2026-01-27,0.006004931848359263,-0.011289260679292035,-0.01580154013591195,0.0019383854773544762,-0.008705232957706532,0.0013145483916432443,-0.00021145454327287094,-0.01134444194243045,0.003578448222674613,-0.008530205371456434
2026-01-28,0.020245335976683876,0.014292289312364037,0.010704758430424732,0.007474974730183659,0.013194528507444625,-0.00015824666031882817,0.0001805611638274751,0.0027296463327795006,0.017165365395255705,0.005649228803747519
2026-01-29,0.004873772976169866,0.01145519055779487,0.026341217651548288,0.010356573592355645,0.02043227978711859,-0.0005091767393070601,0.0024290025409994254,0.0003510424247612498,0.017890215209273252,0.00566050220001979
2026-01-30,-0.00506557928367235,-0.010275476308655551,-0.007616026258622455,0.006032795987389816,0.002563032723371217,0.00036483544692034187,0.0036113989968098448,-0.0017973912150364146,-0.0010263848773639506,-0.0013438339896243434
2026-02-02,0.0045685011091156635,0.013719107896323024,0.008076840729721146,-0.0033299812406635265,0.00019322235434016122,0.01142282878670331,0.003915676063087625,0.010555107780426454,0.005544776404556417,0.005697156362977518
2026-02-03,-0.013611629557582439,-0.024122348016363704,-0.008026775448027212,-0.005556088002896309,-0.01496653228631295,0.010210423437474914,0.008857952500780808,0.0026078462982808137,-0.003690208281435292,-0.005465080477690898
2026-02-04,0.015121311615214017,0.02144295122081985,0.01585121855781213,0.010831590980277639,0.004620679696810903,-0.010221175799086768,-0.0009528652298927964,0.0047222363268708545,0.0034835084269542183,0.0037578198716545774
2026-02-05,-0.002200017852173608,-0.010365166930726977,0.0014935244269371761,-0.007958515081452289,-0.017863540314709048,0.011352788685889292,0.004049020999794095,-0.0011158015736171256,-0.007534070129354586,-0.01304571084523154
2026-02-06,0.003830893419072501,0.016515893835352236,0.011099459722277771,0.004826765052939441,-0.00916958267259027,-0.0019079204868179822,0.00416835923914971,-0.009027156368859868,-0.009740135400222116,-0.018494108182055435
2026-02-09,0.012685964709952868,0.021873710276516523,0.004546792125113885,0.024581148076708637,0.0042833208412327295,0.01639043232767068,0.00798461898204672,0.011669166880649007,-0.0029649618852001236,0.008726931551253037
2026-02-10,0.002888467869677225,0.012060609436800096,0.0023863534875412373,0.005997852908686374,0.016671678779883514,0.0008294613760466696,-0.003144112637487151,0.004871998108000097,0.010412536418018536,0.0019777577800761392
2026-02-11,-0.012403220811396554,-0.0036833172790238233,0.0015574159013234112,-0.008227843207002872,0.002659999395454582,-0.00846404440880455,-0.005236805592545357,0.0004268856207494398,-0.0026189623108291427,0.010958408316326107
2026-02-12,-0.00010452761358248353,-0.005616761890730904,-0.008945664163968248,-0.0017985284294844694,0.005084088804668596,-0.00032871586993687973,-0.002919280376982414,-0.010738457843469162,-0.002801180344694898,-0.013864441726251453
2026-02-13,-0.0011708316563607823,-0.007968072152490624,-0.003784342730758672,-0.004681474846836675,-0.006920177996404986,0.0010744955233399356,0.000538067493059069,-0.003669086688454004,-0.007209177656266719,0.0033110523600070607
2026-02-16,0.0013501279481717976,0.0016381507098652826,-0.011050161823961568,0.009184631764542761,-0.005648072039886043,0.004776676091595045,0.002494519300867637,-0.002190084996869235,0.00011663369244985233,-0.006710813522808556
2026-02-17,0.007765833468338146,0.014462973576184535,0.013764777912214532,0.01605319093784008,0.01836612042013175,-0.009818147801307409,-0.0051328260718143115,0.0026637961923179354,0.019272549790299687,0.01002966568343222
2026-02-18,0.003759651934016839,0.01010926828372094,0.019448328917615942,-0.0018802315465604735,0.014947759540488548,0.008709280451752122,-0.00019279807745309352,-0.0017488529391360697,-0.006055520948542781,-0.007654185757604126
2026-02-19,-0.004200204585610989,0.01348659979447242,0.000768734374063218,0.0024358699097217773,0.005184892859541934,0.0012129249215184768,-0.0017310752969414978,-0.004276296875898367,0.0022212369006711086,-0.008743000215377883
2026-02-20,0.008726374715303464,0.013917303757941202,0.010595452447313525,0.0038654832236497683,0.01552665321789104,-0.0055370477661903506,-0.004686588791553703,-0.00253522145151841,0.010668935446134231,-0.002469835751678806
2026-02-23,-0.010286425518564624,-0.0008053453692641321,-0.019166132046525952,-0.006334692218793347,-0.0034773560578175156,0.0020253447253242296,-0.005917575240541262,0.002849242358266668,-0.005884259395663727,0.006330266330640599
2026-02-24,-0.019565454630490975,-0.00488468079076021,-0.030045039120404016,-0.011502744043495605,0.0010751179328019056,0.008805321954678202,0.001914250771613002,0.006357945398772102,-0.011376675064038944,-0.001389985677398231
2026-02-25,-0.005809207806387828,0.01975033933379322,0.004280599137283181,0.005280429054254965,-0.002848785555708999,-0.0023093930258731854,-0.0030681447625686697,0.0001351742975299608,-0.0056445879622094575,0.01107440339615029
2026-02-26,-0.0008796715892733786,0.01698066273026,0.0024924551230354197,-0.0023511072583363157,0.023320523342229338,0.0012365999898906743,0.003824471585950784,-0.012899171608256932,-0.007175467309845751,0.0031854440947862717
2026-02-27,-0.01623756036391777,0.00153625651192546,-0.022918714280513952,-0.01208748991205122,-0.024344569288389573,0.00880597819260287,0.00507555819399097,-0.0019492468267897634,0.00012146767658371971,0.004175340947223161
2026-03-02,-0.017389700697540644,-0.016075958044834526,-0.01715633312718412,-0.015315110752679884,-0.020858567976694165,0.0043570085978434925,0.0023334616137822284,-0.00825263950818278,-0.016652063398426287,-0.01385882485943335
2026-03-03,-0.0068559694407031024,-0.003318237240898747,-0.0009855615236781246,-0.01197509561787835,-0.0034257220978106684,-0.003794163327569655,-0.005415568541722426,-0.00617998576872858,0.0017864783439123233,0.005743832166134499
2026-03-04,0.004018586658069978,0.0026957593128218438,-0.0006298638962773939,0.00672541681756611,0.004729742633250877,0.0015848549396266787,0.004341720356659362,0.00540432541209146,-0.006256935026507149,0.013237451074065598
2026-03-05,-0.015019071397332828,-0.012749733109653771,-0.011447208058227076,-0.017827069432305165,-0.011784533117072393,0.002806412063014019,-0.0006892915451536252,-0.0003489178183593289,-0.00790032212754832,-0.0024286059338717303
2026-03-06,-0.015270564960320088,-0.01598188631277897,-0.015554906901001697,-0.005716502704961046,-0.016479242266873584,0.009212002933328467,0.0008878552732936029,-0.008393814793351217,-0.013005573817350236,-0.0055473188787947825
2026-03-09,0.009035027139326468,0.019663778100723173,0.008235863263602372,0.01198990381335685,0.026576939708090386,-0.0014934169819154075,-0.0012315141805004926,0.003149394472093947,0.0076428105994788,-0.0034136636599078063
2026-03-10,0.02276712483737775,0.020265514753752267,0.022296259320741862,0.014956763709018439,0.014190101642106434,-0.0017954866923961532,0.001813592124968455,-0.006248702789234395,0.010957378492103098,0.0066214637835884105
2026-03-11,-0.0003152393330198011,-0.008286661579122057,0.005412750623601914,0.0016232041145967102,-0.007657373744119789,-0.002052925399048444,0.0013557668426849023,0.0006669006850466008,0.008297759871358057,-0.0040860497474063395
2026-03-12,0.007147678111065536,0.005190920671080734,0.009268845460260966,0.002535627421908604,0.0126609699312481,6.87028566019876e-05,0.0003267748991875319,-0.007263856219044018,0.01245434800805345,-0.005257878053950837
2026-03-13,-0.024762427904421735,-0.028363702419002546,-0.0171812461066162,-0.019082868806269082,-0.013273187579569634,-0.00228632911013682,-0.0012033628250072148,-0.002830005552806103,-0.013937236745918402,-0.015737871066580977
2026-03-16,0.02019803764742978,0.021263904777590437,0.019011147083047186,0.020074439679585776,0.028936700441585694,-0.005601370482192114,0.004222736105703007,0.007958820800234578,0.01450490483776301,0.013202130343759944
2026-03-17,0.008275915374762466,0.0128318005491872,0.017553987917433345,0.013138099430743955,0.011745838225728056,0.0037770401512642326,0.004357783632079171,-0.0028280545914983746,-0.0025097868638537246,0.005426406154301677
2026-03-18,0.0014674719510259226,0.006730529233046623,0.01169111160728975,0.0013048629632916864,-0.0026041456057064316,-0.0037812100544213356,-0.0008520937178468913,0.002228567304342066,-0.002607675636547735,0.007969327627727507
2026-03-19,-0.007364881489379083,-0.0015816156417511884,-0.012786141472468482,-0.004678353428099413,-0.006715885410331968,0.013076930860655978,0.009347504045180255,-0.0031292207566807617,0.00024920756366819674,-0.010307104563649916
2026-03-20,0.014684821644964208,0.007034354021098865,0.0032324387320923353,-0.009667781307035828,-0.0062306758232225645,-0.011110445228619037,-0.00668343467940824,0.004443513587536918,-0.0031383587869674434,-0.0033920767662871665
2026-03-23,0.002236529254019848,0.01563702377864984,0.011846964831720541,-0.005134917172358033,0.0074854910851804846,-0.014391964313299477,-0.0006259040296039409,-0.00018471539600228848,0.0026659183387118812,-0.007509178164972985
2026-03-24,0.024514423753967396,0.032759984762797956,0.038821736995638734,0.02477853997177415,0.029073334597125466,-0.013395672995677677,-0.004216541269148055,0.004258554109874746,0.02147180240694091,0.0050100744218231075
2026-03-25,-0.014279521231602033,-0.01044119733295501,-0.021457094499490847,-0.010117330954208859,-0.0013667425968110214,0.011516021981522462,0.007288504835607723,-0.01045669453641318,-0.026645888809925355,-0.014540152489342928
2026-03-26,-0.019308021946784937,-0.01430742323020917,-0.003274577980771687,-0.015610139516604393,-0.013257695969533412,-0.001424347400626358,0.0010998696651862705,-0.0023543404800230316,-0.01780451974419206,-0.002729685760767264
2026-03-27,-0.002089132681800998,-0.005954804983253403,0.009168296863252268,0.0005056997687089559,0.005676655758267701,-0.01580449775185,-0.010812283621966623,-0.007140239758383293,-0.004204916931619618,-0.00515320525589158
2026-03-30,-0.016890540310956936,-0.016328544017256585,-0.015362941097544658,-0.014865378936811391,-0.020473715770537804,0.01851432996724056,0.0027889465604211683,0.0028137573386650683,-0.01835671018253282,-0.01316118787272047
2026-03-31,-0.007402989068327148,-0.0016106618162655684,-0.007896350537719199,-0.009070558086406666,0.0028404859026602836,0.006364405673332518,0.004879970381185927,0.00037904306044489466,-0.0013285140341473545,0.010366781522746837
2026-04-01,0.007115618980225724,0.016290097391541192,0.012640017928077896,-0.0005368432526705602,0.01464241457404536,0.0016973683395231642,0.0009622895963123934,0.004560943066559631,0.013481713218868041,0.00882876862913462
2026-04-02,0.008548676711686909,0.011664677179535454,0.0147166955789233,0.003588148204698882,0.010346037762335891,0.0005906378709419347,0.0042440851105245425,-0.005371803171956735,0.008228552806669676,-0.00014414241270377381
2026-04-03,-0.022243847417048657,-0.033423035522066824,-0.02361747707374051,-0.013548721877640335,-0.016125318576271752,0.004437140280040497,0.005275211326780216,-0.0064991261767241015,-0.020237389789725113,-0.00839407351979582
2026-04-06,0.005236490307403585,9.423173296441156e-05,-0.007439645202779843,-0.00010465667103654042,0.00997215945771468,-0.010118844705336305,-0.0032296433879871467,-0.0021354965993075625,0.002827059125398712,0.0035670893174242213
2026-04-07,-0.003634072523936438,0.012604448175288718,-0.008976341369572594,0.008175092410495521,0.003825233758736557,-0.0006731150122097906,-0.003303387116481593,0.006810649860750084,-0.0006944920384711617,0.004535710528539738
2026-04-08,0.0036868492965063115,0.008349123638086153,0.02214050522105704,0.0019097212735845748,-0.0013670607993823136,-0.001449898131811067,0.000587919063314235,-0.0045712009610082704,0.008197958054619425,-0.0015382687266191075
2026-04-09,0.012128098824879308,0.008460357541337116,0.012322896436070874,0.010479356240847837,0.010540977302027965,-0.01450154215060906,0.0006788822482350909,-0.0002950955021955304,0.01176385223077836,0.0020839888785149085
2026-04-10,-0.009748506322078687,-0.016716370729921937,-0.0060528188083379675,-0.006128496022279384,-0.002496347169722135,-0.0024921237752768555,-0.002658784052863239,0.001826541405037574,-0.020053787539220047,0.0011479283239730353
2026-04-13,-0.006325384041173887,-0.014331398791898597,-0.009540496362218431,-0.006733769037152615,-0.013712873733629838,0.0043749238370272,0.004649963119734535,0.0006145892740994086,-0.0025477299131851927,-0.0019024505619941179
2026-04-14,-0.01339779941709418,-0.01231245923026747,-0.013159597877205886,-0.005431736980369806,-0.014003743952154424,-0.0026509372025915745,0.001101029771536366,-0.004744601678915772,-0.004328905071330658,-0.005307822813850116
2026-04-15,0.010247778693780463,0.013547862887632656,0.004525183630639917,0.0026166354246262014,0.009285477618705906,0.008033959809381264,0.002251801981215662,0.0022769603056269627,0.006567645365572972,-0.0017764135780836687
2026-04-16,0.017125500107671776,0.02596617580862981,0.017779808926900342,0.006494360953785527,0.02050676811964891,-0.0024432208316467197,-0.005494687221256345,-0.001218273790003721,0.022429547336777267,0.004313177500916643
2026-04-17,-0.00499208843128085,-0.013061899867124804,-0.007683316227620085,-0.0015416168455687496,0.008579023921405415,0.0037616992357856205,0.0016154139259714206,-0.011022779423863094,-0.017422008207542583,-0.011668233681520701
2026-04-20,0.011366945147490481,0.012527731206286363,0.001080976254435262,0.013091240407986149,0.00940029116638752,-0.007154255313770674,-0.005580997171793722,-0.0012461855282095424,-0.002696301694297687,-0.007270718848114588
2026-04-21,-0.004805722574715676,0.0005017666366999851,-0.0008394528489379383,0.005172599493780128,-0.013106472399060154,-0.0008906946746316535,-0.002370669852062801,-0.006895492236549283,-0.003831610098279148,-0.014240759039126138
2026-04-22,0.010681502086230976,0.009378330373001953,0.016910875021093785,0.008363224314962947,0.02734874511629548,-0.005224780328454415,0.0025963169504445993,0.002001298984797506,-0.003896776678020686,0.001246307813103753
2026-04-23,0.006985192932239759,0.00011179244697090418,0.002598603956515788,-0.004301012424851702,0.006737869349577652,-0.008089721207406475,-0.002477283801803898,0.003934894309222781,-0.00042341873812024033,0.002589093443867707
2026-04-24,0.011889208971296306,0.005841537429723598,0.008233409046889628,-0.0003601882583964544,-0.011214765126163706,-8.078221981278055e-05,-0.003421242418425119,-0.0021684349386467128,0.007850377785042495,-0.010363328396725935
2026-04-27,0.00476463152435791,0.01066032260852734,0.008407177011767297,0.007713475094016209,0.002842693413594777,0.00440267673158079,0.00021449664094097542,0.00821682715129235,0.011645012152111667,0.013724703031693375
2026-04-28,0.0019193961160455242,-0.008430157973829844,0.0023968688303142027,0.0023651932545643017,-7.46964737519118e-05,0.017686976030689472,0.005674093321424101,0.0008569550772323797,-0.0007947940986539059,0.003021409755493698
2026-04-29,-0.006090591511808352,-0.012962209982873119,-0.002366949779199823,-0.015330874192764132,-0.005349816309565325,0.013751172664056233,0.004494616966402631,-0.00403153065660844,-0.013364065713059037,-0.0028395721076815983
2026-04-30,-0.005431437549266227,-0.0019016232455757454,-0.012690627846645763,-0.013248356366563963,-0.02296637080886843,-0.007057690010781492,0.005633322392675444,-0.002236041570604086,-0.00796580977334771,0.0017587957463658377
2026-05-01,0.0011834191040758224,0.008062902311309683,-0.015130519587585378,-0.0005085487866894889,-0.0016911235722520956,-0.013249989658015604,-0.005872810761456848,0.004236847939356192,-0.0016161131094477588,0.005053615258247879
2026-05-04,0.007352383017947162,-0.00013234187214117288,0.008189071738975429,-0.015430200856538123,0.009646651411558071,0.004708244525889915,0.0007725832421074941,0.010743663275633475,0.0037369518867444995,0.015277736324740498
2026-05-05,0.00482275305997204,0.005902401495661014,0.004084242807528282,0.005587873595777504,-0.013293363291310034,0.004625210862945872,-0.002136482531416406,0.0009754754189690296,-0.0038889170471876344,0.002856703136321137
2026-05-06,-0.01502019476971539,-0.02232383333401866,-0.027104628863984237,-0.02041349137208459,-0.012297234360910458,0.008066431571328136,0.0014050927580564476,-0.0029314802077650137,-0.00625396076472251,-0.006826556494540004
2026-05-07,0.0011420615843114046,0.003381504348850095,0.007595156460223018,0.004772071179888204,0.006747863076367544,0.005031304897076927,0.0008114653430342234,-0.0017428095231298846,-0.005827836764712657,-0.010535051442579824
2026-05-08,0.004199078701490722,0.013534925052815172,0.010197708476912482,0.013404997905905436,0.0022302254341366456,0.0006233019400372353,-0.0025230554848199027,-0.0006386101809077172,0.010928040678156448,-0.000733443993304328
2026-05-11,-0.0009142003992188563,0.008585714462958638,-0.0044948531266766345,0.009783689809368168,-0.0036451352458527486,-0.0021153607489602377,-0.004571004939617707,0.003544802810408587,0.005719896439769778,0.013062427128548881
2026-05-12,-0.01256686808307883,-0.018952487565249143,0.002352160132491843,-0.010365564171546104,-0.015697694145448637,0.008638826726788729,0.0032370608327827455,-0.006089885742043055,-0.015694365133457455,-0.010148456931890149
2026-05-13,0.015205268381485837,0.015907979485979107,0.0009543241924743207,0.002988671171730184,-0.008729347640947016,-0.009437642124832002,-0.0008439398783951502,0.005660780290964951,0.016655749976607126,-0.012096378791062512
2026-05-14,-0.012903469731668227,-0.026623384638171377,-0.02063715114107334,-0.019041362115743588,-0.018665913893372132,0.008464309602506104,0.003088350415237917,0.0005736677016632274,-0.007653014265991742,-0.002646356075806766
2026-05-15,0.010735684386199873,0.007696989678172006,-0.005012822655052318,0.008246931569803273,0.00918634076383995,0.0039937792783186765,-0.003374656215763383,0.005682706074646049,-0.002842740346044481,0.006190030194835883
2026-05-18,0.005299999458631355,0.0151044222694805,0.005388552611403696,-0.005914347573533374,-0.005347615673946149,-0.0003782839777821678,0.0014998653071267576,0.006416502006370672,0.0029159535679736948,0.011447253612923536
2026-05-19,0.019128037222126526,0.011697960398003193,0.015763099604197528,0.023076815544838203,0.02476368076552493,0.009322512945361572,0.005148130185370414,0.007540861328374726,0.013378097017866741,0.00562130332510824
2026-05-20,-0.013912960771051752,-0.020601293094645756,-0.012465547257901277,-0.015188738799056578,-0.014622768639673267,-0.0015258944125591256,-0.0026804165583781403,-0.00330190535159236,-0.023543031811692483,-0.009537007130180464
2026-05-21,0.0012807116255393325,-0.009224545966346365,-0.0013466355830353827,0.0026278474128049734,0.0016966197165719787,-0.004538914325645127,-0.005461073707869746,0.003412052768650309,-0.010548711051543758,-0.0006504549678278959
2026-05-22,0.015723506052853997,0.017585433301204434,0.025232716622201723,0.0020203809386745153,0.010365725970362671,0.006181053531605141,-0.0031307884273827913,0.006593322403992685,0.00435729847494537,0.0007280714527571064
2026-05-25,-0.006765300961052101,0.006630515260939607,-0.002563350104125117,-0.004938571681102899,0.00554319444867768,0.005958561869187307,0.007362260498396944,-0.002296687134232367,-0.011091200603602691,0.013854849284905324
2026-05-26,0.007325949031340873,0.015104945678078963,0.001719199739107058,-0.0012657525120746138,0.01935283098554552,-0.0006453947156439543,0.0035561545423878904,-0.0027529877726313323,4.7685352966952976e-05,-0.01131213504012496
2026-05-27,-0.00957928052704482,-0.006845045336787536,-0.0036448178121891717,0.0022901357405697986,-0.00626040758068358,-0.0017610745992909793,0.002159975517362911,0.0053077091257554,-0.010819290666514103,-0.003069389182807969
2026-05-28,0.017929494337215024,0.02394548174233435,0.012871009330061023,0.011380147964106913,0.019653608148706647,-0.003407728465097959,-0.0018058087146372026,0.01226271232625975,0.011520903933014637,0.015597698326374587
2026-05-29,0.006889815192068438,0.0007403751233958644,-0.013815496498788438,0.001960343485079452,0.00420828980267407,-0.005359450837371438,0.0022962431282378404,0.002255120113080933,-0.007496223295002324,0.00966642540908702
2026-06-01,-0.013016118405693944,0.0023626745157312445,-0.010748559095741572,-0.0030893672680305517,-0.0012975247669423373,0.003618195126575907,0.002300472662618347,-0.007164166700028729,0.003471521995909166,-0.004834843723000692
2026-06-02,-0.013555705064861479,-0.021634577228932805,-0.029239030421530754,-0.015286096212649536,-0.008167859560414104,0.003318037568047716,0.0017032893496049528,0.006487997892970165,-0.015058208805248219,0.0053637646751396595
2026-06-03,-0.0038258033920702816,-0.023650183328466245,0.005661096897689344,-0.00600698538532507,-0.010024939421594325,0.0048636169676488095,-2.5802238867833616e-05,-0.004546959810169837,0.0008161599673535136,-0.00754444674342214
2026-06-04,0.006279585996630255,0.0012379476655548505,0.006174112172241841,9.254221888199687e-05,-0.001792047046201839,-0.012436572201431795,-0.0040431363251759445,0.002867694295331402,-0.008043298868986803,-0.006309561345924863
2026-06-05,-0.00015946504791930494,-0.010505395840161968,-0.004829945663111235,-0.0024507398486374177,-0.0073522240776381365,0.014333986541912758,0.007067402478208029,-0.0005105332405399565,-0.009062749262305991,-0.004312265595333709
2026-06-08,0.0034503107406207434,-0.009803469371496232,-0.0010552440481662595,-0.0004919143338214527,0.0020912741935161794,0.0014311335255323687,-0.001277886426283792,0.011712684718110378,-7.901195549653295e-05,0.002269086096405637
2026-06-09,-0.004736474028863902,0.002646634116595825,-0.020990989664615323,-0.003369162321628427,-0.008603751235538692,-9.282305662661194e-06,-0.0020344315489145837,-0.007549596346774989,-0.0021730004691705718,-0.0066128855706698575
2026-06-10,-0.01141844198153874,-0.008721396774983625,-0.009365189766340265,0.011276031378745888,-0.009144630884673877,0.006635556472621484,0.003166352331447353,0.0011784107854957426,-0.008809918582494025,-0.001484948499047567
2026-06-11,0.008066383427836055,0.022777141055519756,0.012994603292674656,0.017841596535482118,0.022104038895938816,0.0026167087448136783,-0.0006330548910813416,0.009249849585665437,0.005023344069108537,0.016008393940667887
2026-06-12,0.003942160282468077,-0.007698235820957855,0.00291849931439625,-0.007278559092030457,0.015769136493803293,0.004128173611303909,0.00107980652191908,0.005484015599912739,0.00031301081626278204,0.004582545295305218
2026-06-15,-0.00806618957673777,-0.01569643209477467,-0.011860424285666249,-0.007251839885119349,-0.009677938302898204,0.007565031218037532,0.00024674313072470255,-0.001461801832682963,-0.00904963890848054,-0.011683842899680053
2026-06-16,0.008099598238471506,0.01101216370677438,0.005281224245998306,0.002311614541752105,-0.004611882729806616,-0.0011853706437534584,-0.00413402815079944,0.007271809190600775,0.018379846826256152,-0.002800945340758476
2026-06-17,0.0028147430815317342,0.0010968150179289093,0.006125925563799539,0.011514764653641318,0.01895692151535955,0.002812884318497133,-0.00421560825697842,0.013032309070158288,0.008002795564502119,0.01783326135714569
2026-06-18,-0.0077785088184733064,-0.004319244869580019,-0.006062463557940934,-0.005218550823252399,-0.0006074456033439146,-0.0022848365247114533,-0.003465626123119625,0.00534262792161222,-0.0006884597544004611,0.006720216251357991
2026-06-19,-0.013112159228243603,-0.010847070275303072,-0.0031098877131232605,-0.0037924025076745416,-0.0039029137977872885,0.0005463645155292518,0.0027453051340837753,0.0020826979937129675,-0.013886174412695906,0.008077385190837338
2026-06-22,-0.001397995123272655,-0.0004193015633957575,0.002738599542057907,-0.011941017519767838,0.0014146352948563035,0.006148595153402381,-0.0015072354752929673,-0.0008663917187513581,-0.007258871679004408,0.010674560761717133
2026-06-23,0.005268812536626477,0.003180323939321106,0.008701213204175717,-0.004337604622295044,-0.0012735284378899703,0.0023132347221652694,0.003592517026055564,0.0009166940330846973,0.000788592362632734,-0.00587805537114805
2026-06-24,-0.011534953012743987,-0.0012672432552364166,0.009301180735292958,0.008310561138769268,-0.006550359691059993,0.003232707213865371,0.004589744332551549,-0.008473231277279725,0.0025334762985311787,-0.010115873649734763
2026-06-25,0.005083931282286569,0.01539283120434054,0.01616216855360797,0.007122841098123223,0.012442634734322722,0.0055747946941164805,0.004023165676335871,0.0015541533095144722,0.0026365142297151145,-0.00601561109557347
2026-06-26,-0.013235030452522945,0.005844164040509359,0.007712558998712815,-0.008347282421931168,-0.0065300708984699085,0.002536992769002877,0.0013290730471662293,-0.00438250945218388,-0.003314264734337935,-0.008304684728929534
2026-06-29,-0.014128322165388285,-0.015247090712869449,-0.017688640948013035,-0.008406367376140311,-0.007919789067392768,0.007915769644529558,-0.0016763335913999589,0.00474689525069949,-0.013365856086815842,-0.006652956086019013
2026-06-30,0.01449275362318847,0.0083426430546647,-0.0014510056019836348,0.0012654446248194784,0.007674299408497065,-0.0030868308910814157,-0.00336745025230456,-0.0018502133339457494,-0.003910191725529755,0.009316625034405002
2026-07-01,-0.007437379576107794,-0.005518554559968969,-0.002998197402788394,-0.0035607222777362946,-0.009829124451837146,0.010406927306198854,0.002842563031577594,-0.003885944423016374,-0.0006888691908319977,-0.009295800253490638
2026-07-02,-1.663902739357237e-05,0.005561886042758202,-0.005752449126432246,-0.011539548022598822,0.006989345413291659,0.0012758067351255065,0.00015111258549049822,-0.011240427209941672,-0.005676951071777903,-0.01225159658541064
2026-07-03,0.015918267737498493,0.007460485963670882,0.012020515408823762,-0.0036551733992542523,0.004404002205940394,0.0040722646117064,-0.0027053714188040034,-0.00281335261580673,0.0038283316935907585,-0.007546944942004474
2026-07-06,0.00014194774139286714,-0.020911124584474527,-0.015401822549001687,-0.007873541458713329,-0.003833664080822752,0.007805114478651287,0.006777184871870512,-0.0037796612957001763,-0.005900873451147648,0.0037845073606284085
2026-07-07,-0.00047491156819057245,-0.013469767759679563,-0.0028939086388946045,0.003850924135059719,0.0007716520243070679,-0.012024452204756786,-0.005286805861314248,-0.004289262586014031,-0.004873364051533047,-0.007908177178355347
2026-07-08,0.009076759236503529,0.00088311688311693,0.007821663093254827,0.006330225820294411,-0.008753070951016295,-0.0016847293898849536,-0.004026226886251316,-0.0002843690950079525,0.007448512350875625,0.001936499829758187
2026-07-09,-0.0035991275498331587,0.005064791266587099,0.0041288007946274075,0.0064907375343781215,0.0,-0.0024197080646014557,-0.0011650100135628394,0.0027545412741449837,-0.004866118060686264,-0.008723955567827013
2026-07-10,-0.002982042563361653,0.0054825174825174905,0.004181953743826794,0.0036338924447452126,-0.006572171852769149,0.0029461039302973724,0.00683283241256083,-0.008056990326198998,0.0036098310291858837,0.002597903465121121
2026-07-13,-0.011778614351168337,-0.011726992197698127,-0.011376208837053703,-0.005227117549232663,-0.009819607655139229,-0.003935930407115817,0.00019604203588752256,0.013898979896019181,-0.008392643044820347,0.003332015486481321
2026-07-14,0.006361947395405521,0.00471181287866651,0.012418018768310946,-0.002329674586041386,0.004597399715562389,0.009918103376235887,0.0048390774763378275,-0.011669795322613696,0.01018213624202513,-0.004994737243806835
