Expected Return,Expected Volatility,Expected Sharpe
-0.02975734056016202,0.10355217556523934,-0.5770746991453989
-0.07883559148077457,0.1581330499943404,-0.6882532872455809
-0.06669966521528925,0.13798990726451038,-0.7007734633079171
-0.05632599546743797,0.12736735333138582,-0.6777717618331442
-0.029370802219191184,0.11369288519853285,-0.5222033209511454
-0.04643330473879166,0.12340837014267607,-0.6193526796474571
-0.03673652144823485,0.10066647509157887,-0.6629468389304675
-0.02948229908592286,0.08141940450683587,-0.7305666191764987
-0.06706160298120546,0.12928344443847967,-0.7507659113104217
-0.058432667063215885,0.134323284733302,-0.6583569426462312
-0.0011727869776117054,0.06669115525434949,-0.46742010778976073
-0.049263831739789085,0.1254712567754265,-0.6317290013413883
-0.052182174355094535,0.1174271248659779,-0.6998568214021319
-0.020094504892785733,0.0966674823201545,-0.5182146435434926
-0.05023805081087547,0.1131984472612527,-0.7088264260877418
-0.07257126545369344,0.12975558530766196,-0.7904959559967142
-0.02954399364914682,0.07847313979967023,-0.7587818430759036
-0.06278353160333427,0.12889999901358934,-0.7198101808639465
-0.02725695072274044,0.09846734326648285,-0.5814816244994603
-0.032559661486429164,0.09873307481010096,-0.6336241589432293
-0.06478683607308129,0.1335932262198676,-0.70951827989453
-0.020050357312034833,0.10015720359326805,-0.4997179984705455
-0.03494135480505636,0.11891543452445229,-0.5461137577704653
-0.04750140880888595,0.11499905481345442,-0.6739308330368868
-0.07030720158697376,0.15132828326650122,-0.6628450374364239
-0.08715480792106561,0.13570854855535736,-0.8632824473343813
-0.03199636067361407,0.1144489232370499,-0.5416945736152137
-0.036979538332515396,0.11541050985022491,-0.5803590887817646
-0.07632360348093464,0.120195491088468,-0.8845889518657304
-0.029468224997211752,0.10404946016467854,-0.5715380445327799
-0.05116999550219764,0.1368995892069778,-0.5929162824548518
-0.025952119955048657,0.10323432527184322,-0.5419914336410101
-0.04605742389743034,0.12237339345307834,-0.6215192841456428
-0.017177698377130134,0.0952005780058752,-0.4955610497892
-0.05264030918144988,0.1367453316656574,-0.6043373340415423
-0.07911827043735548,0.12705361317002803,-0.8588364212147923
-0.06068240206772216,0.12954559620840608,-0.7000037417083412
-0.0489561156527461,0.10861058824930306,-0.7269651783075832
-0.07461582843818343,0.1612155783887653,-0.6489188543920135
-0.04357878094668656,0.10121346174635586,-0.7269663508899371
-0.021750791038396604,0.09403694823559067,-0.5503240163509496
-0.08737611713787169,0.1467378521249836,-0.7999034702913388
-0.0375314659183545,0.11943175454590617,-0.5654397875599937
-0.040250610007214284,0.10496275762185335,-0.6692908189426993
-0.06368113275487192,0.11828802117643918,-0.7919748071120112
-0.04374503367332334,0.0903684594588156,-0.8160483659338222
-0.004970453573912603,0.07809332596048042,-0.4478033576340391
0.009713450153942075,0.06321520413923952,-0.32091251024633605
-0.0030365961639903793,0.09213603016098891,-0.3585632689650907
-0.011596373445484587,0.07494182933541424,-0.5550488133844893
-0.00850044007407584,0.08157826387507139,-0.4719448324254026
-0.07544476462572565,0.14567617321567772,-0.7238298638557156
-0.08227371169933945,0.1448879221863704,-0.7749004196148314
-0.010465179301106138,0.076242658041834,-0.5307419801510996
-0.053644795272539215,0.13850474191040538,-0.6039128633346471
-0.053952265643244526,0.11747582774509661,-0.7146343827038806
-0.031972837491092726,0.10151775698896591,-0.6104630296139091
-0.022230294244405265,0.0933401932606328,-0.5595691675778214
0.03312227335710358,0.05475497348218371,0.057022643945202706
-0.04293502979455319,0.09135384205926037,-0.7983794457954043
-0.06461116721069048,0.15208738411134248,-0.6220842561236116
-0.012540136068892866,0.07319480723396796,-0.5811906291782815
-0.0434961943022618,0.10764717865236353,-0.6827507717560426
-0.04347271349777791,0.11988176503775456,-0.6128764743715529
-0.07707121785392157,0.14365870812134438,-0.7453165857755145
-0.08170520872313725,0.1362306244963092,-0.8199713473835216
-0.03593039549747835,0.10265877980194887,-0.6422285129890734
0.002052140245335947,0.07590196200866262,-0.368209977911696
-0.021234915847990317,0.09515385326064839,-0.5384428910897181
-0.06359052026172737,0.12266190284145788,-0.762995829134449
0.0011885459756088585,0.07063239412052233,-0.4079070854547169
-0.01585590130383046,0.09973036532385945,-0.4597987900166642
-0.040793022672250004,0.11704942648466207,-0.6048130674226463
-0.012954075950934429,0.07411478502520011,-0.5795614995891767
-0.049980323810218455,0.1370681747490662,-0.5835076155106044
-0.0625130676187691,0.13314682933855038,-0.6948199073035194
-0.03659353941285629,0.10408465034249491,-0.6398017305503496
0.003366163644922868,0.0731750547773622,-0.36397425920775267
-0.07280477499333375,0.1460792656062617,-0.7037602124207765
-0.05356963476976294,0.1084871334846199,-0.7703183970807977
-0.005551174223652084,0.07889257807947142,-0.45062761401763374
-0.012363472076349052,0.07273224407985227,-0.5824579264987131
-0.021316331419150212,0.08391413211948272,-0.6115338396884387
-0.02753783986649596,0.10229032269041899,-0.5624954380155185
-0.07257554588029266,0.14667936355925174,-0.6993181821303502
-0.06677627082236302,0.14420055873554513,-0.6711227173526053
-0.01834132918076355,0.08645625176094372,-0.5591420885840618
-0.030770393406745134,0.10496006256596946,-0.5789858725412796
-0.013315010795683077,0.08068339402021192,-0.5368516201094896
-0.07485871632559961,0.11642057014142929,-0.9006889091697096
-0.06371659155492199,0.1165699768004188,-0.8039513614674176
-0.04070659502214474,0.1015587454478367,-0.6962137500847876
-0.06252841555380088,0.11721044095268407,-0.7894212734098756
-0.02073359429137986,0.08018164818773893,-0.6327332430557077
-0.02089728795322235,0.08282605460382433,-0.6145081785758785
-0.061826449657198274,0.1455788508579962,-0.6307677874636453
-0.05569926045285047,0.12337652086368524,-0.694615635559515
-0.07516946536201735,0.1331467444606355,-0.7898763562567647
-0.042128991898106996,0.1040303028345475,-0.6933459764394113
-0.04959986082579365,0.11137991679546243,-0.7146697817342643
-0.08366671044370046,0.14879577118009504,-0.7639108930463077
-0.03138781094763167,0.09587472703823109,-0.6402918980218073
-0.08173675019667312,0.13998701449053927,-0.7981936796303676
-0.08257511680638703,0.14669629046809823,-0.767402614252666
-0.0882459526241883,0.14293029740161148,-0.827298024098669
-0.05448797482858661,0.11361021566390796,-0.7436652974810523
-0.06552726299033684,0.11397232963875605,-0.8381618880049022
-0.054233276176153214,0.1038840099525398,-0.8108396683439139
-0.09310671660126074,0.15061752533435546,-0.8173465626126605
-0.013974088329164414,0.08609782461444697,-0.5107456376056415
0.013392922699442337,0.08115462168349384,-0.20463501592461245
-0.0497103200191442,0.11225956494544431,-0.7100537050707587
-0.04326397892150896,0.12079058356209393,-0.6065371716980461
-0.0793941924840125,0.13772352109982708,-0.79430290200553
-0.012831793256830041,0.08967643252957738,-0.47762597204904544
-0.05569210701212823,0.1113799570970467,-0.7693673910959012
-0.05032751028613635,0.1013921074810301,-0.7922461844593297
-0.06350941378272361,0.11254886899696283,-0.8308338823488932
-0.06732270567189017,0.14373872535837606,-0.6770806227009505
-0.003425429458451087,0.07078600024664795,-0.47220395759024314
-0.053297659782817225,0.10814095841902581,-0.7702692948221757
-0.03074001424931392,0.0944903200820543,-0.6428173192404046
-0.06517014160842742,0.10762707199969679,-0.8842583918727766
-0.05831583241574157,0.11193545406346748,-0.7889889146799407
-0.05833661289499057,0.12511468542225346,-0.7060451184995635
-0.03521953909749711,0.08444898413704581,-0.7722951289935863
-0.042620328854726164,0.1112374032727198,-0.6528409214721016
-0.059074297230352485,0.12722191587258835,-0.7001490004250496
-0.037516683163523384,0.12129702020838927,-0.5566227682059227
-0.03898393574141995,0.0850671818022561,-0.8109347727279523
-0.07179582796802432,0.14210550549775014,-0.7163397900135261
-0.029533660379946963,0.10055550125171342,-0.5920477710207083
-0.07444954569964589,0.13583213745558212,-0.7689604806064506
-0.07926189770843033,0.1491752955417436,-0.7324396262238719
-0.04297602918727226,0.12299467006436825,-0.5933267608188294
-0.018475959682911006,0.09011873229443446,-0.5379121348992254
-0.008567491510725257,0.07072232366644125,-0.5453368824902748
0.004296594192373323,0.07293634195973625,-0.3524087597074168
-0.055496422461060874,0.1138961517713001,-0.7506524244360337
0.0035975050335437875,0.07688561539878558,-0.3433996701400304
-0.05415805659952165,0.12985789847544926,-0.64807807293626
0.013948461107362524,0.07439629690257062,-0.2157572293370807
-0.011624908791662895,0.09335221266826517,-0.4458909714286094
-0.03429557697962174,0.11360094224644735,-0.5659774972652787
-0.07930506148355171,0.1312565863785062,-0.8327586790071424
-0.01767020579125053,0.086763997934688,-0.5494238039507411
-0.03713275088432157,0.0911050776781488,-0.736871671648035
-0.04136843345754384,0.13329395528449572,-0.5354213798008975
-0.05275879283051668,0.10371384380804632,-0.7979531930538293
-0.01723801087158118,0.10055840646569905,-0.46975695550321084
-0.047232081229695286,0.10814936523392742,-0.7141242212808374
-0.054968107450806554,0.11253127598631381,-0.755062152331237
-0.018214048593016924,0.09657591135818408,-0.4992347254606689
-0.017832506846807157,0.09458356526061686,-0.5057168939974805
-0.0034243458497827083,0.07796389463336412,-0.42871570240257073
-0.07129674086954504,0.14188458219698316,-0.7139376195851312
-0.03659976709289116,0.12041720527571792,-0.55307517676065
-0.03691033336716841,0.10598973090062008,-0.6312907184367326
-0.06209578210073596,0.1030363954516405,-0.8938179727372213
-0.035348517218901795,0.09219285985849943,-0.7088240599022615
-0.008637175766514894,0.0872543989931296,-0.4428106343332578
-0.04712157756575232,0.10770705177441502,-0.7160309032251494
-0.05789707359417587,0.145919538716399,-0.6023667177636003
-0.014018103936670065,0.10183332397463436,-0.4322563795289106
-0.07599421059407721,0.11847687126947389,-0.8946405273734395
-0.008676709910461088,0.09080997891326653,-0.4259081476871785
-0.07118212819677427,0.11695414830718763,-0.8651435597736378
-0.028107771714398162,0.10106732836187465,-0.5749412065820273
-0.014235152324397255,0.0811407363695915,-0.5451657737355083
-0.04906389276494751,0.10861664824643187,-0.7279168897346712
-0.0860331438991516,0.12248373972538042,-0.9473350843084019
-0.030337665498920852,0.09417152004335905,-0.6407209469608199
-0.03207248214876324,0.09885208136937432,-0.6279329811662834
-0.07253886244260027,0.14601443244679677,-0.702251556399826
-0.09761300007776513,0.15928949956242563,-0.8011388097038595
-0.028239394974684504,0.10757539318399809,-0.5413821251396332
-0.0709098012548306,0.13665819839061302,-0.7384101535306208
-0.061075525564704004,0.12283534603720873,-0.7414439613913393
-0.03820793224815018,0.08665827257149135,-0.7870908365024238
-0.04034373381476066,0.11566731049240984,-0.6081556968455376
-0.041212499910402586,0.09515787273029622,-0.7483616212421913
-0.04925433534457249,0.11951033976080866,-0.6631588154062179
-0.0532955657529761,0.12892086176124065,-0.6460984251504472
-0.04162448879342705,0.10319654489759285,-0.6940589809911141
-0.046572444427070536,0.10396454069393816,-0.7365246257615143
-0.038647925633761016,0.11038614080382719,-0.6218889901745793
-0.049923014243195576,0.11363835867650796,-0.7033101777781816
-0.08596492700749697,0.12319259123651664,-0.9413303660839204
0.011097238830790892,0.0726158077586494,-0.26031193141905895
-0.04802688131612514,0.11933402302908719,-0.653852768351792
-0.01931758724184396,0.09875110752213252,-0.49941300385710297
-0.02245985343286931,0.10416906609806129,-0.5036029926915669
-0.03189379088773405,0.11355890362179692,-0.5450368831832745
-0.045745446173513664,0.11895895842406545,-0.636735956475812
-0.02740590047969311,0.09816515156853114,-0.5847889965271112
-0.04555574022981361,0.1081645110716195,-0.6985261568813963
-0.07596358632735345,0.14162033753106906,-0.748222947174567
-0.06523372085569268,0.1351322355563871,-0.7047446559555671
-0.05465556856835852,0.1084053737926997,-0.7809167166402912
-0.08285554223649175,0.14254989626073195,-0.7916915073026253
-0.057836169766328334,0.12130274839235862,-0.7241070044202024
-0.03951079054480729,0.11078313542597787,-0.6274492076571746
-0.042428658995109364,0.09747358824658801,-0.743059328152359
-0.002416641857008941,0.0764829876136038,-0.4238412079399876
-0.048753476058397846,0.12011909119569465,-0.6556283041643638
-0.023645125710353508,0.1241053673343009,-0.4322546789281915
-0.06804856987184223,0.12914805955084413,-0.7591950681476682
-0.07709338709232413,0.1320642419326556,-0.8109188795172503
-0.05423442023683321,0.13230444521518112,-0.6366711269589892
-0.05142993793189793,0.12847092489314216,-0.6338394309812018
-0.02801509699390556,0.08080184659498581,-0.7179922172410563
-0.035174510275144094,0.09526476797197453,-0.6841407548939548
-0.05640125277406527,0.11779544812927736,-0.7334854966487516
0.03187311576554696,0.053020718549425506,0.03532799661703673
-0.023529128301720412,0.10455637783126655,-0.511964257102574
-0.06129330152027789,0.1126866179950349,-0.810152111622521
-0.05526036475647332,0.09362092346648636,-0.9106977543005557
-0.053539789291251916,0.12699363530210922,-0.6578265839269538
-0.03781084468098295,0.12273334886377733,-0.5525054543752954
-0.03338816422150868,0.09272711102751471,-0.6835990415219518
-0.0476925381551006,0.12490172530666836,-0.6220293431843626
-0.06897387788344618,0.14402394770306037,-0.687204311935015
-0.07088713630419258,0.12511203854598185,-0.8063743303736034
-0.024197382968231713,0.09947182083949065,-0.544851622407571
-0.04519640249281016,0.1332418858311539,-0.5643600885993174
-0.022835177800796295,0.1008796579924138,-0.5237446166279581
-0.04355996851849825,0.10383520968803447,-0.708429912546081
-0.07728868163048877,0.14833789000772896,-0.7232722645906493
-0.06099891241392937,0.1114961583515328,-0.816161863864598
-0.06892162369892725,0.12399678401103427,-0.7977757204583982
-0.05485173562725622,0.1294191633401424,-0.6556350190910055
-0.012590676816383317,0.09046746054787386,-0.4707844849236709
-0.041317860382614036,0.12294955506024914,-0.5800578973032154
-0.032797090095405816,0.10394012760588184,-0.6041659899968433
-0.036768767226707494,0.10693627465791396,-0.6243790279799707
-0.06402126339227436,0.1523791281939918,-0.6170219275213149
-0.023908382560557887,0.09975649108654945,-0.5403997471581732
-0.08146202820165456,0.14577566390903263,-0.7646134149744599
-0.03914080710010354,0.08492919463278281,-0.8140994083254272
0.010847828542325345,0.06748655137895222,-0.28379241591603765
-0.0829885414511791,0.11829647738304455,-0.9551302283103634
-0.08490488996926088,0.12855381547517586,-0.8938271458107704
-0.08919712944142058,0.16371440508991808,-0.7280796663919284
-0.07489882142205335,0.1302260601944265,-0.8055132840956735
-0.0905046306387672,0.1429060955659957,-0.8432434611098639
-0.08156625081692852,0.126749279021937,-0.8802121138505198
-0.03787368886904356,0.10152606788344165,-0.6685345969171863
-0.04258952470482839,0.10891303548856773,-0.6664906948851671
-0.05251233680728478,0.12049480039857313,-0.6847792314220214
-0.051835794663092946,0.10367352694036489,-0.7893605733136344
-0.004831551838582623,0.07041114749064414,-0.494688029948821
-0.08083009309096467,0.1283615602611914,-0.8634212054251015
-0.0716161137780732,0.13220097016106197,-0.7686487750753501
-0.04434356554747502,0.10333427738358772,-0.7194472872878751
-0.034681871272081506,0.0911944649253598,-0.7092740916350774
-0.015844026377829567,0.07850155436153158,-0.5839887725878545
0.01700008751925222,0.05928590519790298,-0.2192749260950409
-0.0778863604264167,0.144609010076465,-0.7460555906535115
-0.029889947768634635,0.0867398249996729,-0.690455021887126
-0.03054092903159445,0.07819689060957513,-0.7742114623695955
0.013456899956669684,0.07463314468543134,-0.22165889047094636
-0.005755951867451142,0.08469098560840452,-0.422193124930439
-0.024920768556856175,0.10225432264503474,-0.5370997248449625
-0.023573667813385008,0.0936265744272644,-0.5722057881654609
-0.030331665541399364,0.0887538555701072,-0.6797638835390426
-0.05118855323498026,0.12521095794963896,-0.6484141209720243
-0.010818977287114343,0.07918103216621697,-0.5155145894212021
-0.040203516014277005,0.1008370708383173,-0.6962074109316572
-0.05254397901062548,0.11769473813688555,-0.7013395867759374
-0.07709656819478919,0.14486365868185072,-0.7392921673336613
-0.05270012614228324,0.14748734834787652,-0.5607269170452472
-0.010089104944708719,0.07647475501241562,-0.5242135779081644
-0.05979991164064591,0.11803963849700386,-0.760760646034385
-0.060799874037998615,0.11552822536984796,-0.7859540276613366
-0.04414410100329723,0.12739127507216408,-0.5820186740520211
-0.007934597105966713,0.09395863796492314,-0.4037371967878945
-0.02965610386263704,0.1065330648291716,-0.5599773549958135
-0.036143502220739455,0.09746847662913936,-0.6786143018569047
-0.040017797380470066,0.09162630176166249,-0.7641670135568686
-0.01947693460088792,0.10490730372209425,-0.47162526197370674
-0.06135665633829719,0.12722269209337314,-0.7180846029515503
-0.02586798916845063,0.07924118844895614,-0.7050372446702822
-0.03096226927377567,0.08365149561924635,-0.7287648454159809
-0.023897131051873917,0.09765201291337951,-0.5519305690061137
-0.024103186665642262,0.08901197948652703,-0.607819160721298
-0.0433972406260069,0.11224747302417991,-0.6538876880568701
-0.009887690128579776,0.06872232759248602,-0.5804182065122752
-0.05663465446006055,0.1252221478499566,-0.6918476958554306
-0.056302665643193604,0.10785401943832768,-0.8001803372060936
-0.04760685523845167,0.10029352621693831,-0.7737972545763863
-0.03487306285767347,0.10733252092907493,-0.6044119927132005
-0.05023992255879482,0.11527252642621436,-0.6960888691040895
-0.03741782020730122,0.11095282845592352,-0.6076259717352157
-0.058674729788277556,0.10962385235593641,-0.8088999600229393
-0.007364041292783261,0.07388155567214462,-0.5057289461877226
-0.050440165471288545,0.12026847355718355,-0.6688383338717773
-0.053641599023606164,0.12197077744533323,-0.6857511346198802
-0.007455477720856737,0.07777399846168881,-0.48159382906495635
-0.01889945068318485,0.08810847137531137,-0.5549914772087038
-0.028281747980690383,0.09582101903307913,-0.608235526701824
-0.06794132197236455,0.13275579294721185,-0.7377555419469288
-0.02796437658230119,0.10111403362376507,-0.5732574846927844
-0.05933524463741341,0.12374358895698503,-0.7219383678007558
-0.038083695654322784,0.08966042930229517,-0.7593505427547618
-0.06920516561073287,0.13026690140122366,-0.7615531231926653
-0.06087445096932226,0.13446381688467143,-0.675828286558789
-0.017452854464748445,0.0854020742332955,-0.5556405378998174
-0.006850277285283084,0.07292106525021892,-0.5053447472117455
-0.03093598900346797,0.08633051059517767,-0.7058453446338332
-0.04466603964702505,0.10955899120079118,-0.6815144866584518
-0.04015769330895638,0.11602132190422042,-0.6046965519568375
-0.04100135155136836,0.08690277787384239,-0.8170205060008751
-0.04785590644031028,0.09097115642375146,-0.8558306775572994
-0.052100906766556765,0.13822918711599683,-0.5939476928100628
-0.008477585914107823,0.08322114073731156,-0.46235350264619357
-0.02139531971369051,0.07933875002932111,-0.64779593445443
0.004921582974473777,0.06740782640636304,-0.37204013780748335
-0.06214735687061186,0.12168442799884437,-0.7572649876900188
-0.03506714728837278,0.09058914503804785,-0.71826649054966
-0.013198586790598904,0.08800897794314227,-0.4908429548915693
-0.09007674826180026,0.1372729307992669,-0.8747299818154792
-0.034674213220262706,0.10037184416812135,-0.6443461685523517
-0.09390210693187154,0.13805326324774655,-0.8974949524338317
-0.06993375534363844,0.15006537144194892,-0.6659348148303266
-0.05935726798316544,0.13726377222700342,-0.6509894528862912
-0.06043758359999696,0.10762744248806146,-0.8402836814600395
-0.02770152794636889,0.08132378034046893,-0.7095283532663696
-0.06463610463398185,0.10924594450926096,-0.866266524209138
-0.0004917934175854965,0.07850467491667827,-0.3884073585420011
-0.06442354130479608,0.12783303094603904,-0.7386474419483506
-0.10018388534800407,0.15345128136713754,-0.8483727485894014
-0.01623634640955248,0.08700680801992565,-0.5314106730471456
0.020284756582127514,0.06633410200093141,-0.1464592588852122
-0.06737519786745062,0.1448505873065364,-0.6722457925654303
-0.02096330035506752,0.08504384297984877,-0.5992591417481372
-0.07134056128801733,0.11990515912595259,-0.8451726516751931
-0.05207197134445385,0.13439854339355825,-0.610661166945263
-0.02650314313850876,0.10289113932101088,-0.5491546066199554
-0.05459648201896416,0.12331139740665882,-0.6860394399714747
-0.08923585735508548,0.14022565582119156,-0.8503141358606218
-0.01785572129557188,0.08539553816313002,-0.5604007226250357
0.004556311154840051,0.06756764054900484,-0.37656618816971094
-0.05341995936290632,0.12063218037026043,-0.6915232660709822
-0.04453679508093578,0.11027378143610789,-0.6759249035467424
-0.03687551645114416,0.1194206676892482,-0.5599995188870073
-0.015485111381328947,0.07669589004850139,-0.5930580028807908
-0.060973026203310764,0.11521728608405571,-0.7895779296254404
-0.03482344641991167,0.1059090166426189,-0.6120673052668684
-0.057197659250592066,0.14064784228738944,-0.6199715390757207
-0.028816820309123744,0.10506979193650205,-0.5597881105986119
-0.06132870485863045,0.11369651166878576,-0.8032674311476157
-0.021763691823284092,0.10593318005745324,-0.48864474563314225
-0.057724371668748255,0.12703668687424774,-0.6905436045855452
-0.03381586398033238,0.09144174103620399,-0.6978854870563557
-0.0643485735801361,0.13011469112821578,-0.7251185301371116
-0.054504520226805214,0.1286674907506547,-0.6567666761339653
0.008326324335257464,0.0649467472019211,-0.33371456768048013
-0.05206304381432946,0.13404561870714093,-0.6122023577183711
-0.04233293132370364,0.09419178452413668,-0.7679324867782741
-0.07426507303991231,0.14434597499886467,-0.7223275400698383
-0.026057337106880258,0.09194833167320539,-0.6096612748354616
-0.008995389950021236,0.09849410302259926,-0.3959159863720352
-0.03581297967529977,0.10493763110592122,-0.6271628107258294
-0.03370853573830325,0.11265109442799047,-0.5655385423621199
-0.005644388498383987,0.07569866616601227,-0.47087208142100473
-0.028300334358375298,0.09358430672830136,-0.622971269399214
-0.00917040982140854,0.07237843221914698,-0.5411889788218762
-0.06507701611336131,0.11270422632278004,-0.8435976113359301
-0.07157674122190852,0.11887934938700408,-0.8544523649034448
-0.05171721047257938,0.11344530208430738,-0.7203225604869109
-0.052735068397404564,0.13164034873537758,-0.628493233208596
-0.031201986530708298,0.0875399253102943,-0.6991322680910629
-0.025272175007713366,0.0926650135847266,-0.5964729607164654
-0.03991294378160089,0.09001807097376596,-0.7766545430858618
-0.04799939766722898,0.10594236449408392,-0.7362436928768439
-0.018054958253414126,0.09995811704122569,-0.48075093525015916
-0.06481041972102712,0.11112085157350506,-0.8532189807626808
-0.07366335837384472,0.13045291370974169,-0.7946419549086972
-0.04507413293284822,0.10522168971417306,-0.7134853387812109
-0.02976095334948679,0.10403862597929074,-0.5744112130179653
-0.08465045408190972,0.12329982191236089,-0.9298509300638003
0.010236912464430753,0.07671173217169137,-0.25762796610219607
-0.03272065620193368,0.10329361935740396,-0.607207459590658
-0.009392532196672718,0.09081451508576988,-0.4337691189505157
-0.0054040658048772235,0.07238714407339633,-0.48909328110775535
-0.027408013023912242,0.09745811227008441,-0.5890532012852676
-0.03130459299713205,0.09577576503720167,-0.6400846077639769
-0.02677243468962389,0.08687777139370505,-0.6534748046464908
-0.003085324251035918,0.06482976605904692,-0.5103415647204683
-0.007537582700700789,0.08769510098461021,-0.4280465188960594
-0.0126666202852344,0.08750107124277307,-0.4876125478150457
-0.014385374472253765,0.10392417370562987,-0.42709384053394
-0.051433613024245844,0.12126023079160698,-0.671560762276582
-0.05465249648572629,0.1122843160210665,-0.7539120287275384
-0.061600810182261906,0.13097451423300246,-0.69937888847066
-0.06845120129897969,0.10433531111087163,-0.9436038504199292
-0.033243308671570715,0.08665906536005483,-0.7297944930377992
-0.06376907635970983,0.12162448496950304,-0.7709720323438338
-0.0123633550213182,0.07582051411809734,-0.5587320992750514
-0.07801492917555564,0.15676021923840314,-0.6890455352788517
-0.012564365219089522,0.09255128332409449,-0.45990032434275774
-0.01889430386434378,0.08817292186272264,-0.5545274312273312
-1.0391935791515677e-05,0.060404800084554226,-0.4968213104551819
-0.017493149736662085,0.0780897809551459,-0.6081864893940698
-0.03725315541815592,0.11322185197818851,-0.5939944828946255
-0.03604868957840929,0.1232955419168969,-0.5356940612088564
-0.06560469701674242,0.1231385461275718,-0.7763994299372005
-0.03970818476514511,0.1054002156565025,-0.6613666236919561
-0.050540842425244564,0.1121034845747246,-0.7184508379091339
0.03025171824185404,0.05422935985742636,0.0046417336017948695
-0.08304618111432022,0.16698155579532528,-0.676998010803568
-0.017791602712090904,0.09104154073833379,-0.524942815384141
-0.051989025775042816,0.1360009819362795,-0.6028561309465921
-0.06609869389081857,0.134015539723308,-0.7170712746389445
-0.04374115199731356,0.09108000975093394,-0.8096304798271874
-0.036209259807998065,0.11187674494966415,-0.5918053822336992
-0.059673092291754576,0.11279997293115851,-0.7949744132162319
-0.061051353576927224,0.12510448790224904,-0.7278024562002173
-0.07059055537350639,0.13315346302607858,-0.7554482856657312
-0.028709244810812988,0.08536276596548349,-0.6877617442076809
-0.04489320101971245,0.11932499130545965,-0.6276405319652912
-0.08310355402063438,0.13544245493218512,-0.8350672178621125
-0.06794133354965093,0.1435878165914533,-0.682100583981445
0.0037721847530236136,0.07084979244252156,-0.37018902021843286
-0.025306064734693115,0.08419739797158095,-0.6568619228988586
-0.022759665727516698,0.08272039508148522,-0.6378072260842665
-0.03155259967643531,0.10151851085244028,-0.6063189772937427
-0.10152922170886791,0.1457882189137862,-0.9021937622178473
-0.03984823978440956,0.10888514657698468,-0.6414854732736665
-0.05235986214330017,0.14846088169540084,-0.5547580022613566
-0.035700652745065446,0.09628732695967393,-0.6823395645055297
-0.05128226669021825,0.1138883421743524,-0.7137013774929019
-0.05055463549595195,0.1052062955238774,-0.7656826532559492
-0.08583631855071139,0.1347991302275772,-0.8593254151948052
-0.006304620754959989,0.0833274458694626,-0.4356862301027843
-0.05775897345414426,0.12987073266347163,-0.6757409591393487
-0.025665434311858807,0.09581904530933953,-0.5809433201108409
-0.03554148424722411,0.10584525229445882,-0.6192198783266099
0.0043938796691359,0.08976074648396332,-0.28527080415311495
-0.10140762762002795,0.1587672007764353,-0.8276749037420319
-0.050342549981997144,0.1243703261058583,-0.6459945269711141
-0.026038268881246895,0.09390428421008115,-0.5967594487582588
-0.07965481711940656,0.1273498654888044,-0.861051691719663
-0.09083518739038404,0.14975003127332,-0.8069126020403874
-0.0634617322480704,0.12751342439822833,-0.7329560216043336
-0.028407869525654716,0.0946138705605704,-0.6173288248287323
-0.06486801943756237,0.10512280713794345,-0.9024494495573676
-0.07004137495146999,0.12165941631913536,-0.8223068791407216
-0.053743542280312154,0.11617576244704247,-0.7208348842856597
-0.044774504999635964,0.09445796811863132,-0.7916166998820622
-0.05927541478140955,0.11906627815453913,-0.7497959637701678
-0.02738780777422432,0.09147731300748485,-0.6273447031563852
-0.023052754284040126,0.10168375806160504,-0.5217426587626526
-0.015088677689400302,0.07945669035770617,-0.5674623179799653
-0.003800678229025438,0.08790553852626361,-0.3845113606684382
-0.019868595929100393,0.08301458022362862,-0.6007209311275441
-0.07810778959684171,0.14157290966268146,-0.7636191828961106
-0.033192464791717974,0.10012708736949999,-0.6311225708435739
-0.04532808937730521,0.10638312753064069,-0.70808304968858
-0.009105611794306714,0.07099167023862801,-0.5508478905040405
-0.02402253692131115,0.10786068525281989,-0.5008547534691172
-0.027851935981466153,0.09984236436715625,-0.5794327523006546
-0.04340055730167974,0.12354961210988889,-0.5940978368786378
-0.025012957171631035,0.09965926651001461,-0.5520104562088349
-0.009821222335788339,0.07217658544452947,-0.5517193988955394
-0.02376962779690787,0.09430102117503493,-0.5701913630087257
-0.036222379188519165,0.10050937770868006,-0.6588676668605039
-0.058362021065577196,0.13286568244383715,-0.6650477342253382
-0.043840281715875284,0.11892656733250358,-0.6208897084318193
-0.0397233262973005,0.09880725932235644,-0.7056498356039784
-0.06382198489650798,0.14406752302119827,-0.6512361907041526
-0.03449815784994497,0.09922158388365004,-0.6500416071323483
-0.006788402088692025,0.07529009910908943,-0.48862204358887246
-0.013124234960835654,0.07505820736043106,-0.5745438970285046
-0.05652665400095738,0.12646685812309214,-0.6841844202118128
-0.053262966691247096,0.11276349413454304,-0.7383858342656748
-0.014654059780534714,0.0847406700528782,-0.5269495715890677
-0.00316718800583516,0.09182219403285823,-0.36121101608578865
-0.08510128335569726,0.14783973875289266,-0.7785544287796922
-0.0911353698324587,0.14746379119817898,-0.8214583990293788
-0.0025189893195347876,0.09304361187179415,-0.34950265435033917
-0.001012386789266878,0.0700590874322783,-0.44266044457465414
-0.043389243227823615,0.11619035951637928,-0.6316293669568858
-0.05304777925925859,0.1209898611495797,-0.6864027983021376
-0.05364058426381112,0.11090176750186172,-0.7541862149528594
-0.07011507040553144,0.14461659904643853,-0.6922792477880289
-0.004819126952450294,0.08498207963046861,-0.40972316874164366
-0.026423964336313305,0.10209420019614567,-0.5526657168371006
0.0070127670495926265,0.07496247265884155,-0.3066498760656358
-0.04843244930085541,0.11247638067445079,-0.697323729929296
-0.026237145191662845,0.10100910208033347,-0.556753243355603
0.0025409060885414753,0.07186206528988871,-0.3821083321316975
-0.015455400986861363,0.08333750480839865,-0.5454375084947399
-0.03467196017883915,0.10961083112609943,-0.5900143217091263
-0.06243525032151839,0.11282306553961928,-0.8192939083813368
-0.02016165762193465,0.1052118966273525,-0.4767679248250891
-0.03972637777435097,0.10886012788078069,-0.6405134655979143
-0.05841433760543982,0.14117309966136718,-0.6262831787183242
0.017362518967547674,0.07793563619605567,-0.1621527923459988
-0.00034258100713526005,0.0908405776992741,-0.3340201237775453
-0.08376808400629973,0.13557513335048116,-0.8391515552648797
-0.006543514240249695,0.08848128579704076,-0.41300839958489716
-0.049186573659793315,0.1123752525830762,-0.7046620304702111
-0.04393181271019995,0.10033368558709027,-0.7368593337082855
-0.028916955147511466,0.1055720787789592,-0.5580732692672314
-0.047050561133262496,0.11859131984736863,-0.6497150148293264
-0.04349212788193652,0.12864832275365112,-0.57126378571345
-0.03839815933857859,0.11057551412911232,-0.618565148688472
-0.021742001381417107,0.09749955411714678,-0.530689620582762
-0.04057853593570606,0.10899822886953159,-0.6475200254876341
-0.05212859011936451,0.12543534338815737,-0.6547483978675698
-0.04664962211553221,0.09497657814741785,-0.8070370991525988
-0.05251499588746028,0.11266210846881455,-0.732411251741315
-0.04047492318276244,0.11310420298877549,-0.6230972971867049
-0.036699879204659405,0.10012498406985373,-0.6661661904298053
-0.08193640189850654,0.12749045973005227,-0.8779982606974684
-0.014980074162870283,0.0875562083868557,-0.5137279810488331
-0.03764475961342427,0.12327486495634012,-0.5487311597330227
-0.029550711549453317,0.11563086343984724,-0.5150070645319743
-0.06723464413063074,0.10740550624058233,-0.9053040903957994
-0.07217616535271493,0.13770781530867748,-0.7419779707032824
-0.016348535025427886,0.07267695028214798,-0.63773362593632
-0.07536367100936131,0.14558891988949982,-0.7237066604335758
-0.0449275973131779,0.10398731197659582,-0.7205455731949459
-0.009295795931013416,0.07378505691745556,-0.5325711949368583
-0.008655352502084568,0.08796194475717664,-0.4394554100502735
-0.015173377012972035,0.07145521401912093,-0.6321914731216668
-0.05354242016008217,0.1100841306332764,-0.7588961249863279
0.009631879598337905,0.06371142600414356,-0.3196933686641612
-0.05862640272800082,0.11860592371531054,-0.7472342017311928
-0.032966428094358846,0.08513183701853641,-0.7396343166029494
-0.06317194972255742,0.13234359602595613,-0.704015551340194
-0.033991112249967065,0.11372706715030924,-0.5626726675839813
-0.022279212951601474,0.08765661449334877,-0.5964092185600931
-0.027439805199836922,0.11205877089895382,-0.5125864288805365
-0.04661548975935554,0.1199285308353812,-0.6388428943945047
-0.03763007148427773,0.09442573064014051,-0.7162250270746445
-0.02284561917566575,0.10119593267245634,-0.5222109009727952
-0.05915927139620861,0.12776968446502707,-0.6978124096456789
-0.09250357462206546,0.13834954531738206,-0.8854642372769278
-0.038206724520185247,0.11084163013731917,-0.6153529539008539
-0.034551998205276185,0.08677845451475558,-0.7438712588998683
-0.0600260940660293,0.12770651311265138,-0.7049452049999693
0.023711180835220738,0.05515098697739411,-0.11402913183325243
-0.04476666974614753,0.10093446781008548,-0.7407446769009145
-0.07431557249309292,0.1558565816236031,-0.669304891756302
-0.04739792402786244,0.10762747178243183,-0.7191279581882384
-0.03862519133019434,0.10112469983761987,-0.6786194810999554
6.528164418907387e-05,0.0780648497606221,-0.3834596293671567
-0.004355474248647953,0.09055344009370377,-0.37939446820680983
-0.04701186309190255,0.11381172592299461,-0.676660181254162
-0.038682596327672375,0.09805271330991754,-0.7004660453462992
-0.06049511371323027,0.12536542804408776,-0.7218506339834415
0.014077963193831311,0.06370463684293357,-0.2499352887832189
-0.06933248912325761,0.13218715098563527,-0.7514534384211975
-0.014736787988232851,0.07920350254324751,-0.5648334549826911
-0.06724994682798115,0.13733271003860786,-0.7081338946900677
-0.07113830102280118,0.12864749658496458,-0.7861661027815252
-0.025798398226210092,0.10697294555632711,-0.5216122444420228
-0.05123559819179794,0.13092399619795111,-0.6204790607595984
-0.07332255744576235,0.13924172975639368,-0.7420373017954268
-0.06672480919140256,0.14430037870641454,-0.6703018388343487
-0.038127069260083794,0.11779824445497405,-0.5783368807853836
-0.031824253012469744,0.09651542477588043,-0.6405634452320191
-0.03118299304310293,0.0871809872037444,-0.7017928450399004
-0.05268407205131681,0.10165227105744472,-0.8134011290765084
-0.052441786984127686,0.10839373166948292,-0.7605770713338977
-0.05837409176060048,0.10697423255400686,-0.8261250363818602
-0.03206657853781504,0.11449978954960464,-0.5420671844198106
-0.05648352810691363,0.12175886155547853,-0.7102852884962959
-0.10105922016514524,0.1662406172045869,-0.788370630288595
-0.008013246421417056,0.07741401219486986,-0.4910383190801232
-0.030017473936907166,0.11283570322005237,-0.5319014480714582
-0.05788358187281155,0.12790653670356492,-0.6870921857300364
-0.009808977461658083,0.07626719770928148,-0.5219672238831119
-0.05641343629358766,0.11473935687346958,-0.7531281214072106
-0.016771534886861287,0.09725454485738456,-0.48091875763181785
-0.0498296345612364,0.10909945646629815,-0.7317143196391316
-0.021558288540575975,0.08353843820317178,-0.6171804219655428
-0.04589391361168986,0.10590078903180823,-0.7166510684721571
-0.07358168931600742,0.1315708905446372,-0.7872690447501831
-0.013280242166986185,0.09853591523093658,-0.439233167577032
-0.05933386889798829,0.12876832719410083,-0.6937565381534356
-0.05271267378056469,0.1355860215650859,-0.6100383566521258
-0.037520998347062205,0.09966389213043313,-0.6774870708309831
-0.09058423069079963,0.14883582494019054,-0.8101828356127043
-0.037557015873811356,0.09524248388254157,-0.7093159808507986
-0.04159826078922363,0.11584460485381472,-0.618054339945948
-0.03138100020178124,0.09576766588424324,-0.6409365795337852
-0.05258198818444666,0.11671557287044863,-0.7075490112712775
0.0009467478626941396,0.06730291428621527,-0.4316789613857247
-0.05379198372170686,0.144366941273516,-0.5804097737511492
-0.0369103223268563,0.08322096312461398,-0.8040080265192997
0.025340254463740074,0.0575612601710268,-0.08095280614800346
-0.014307423909633746,0.07353190949296201,-0.6025604967306685
-0.02355791292278129,0.09817952681979704,-0.5455099923335728
-0.021437690903628563,0.10141398558772283,-0.507205101993897
-0.07070622565107483,0.13048400006998145,-0.7717898408775318
-0.06801867333437045,0.1232689240159801,-0.7951612632042095
-0.07356143152320643,0.12444128855061733,-0.8322111794999786
-0.040117202941782774,0.11814159040372213,-0.5935014308015756
-0.07125426769254849,0.14015697952803133,-0.7224347159414753
0.00037164298515893375,0.07572384956203847,-0.39126849976858835
-0.04725877072044343,0.09601054711896344,-0.8046904536927041
-0.0020666841081522676,0.0727132352026564,-0.4410020269182134
-0.016539384676531682,0.08536456813737253,-0.5451838589710709
-0.034386850445613834,0.11241698636783558,-0.5727501912828008
-0.04660559292812812,0.1174250039027609,-0.6523788833898175
-0.051010388564834405,0.11479340295055206,-0.7057059594246031
-0.0460095065899207,0.11433156497742877,-0.6648164625834206
-0.03903881801489165,0.11129718976431939,-0.6203105232134505
-0.0831790528036925,0.14162325485351812,-0.799155851351915
-0.009389590608892082,0.07684509698444869,-0.512584304719707
0.0011873158964979553,0.07014908758041906,-0.4107349802728528
0.015744425274689503,0.05969484720513989,-0.23880745814327256
-0.05409937834191945,0.11041749750469364,-0.7616490161656175
0.022008250698498467,0.07632492300160966,-0.10470694220461892
-0.04758455352030803,0.12136538511841512,-0.6392642634026948
-0.04891525807366398,0.09428687907705746,-0.8369696700764613
-0.037071857667512524,0.11961294028897841,-0.5607408153789258
-0.02608154729053884,0.0914575301336144,-0.6131977018033047
-0.02965855670311452,0.09534770695325331,-0.6256947189339715
-0.04361491094869501,0.1211495704864315,-0.6076365822274189
-0.08330845920023106,0.14646571163338457,-0.773617647001581
-0.04023928319374918,0.12477705957832837,-0.5629182433943853
-0.06273082276505644,0.10952523233595678,-0.8466617307016039
0.007619903888668563,0.06309569171855957,-0.3547008599439499
-0.029374402108115753,0.09561068853219469,-0.6210017208287627
-0.004276679577849003,0.07802918417242675,-0.43928025060604675
-0.04889065237127635,0.10831122448727455,-0.7283700534707295
-0.06074314188660659,0.11560460466023734,-0.7849440093956573
-0.06046273151349327,0.10642943022458941,-0.849978538103578
-0.06463695402220286,0.1428185891200811,-0.6626375082212346
0.009225066776414322,0.07468513049260495,-0.27816692675716403
-0.026286668522810346,0.09634300687861233,-0.5842320096333397
-0.04701839887658856,0.09014611354117037,-0.854372926919514
-0.0013996112832194117,0.06910696392203493,-0.45436247667664603
-0.04201375077757758,0.10877592489879348,-0.6620375863922103
-0.046908738611348505,0.11284805465994893,-0.681524717843845
-0.06441575846685144,0.15135245102697392,-0.6238138717028423
-0.0649357365046385,0.11155087472633751,-0.8510532681840448
-0.03792591172039364,0.11343711606597019,-0.5987979426494836
-0.03913388392025956,0.10404964221644039,-0.6644317313119606
-0.078048251887382,0.15845827364384757,-0.6818719490168897
-0.03802162452705314,0.10009017598994738,-0.6796034061713003
-0.07275984054374382,0.11259015208208706,-0.9126894194869177
-0.012134269694576847,0.08047801186066945,-0.5235500818226395
-0.06636532320494264,0.12860393237559595,-0.7493186361012787
-0.04613119054762274,0.1026946078655305,-0.7413358123662129
-0.027919164357279036,0.0877596060051888,-0.6599752094813935
-0.07743517225046948,0.11821545750242601,-0.9088081585968967
-0.06982403806334687,0.1394863717629136,-0.7156544169993811
-0.03712796497233638,0.111099398888609,-0.6042153750952383
-0.04452443071898244,0.1409880036468872,-0.5285870342957212
-0.04527493619683391,0.12481166261540787,-0.6031081921309275
-0.05948083249305741,0.11262083982750236,-0.7945317459016668
-0.04169400229057201,0.09714804901600109,-0.7379870518939955
-0.04067173324382768,0.11299959269154576,-0.6254158228405287
-0.06796792810109045,0.12942471171675385,-0.756949169919678
-0.04087788991455252,0.10448935310569282,-0.6783264304723782
-0.05506434443646053,0.12822358603432168,-0.663406375280218
-0.027026339412044513,0.09480472254322106,-0.601513699763706
-0.05546772472675708,0.10910877292647378,-0.7833258722866591
-0.0179363624130937,0.08354255609508535,-0.5737957354157818
-0.05184839970038051,0.11649403913451198,-0.7025973200729416
-0.06565257488107193,0.15419574229478178,-0.6203321405477547
-0.020680176250628894,0.07756341358705315,-0.6534031176148287
-0.04044089659370024,0.09615779066700594,-0.7325552730057701
-0.045256899666398384,0.11863812738252358,-0.6343399152259747
-0.041340661203746756,0.10843493482541798,-0.6579121509005044
-0.06283764902266349,0.10815774726448213,-0.8583541296921076
-0.0853002495784563,0.14331319664928596,-0.8045333735777135
-0.03071341838401764,0.10876196559295091,-0.5582228865855713
-0.04576465319747358,0.1265701986060695,-0.5985978850620244
-0.00285372998482559,0.0768481924009801,-0.4275146748202054
-0.025392640037165622,0.08207856511211045,-0.6748733967449999
-0.059961706985773223,0.13677569100588213,-0.6577316943103899
-0.05443059236120009,0.1046376710423521,-0.8068852404697235
-0.08511050823672524,0.14300903750182958,-0.8049177188207604
-0.04975475142708373,0.10493497678378623,-0.7600397300455384
-0.037316461290024125,0.11121005105726418,-0.605309148319351
-0.060565059936065944,0.1391058856106587,-0.6510512444422882
-0.013339125865628309,0.08604022027694969,-0.5037077511671473
-0.03988402399853263,0.11959761032378043,-0.5843262570994456
-0.037317347415013885,0.12270287513191135,-0.5486207828679204
-0.010908715090870037,0.09136599760283023,-0.447745508878489
-0.04709580475166843,0.10396831253352906,-0.7415317501359423
-0.011401068488447054,0.08170269692820506,-0.5067282971678105
-0.06333964706167738,0.13920787466199885,-0.6705055104699286
-0.02368998066181808,0.09949049944382889,-0.5396493229198309
-0.05183511475281107,0.11686758772526652,-0.700237904671994
-0.023036975318609022,0.08364318757335863,-0.6340860129474781
-0.07068574347047875,0.12140666728372347,-0.8293263106809399
-0.06877595439116413,0.13745061627637684,-0.7186286760079111
-0.05253117756766159,0.12189041502045873,-0.6770932526057043
-0.010545442524963443,0.07362651725231399,-0.550690757054506
0.007928283069080683,0.08504519839600573,-0.25952925441062813
-0.05611360934496734,0.10272501520203804,-0.8382924955094956
-0.03715746118243539,0.09386234349236453,-0.7154888604278081
-0.03019168408045849,0.11557129038868603,-0.5208186555503841
0.00947478772071269,0.06743407212454236,-0.30437450435115043
-0.06777738149688498,0.14103547890017756,-0.6932821603427184
-0.05795498984032539,0.11732095588299629,-0.7496954757856094
-0.044492946427878016,0.0970911228444525,-0.7672477590687821
-0.04658584795307909,0.11416839284215842,-0.6708148029985983
-0.04260698453166143,0.11445354831388738,-0.6343794980697122
-0.05803820232315589,0.12812713661854344,-0.6871159743876958
-0.057994048898956,0.128844552873811,-0.6829473729101799
-0.043963966075888476,0.13139854819519764,-0.5628978941686033
-0.019449181456335035,0.09637779055321696,-0.5130765207678284
-0.03543878043171868,0.106008544196952,-0.6172972275719658
-0.04018580223245071,0.12621323916309216,-0.5560890655991877
-0.07038239912725039,0.1388149983946027,-0.7231379914863247
-0.019088203098509046,0.09199147994022694,-0.5336168428902868
-0.0190225186309526,0.08537476403826236,-0.5742038550054698
-0.05068080187022493,0.11514681833254378,-0.7006776482283595
-0.04286425975758422,0.12941080643212113,-0.5630461764860661
-0.06062294512480191,0.11934497734619759,-0.7593360620608406
-0.005883013069091628,0.0687800995552146,-0.521706326410386
-0.03214390848290206,0.09672674680129612,-0.642468712511991
-0.04344375504002753,0.11885511987622133,-0.6179267255505163
-0.092712519950375,0.14949376065082443,-0.8208537895905709
-0.05383637568727733,0.10753236112550565,-0.7796385647054498
-0.023929797675137754,0.10464759748098901,-0.5153467348826141
-0.0560020636849199,0.12641194458654728,-0.6803317832520094
-0.0051159927044097595,0.09297297121692967,-0.37770109145458186
0.000757946093946596,0.06762318188642746,-0.43242647107563165
-0.00575490244140368,0.06431741330236672,-0.5559132528124852
-0.07060273132871864,0.12025298309561788,-0.8365923966204268
-0.005918006888003008,0.07764968861750303,-0.46256472533885634
-0.010145025992349649,0.07984420330146863,-0.5027919915585309
-0.009025159294812369,0.08154008009948423,-0.47860094382050056
-0.024447128225271578,0.10312987428410628,-0.5279471986485551
-0.05112114091697339,0.14804569341084078,-0.5479466443637409
-0.07360166898248702,0.12969395374991416,-0.79881649056871
-0.025536140605468795,0.08628688700425403,-0.6436220210694449
-0.09300979283503004,0.15905561798605167,-0.7733759699441571
-0.021954975149707477,0.09930931802622427,-0.5231631450332577
-0.07444836029419427,0.14584367467819118,-0.7161665428731344
-0.0620961519267091,0.1366997923205273,-0.673710986412959
-0.04512255953733278,0.09474415319069253,-0.792899160607123
-0.02028480885176699,0.09894233128624907,-0.5082234085053899
-0.08600578161038192,0.1485499649301217,-0.7809209626198925
-0.05762894075792518,0.13386612784634816,-0.6546012958446507
-0.09719732982961153,0.16124799199068365,-0.7888304732313227
-0.032779737742124636,0.10488389352874253,-0.5985641420235834
-0.0676626695327682,0.12129030951061812,-0.8051976281272373
-0.027526900517867797,0.10001039147289653,-0.5752092324671878
-0.045193496028590054,0.10374753353095162,-0.724773818417159
-0.03447989128010107,0.08342395347963735,-0.7729181918456997
-0.04894411058114967,0.13472558537722626,-0.5859622755403832
-0.03149430993752328,0.08944949317525053,-0.6874752193066413
-0.04578544000502505,0.11277335520458694,-0.6720154762402826
-0.04907782945895233,0.11926482107242092,-0.6630440455776484
-0.05538930727522457,0.13369348330786668,-0.638694610705832
-0.03673015688996327,0.11136293357310878,-0.5992133535720439
-0.06060586567370356,0.11472758889578762,-0.7897478413496954
-0.02395911623355029,0.09037930926604353,-0.5970295266886191
-0.045491294093985515,0.11158503762209161,-0.6765359917666931
-0.05605741711811023,0.12115139193488887,-0.7103295780898711
-0.09789196873921405,0.15048049004867078,-0.8498906981087662
-0.011456140040464587,0.0797291703087188,-0.5199620149054923
-0.04575170489305224,0.12739605362556544,-0.5946157886153753
-0.03000126101277365,0.08940770664386934,-0.6710971935760743
-0.08164602654608939,0.1515332757280268,-0.7367756422455528
-0.08414980194383895,0.1399308113995993,-0.8157588797070738
-0.06809080345054899,0.12063664888677686,-0.8131094850173748
-0.045613894895516205,0.10596706315172921,-0.713560352118547
-0.07327000128487128,0.13527307450716258,-0.7634187487873149
-0.07971134620255563,0.14121638111271131,-0.7769024056422317
-0.06010148861316979,0.11785232475836527,-0.7645287337174425
-0.07570962510936576,0.11912129852607674,-0.8874116251026676
-0.041755500355213256,0.12442553808147501,-0.576694314218895
-0.02644077601177508,0.10956528075930179,-0.5151337688420372
-0.07414838079867458,0.135390932841047,-0.769241917558452
-0.019744299415278624,0.08080506517785765,-0.615608678809774
-0.04467577960900887,0.11527552392982457,-0.6478025608842055
-0.020672347442676896,0.09643593058158412,-0.525450909604781
-0.07853873464206268,0.12417336139130042,-0.8740903316616417
-0.005190940226251749,0.09820793642335213,-0.35833092016669194
-0.07096613027677931,0.14423583086255978,-0.7000072705442274
-0.06481723660479599,0.12196310151083276,-0.7774255937265938
-0.06480251166551454,0.1026464316930344,-0.9235831202493505
-0.08014905892839543,0.12352949610050422,-0.891682249223923
-0.024505254484768424,0.09345937892229665,-0.5831972683028934
-0.02899632472585869,0.09154780969990929,-0.6444318539050438
-0.02244794897322201,0.09468668156753321,-0.5539105194621765
-0.022399316662719812,0.09450403911786957,-0.5544664244177446
-0.034689765820148835,0.11673750440338054,-0.5541472395762087
-0.053049695828898465,0.10532223382449063,-0.7885295707579919
-0.07669205962697233,0.12683134425332773,-0.8412120856644867
-0.04619481616444945,0.11440361231708657,-0.666017572533149
-0.013617771186351626,0.09718919719549285,-0.4487923806862601
-0.05754467029140122,0.1237062584813144,-0.7076818211636777
-0.045595291258572736,0.11007305374666788,-0.6867738168921396
-0.027857810285092557,0.10931583152893952,-0.5292720137226937
-0.0703511227823877,0.11891908172063317,-0.8438605590491721
-0.05382555238988683,0.09198169346114186,-0.91132864851308
-0.03438583710389371,0.11313858709005177,-0.5690882196773971
-0.07367459010131772,0.1302379910665153,-0.7960395369456283
-0.03954145411990081,0.11499123882788984,-0.6047543693653495
-0.0636095331981922,0.12132131386742483,-0.7715835759946107
-0.05364775799016327,0.12596028998743125,-0.664080385957431
-0.04899717702781852,0.12600243876979472,-0.6269495876357253
-0.06460107217494784,0.12228921862776669,-0.7735847300071631
-0.08917325724199476,0.13594922090872255,-0.876601251889547
-0.041567646415637184,0.09241418055293539,-0.7744227778402775
0.00743381429002128,0.07958374841867752,-0.28355268705441694
-0.07575558790066383,0.12764893647604295,-0.8284878105546297
-0.03714575397994825,0.12392611974153933,-0.5418208374472437
-0.030392069418096253,0.09804904489517006,-0.6159373554598612
-0.03651167425659173,0.11946726793710562,-0.5567355427564249
-0.028797730035666495,0.08764682144594127,-0.6708484011816869
-0.0784970431196673,0.15160115012475264,-0.7156742744391125
0.01983318028623015,0.060666239867581545,-0.16758611933031195
-0.04446841635924079,0.09918275472491876,-0.7508202062523605
-0.031808253783439225,0.10368371971018604,-0.5961230360581584
-0.04533767332954193,0.13267209920647244,-0.5678486568023382
-0.0575287349761355,0.12659885067023224,-0.6913864897883827
-0.05458190107441134,0.10243894312183806,-0.8256811179105192
-0.02400817913800827,0.08902041113332754,-0.6066943350454673
-0.038199877885519026,0.10187286129984933,-0.6694607083311588
0.0018330880618062841,0.07242886196936027,-0.3888907152801768
-0.04672517362022759,0.09254373778210875,-0.8290693185623704
-0.0832221055730091,0.13301114234872702,-0.851222713929971
-0.06597426670159412,0.11913512616513841,-0.8055916822429011
-0.01921860266173056,0.0937630319651626,-0.5249254597485457
-0.05705545868554917,0.13065599914233264,-0.6662951510608681
-0.021523603088938685,0.1056478487437599,-0.48769192843580667
-0.023563441399706297,0.08811830880884487,-0.6078582547005245
0.001289848080404216,0.07096721956592375,-0.40455511847869413
-0.04426532991773993,0.1092845694970091,-0.6795591569747861
-0.033286067827915516,0.11081078798207249,-0.5711182907403767
-0.028286616434097578,0.09296277029119278,-0.6269888069333881
-0.03502995546172173,0.1183965063163994,-0.5492556958390102
-0.07868423070395411,0.14093790584617838,-0.77114974890129
-0.03457635621990254,0.09732140372794823,-0.6635370406331065
-0.03772409396175542,0.10085543704491726,-0.6714967080217363
-0.018454010803113336,0.09414166351672729,-0.5146925281865656
-0.05660874083986723,0.10314002499567715,-0.8397199907940415
-0.06792126676149321,0.14302882969208125,-0.6846260783389084
-0.05064044441544247,0.14161971942714352,-0.569415366317881
-0.043442103097874545,0.11733560595148106,-0.6259148917528349
0.01739417992303895,0.06533232669008188,-0.19294919859137272
-0.030443793885707345,0.11247566231089866,-0.5373944251035583
-0.04741090655441272,0.1177321615545984,-0.657517075472307
-0.10052653855976587,0.1570542523640656,-0.8310920372738069
-0.03416132504229737,0.09181414640422035,-0.6988174214441983
-0.025905956981051782,0.08714954655845947,-0.6414945250868328
0.013192272155280823,0.06697128241735313,-0.2509691801924354
-0.0550768614842448,0.12915777531701517,-0.6587049155610287
-0.030214938504738737,0.0810594056795695,-0.7428494941447062
-0.06319605626686985,0.12308445259653296,-0.7571716354165675
-0.040594113747014146,0.11104844916224235,-0.6357055346524991
-0.031114459950023883,0.11169048638291683,-0.547176952390561
-0.03220666483247059,0.09735239310996677,-0.6389844445036245
-0.01749181011502733,0.09153464776966681,-0.5188397101230272
0.00034350656111343733,0.07325283378802426,-0.4048511423422223
-0.03546074609656165,0.12605023334427604,-0.5193226887392687
-0.06829468872480413,0.12095315686523492,-0.8126674100314993
-0.052755038321376596,0.12405144527071435,-0.6671025729751262
-0.05657113492561533,0.13285149636686913,-0.651638387922627
-0.06320796610341259,0.10830254164332986,-0.8606258421004755
-0.037288222793884836,0.10647144013567557,-0.6319837761951944
-0.07109365420798422,0.12103802637847857,-0.8352222622324532
-0.06957269251995764,0.1356979670068127,-0.7337817560299824
-0.02670656984147646,0.09924204231493856,-0.5713966431839604
-0.010391715803434672,0.09047513870415647,-0.44643994341374865
-0.053607115701104054,0.10175733006931983,-0.8216323644119655
-0.03769756089812536,0.11753537447021094,-0.5759760514931881
0.018781331835079473,0.06490332579246388,-0.17285197681230627
-0.03357315719910402,0.1252486647263606,-0.5075755285535114
-0.07495773085899088,0.1335850971705558,-0.7856994012212701
-0.049852455053560604,0.11971753268364377,-0.6670071898706139
-0.033687534090111215,0.09690281097443731,-0.6572310281784478
-0.07751047901509986,0.13641085034641795,-0.7881372980380589
-0.08127124582053857,0.13339079011311492,-0.8341748761378575
-0.04124092786436697,0.11678268042468452,-0.6100299085900128
-0.06951578736558912,0.13938095274905474,-0.7139841233885096
-0.06390632817686816,0.13509378953119724,-0.6951195055134813
-0.010490390002408468,0.08845157475625955,-0.45776901218531485
-0.043512503879031134,0.11337843009625864,-0.6483817408357021
-0.024571638124039646,0.08778746355604551,-0.6216336127447157
-0.05665468123061883,0.13119939355958202,-0.6604808061956936
-0.047329849222274636,0.11287104255912365,-0.6851168153405514
-0.04777372184284522,0.11970628203985353,-0.6497045979337343
-0.0854973606517204,0.13057986169181085,-0.8844959640431573
-0.0596179949734016,0.15741801201535716,-0.5692994964557091
-0.0407815069390583,0.1053033250256711,-0.672167824917238
-0.03867308864768011,0.11264465002112724,-0.6096435883532865
-0.03327723110800069,0.09577633292985391,-0.6606771127303923
-0.018426777381401416,0.09374974291464208,-0.5165537085844957
-0.03731406165652044,0.09952228733793063,-0.6763717299618899
-0.05800054124646213,0.1398815230354236,-0.6291076858247882
-0.01686161435319833,0.09214272061917875,-0.508576413180538
-0.08489779563220666,0.15387195288169,-0.746710452947523
-0.017642110122344398,0.10769049579339085,-0.4423984658195647
-0.02076161026212678,0.1064507925829636,-0.47685516500560726
-0.061219414886917074,0.1412891249672956,-0.6456223358169411
-0.015125728618737988,0.07975451436631793,-0.5658078289019783
-0.033393479345128686,0.08945902546342294,-0.7086314546434259
-0.07142552167849375,0.13665276757848405,-0.7422134470876475
-0.06127153233669954,0.12648832956727776,-0.7215806600414721
-0.055558199359597424,0.1298798325351535,-0.6587489195941186
-0.054591344726160014,0.13361329181236214,-0.6331057605028892
-0.015477450494918686,0.0811882830273665,-0.5601479523786628
-0.09414383799603677,0.1259418720671242,-0.9857233020156384
-0.038600116200031086,0.08740442210613351,-0.7848586438421993
0.0121009963537708,0.06046202289816716,-0.2960371285687133
-0.0036057919319543467,0.08089805876415099,-0.4154091265641883
-0.06586941080741827,0.13713138371209374,-0.6991062746708321
-0.004315407098975908,0.09840893161404392,-0.34870216083190114
-0.05775044410809053,0.10560842441596113,-0.8309038279225417
0.0014162765090260394,0.08483881703602834,-0.33691798742119855
-0.03071457058314083,0.08525116767625869,-0.7121846214905162
-0.0559454925378145,0.10929532111138769,-0.7863602180208945
-0.08389331388365678,0.13152892492888602,-0.8659183821751427
-0.03360570904648503,0.09690954002674743,-0.6563410478362562
-0.03999984207899295,0.10621257645173623,-0.6590541762330885
-0.05508577150519407,0.12064645501923478,-0.7052488321486841
-0.054910690730312614,0.11505160159240804,-0.7380226746527591
-0.05991012387714502,0.15200199891333843,-0.5915061941284461
-0.07797819866952588,0.11074471338853,-0.9750189906646085
-0.036328471765456984,0.10482246219359427,-0.632769640947342
-0.0312585238674337,0.08697517659471102,-0.7043219257017161
-0.00048278080277160823,0.075545342048972,-0.4035031145005771
-0.056892309420539494,0.12274517144099986,-0.7079081677954735
-0.06023005405006761,0.1188077070254419,-0.7594629701147707
-0.008309889507029522,0.07502552629815984,-0.5106247353038449
0.0053735067303625275,0.06969412117385054,-0.3533510840635639
-0.048342663452693,0.11462639684476841,-0.6834609270566859
-0.014172247514730382,0.08161155010259065,-0.5412499512532625
-0.033338266234600095,0.11246515633913991,-0.563181240273235
-0.0403299030173637,0.10342383176488289,-0.680016412244783
0.004276020523877473,0.0741617527554105,-0.34686315412422375
-0.03906821967908955,0.11737483550273908,-0.5884414609252233
-0.027587094867181628,0.0838360095307944,-0.6869016689782795
-0.01573568213684294,0.07602668877836427,-0.6015740376405612
-0.02812849745066282,0.09278502621703721,-0.626485757677021
-0.04224518122534812,0.12114979383561635,-0.5963293781859417
-0.08430723954803154,0.13498459605793656,-0.8468169175316115
-0.02696466482242154,0.09401692807309614,-0.6058979589094077
-0.06580033360004192,0.12287749742555198,-0.7796409888481384
-0.022742079772934593,0.09441055993718539,-0.5586459799414993
-0.025901436525497045,0.09251480759034153,-0.6042431258467332
-0.029684278409522723,0.09583329489179244,-0.6227927201805343
-0.019749845004144454,0.12120633401631313,-0.410455818236765
-0.06723864106755514,0.1346982137020064,-0.7219000044252756
-0.009196473509573862,0.07518873128057256,-0.521307818897877
0.00232557860956859,0.07993533115412793,-0.34621012999959627
-0.04805636728350363,0.1064548545775952,-0.7332344550488128
-0.02870456575184071,0.10359917241489114,-0.5666509141283703
-0.027098225530002507,0.08852111404565717,-0.6450238018982968
-0.056673788561830106,0.11979584003214072,-0.7235125071002123
-0.03701693348160188,0.11998703181047515,-0.5585348055568046
-0.06468395829151276,0.12096093398966598,-0.7827647751099694
-0.036462728451755785,0.11749077315686422,-0.5656846632800696
-0.012888131354866338,0.08302166170914405,-0.5165896522900194
-0.06659867807845252,0.11162262525929038,-0.8654041047149854
-0.05654417264010806,0.12710734232393797,-0.6808746926636771
-0.060365561919988805,0.12348271081741627,-0.7318074030104905
-0.02019738478058129,0.09770867200016894,-0.5137454409419718
0.025021462715077394,0.05564389978399486,-0.08947139406563677
0.0061918233400018625,0.07260736966163989,-0.3279030320330766
-0.05619640696265879,0.1508629812472606,-0.5713555853797232
-0.04805654379703779,0.08641321285273573,-0.9032940822378718
-0.06422350392394854,0.12866750507340532,-0.7323022535502935
-0.040861991592530324,0.09689717789308384,-0.7313112015575861
-0.008472007508238129,0.09486559914885972,-0.4055422392670416
-0.020092953249426598,0.10089768526621996,-0.49647276959085473
0.017083054269424334,0.05967352996531079,-0.21646022512970992
-0.01183792054013507,0.08104645582793016,-0.5162214696835259
-0.04744826611107303,0.10940349555741757,-0.7079139996073189
-0.09406940086298178,0.1490192906131082,-0.8325727518398766
-0.06105354961940375,0.09832871570180128,-0.9260117857690654
-0.030733956892288538,0.0933563511059574,-0.6505605261216437
-0.05479868858862887,0.1422450001360547,-0.5961453021724525
-0.05561946404697585,0.12225706764185079,-0.7003232262841119
-0.005938171404035351,0.07106705439430898,-0.5056938367620492
-0.05282864396687964,0.1311554100562753,-0.6315305173560136
-0.039591946849458284,0.1015118399401252,-0.6855549745774064
-0.03184108691241191,0.11855158739719311,-0.5216386239116364
-0.016228688031206896,0.07374629735639007,-0.6268611399945927
-0.03332427422211423,0.0956827357241829,-0.6618150468090099
0.010823271311950464,0.06889013758278022,-0.2783668223191784
-0.05156449546914588,0.11345749148863239,-0.7188991612538695
-0.07498822181529682,0.12849540376639185,-0.8170581883704437
-0.06307515832772848,0.11345480680411071,-0.8203721018927879
-0.0516255754986813,0.09934530266087559,-0.8216349773206467
-0.04442395476841372,0.11371562067028186,-0.6544743310525981
-0.06018249849482935,0.10806694959091472,-0.8345058210323637
-0.04166945164673013,0.10165290044813761,-0.7050408923973127
-0.056668608374685084,0.1346706487625548,-0.6435597449856743
-0.005991644520398354,0.06952537795758959,-0.5176763590174687
-0.04385309736527668,0.12255732881438024,-0.6026004163090991
-0.08637767429554277,0.1492389568103673,-0.7798076104446361
-0.059765728866971304,0.11609947060292043,-0.7731794848056205
-0.04530075424821556,0.11429525881714361,-0.6588265780008093
-0.021169484950501284,0.0842118622536695,-0.6076279942173063
-0.06463357862166833,0.11210060839285424,-0.8441843445668638
-0.04354236394956176,0.1261028336390929,-0.5831935875449118
-0.029228497702533416,0.11350674564841363,-0.5218059716555814
-0.024291625464211448,0.10116390930903472,-0.5366699036744597
-0.008143006501760844,0.09102966857000028,-0.4190173061261836
-0.04696820495201849,0.0888792434177814,-0.8659862752231758
-0.022483792753780634,0.10547574266609173,-0.497591118366717
-0.04675793641707955,0.12301374480266697,-0.6239785362213883
0.024299879940547824,0.06226389529163224,-0.09154775866100084
-0.050862093011348426,0.10790076457808184,-0.7494116777349893
-0.06701036608807218,0.10304887163818237,-0.9414015364349437
-0.08170282844609844,0.1442737627645035,-0.7742421512110262
-0.04743011511538038,0.10037699698065834,-0.7713930227490309
-0.07489610381984768,0.11503309605284696,-0.9118776023524371
-0.04030910519965307,0.1038477685610417,-0.6770401152945851
-0.07308638717129802,0.12290514061044182,-0.8387475630335024
-0.06536270066357602,0.14132132203790726,-0.6747934373129941
-0.023709663146226648,0.0859187348892898,-0.6251216712563795
-0.029729178621944907,0.09078154600706063,-0.6579440563536934
-0.05741580115854833,0.11305988571933545,-0.7731814038407304
0.008159869657293158,0.07122751080110408,-0.3066249276026687
-0.04760908492450096,0.11770085219352028,-0.659375726497701
-0.030842633297364586,0.11225647177608603,-0.5419966647332833
-0.02115419341981905,0.10152843685249513,-0.5038410420337511
-0.04666154673598359,0.13179845729900208,-0.5816573904356621
-0.0815600004058496,0.15203128978862582,-0.7337963162777557
-0.0030652622016139695,0.07482149605949061,-0.4419219601720308
-0.06292521526805217,0.12980099396737982,-0.7159052671923694
-0.040954972261670226,0.10341636868665544,-0.6861096861431961
-0.041308897274829746,0.11246057440511217,-0.6340790775081461
-0.05263481041627427,0.12335979175472156,-0.6698682710212296
-0.061214158240477975,0.10318054713091071,-0.8840247583175699
-0.02709616902412015,0.08331145748336803,-0.685333935437615
-0.06526875702280566,0.10586248657812375,-0.8999293338202462
-0.009443733584940339,0.07050807986408943,-0.5594214685887297
-0.037981460290199234,0.10274678453365747,-0.6616407569224716
-0.05819571749352022,0.13018582076014049,-0.6774602408968601
-0.07623497162657075,0.14828932197960906,-0.7164033809607605
-0.07606138145649237,0.12641926866284106,-0.8389653142145366
-0.018192762738142486,0.10844454777583967,-0.44440005262191096
-0.036422803966228615,0.10501205326743078,-0.6325255234946394
-0.054118118805218995,0.11722917034593358,-0.7175527947267168
-0.08055019713230155,0.15248231467798057,-0.72500340361285
-0.04536518992236188,0.0993648577619168,-0.7584692578430563
-0.05666462689025111,0.12087500292709004,-0.7169772475002619
-0.0431646557882405,0.1076924884392562,-0.6793849492066377
-0.04544813298298686,0.09763172357828127,-0.7727829666193737
-0.033199660336100265,0.10438035476437536,-0.6054746650245155
-0.000473319062671243,0.07110305028327299,-0.42857963113067876
-0.06547815147494888,0.1289346480965799,-0.7405158573313043
-0.014850588504081608,0.08782024487250116,-0.5107089893588478
-0.0552217921275429,0.10883955093866061,-0.7830038932774711
-0.07601161359832606,0.13030292112213246,-0.8135781814051717
-0.06093128390702393,0.1298782080370447,-0.7001273368438216
-0.029604804304799823,0.08072292997125727,-0.7383875229259282
-0.0637445375895522,0.1477070446823994,-0.6346653119431256
-0.08269321019369552,0.15947316603611594,-0.7066593897569817
-0.02857401918334025,0.08677257277068641,-0.6750291862168663
-0.05090808305677547,0.12888257236559414,-0.6277658924068332
-0.043546561490458296,0.09171581010163524,-0.80189622060752
-0.022449207650347185,0.0843169581905595,-0.622048147560186
-0.05559736538550658,0.11850945781203817,-0.7222829887659111
-0.04571900650262692,0.11970642082879257,-0.6325392236973013
-0.011955288869941735,0.07495956304314587,-0.5597056221604807
-0.05648031003534429,0.11108187066120172,-0.7785276708123517
-0.046706236176456514,0.11797825214988336,-0.650172678257739
-0.027810050772805753,0.08230785417011148,-0.70236372161186
-0.05919298871432047,0.11225168434820643,-0.7945804041357852
0.0013419347428311953,0.08564875110667744,-0.33459991986893706
-0.026282859947233197,0.09909204813057527,-0.5679856356694567
-0.0495881631423169,0.09900260509716512,-0.8038996859143847
-0.07157432906627507,0.13349058557600485,-0.7609100569001715
-0.04456109732450059,0.12363983647057675,-0.603050759794917
-0.020994319191746578,0.0832045476319751,-0.6128789909092626
-0.039850403462293786,0.09827240668434442,-0.7107834825563656
-0.019868858462299615,0.08664044865184069,-0.5755840284564379
-0.02822440162404479,0.1013725401656987,-0.5743606851409067
-0.046916332474807726,0.1296333644635235,-0.593337469818201
-0.039734914475087015,0.12220998045697977,-0.5706155439541619
-0.03576746870673668,0.09259413726206753,-0.7102768128893105
0.003045795555092134,0.08164380644005785,-0.33014389725566506
-0.05061322520995676,0.1123409192564425,-0.7175766919437395
-0.07508210058360565,0.1441395505689904,-0.7290303054837788
-0.06775723064997405,0.14880327954959838,-0.656956156785443
-0.05686588153318426,0.10891593440751983,-0.7975497984359836
-0.04625869765817077,0.1247968565455642,-0.6110626482833579
-0.06453572831111724,0.1504027978862311,-0.6285503304441632
-0.031043990631443443,0.09411646834048293,-0.6486005234557468
0.01966204439859338,0.06794721182484502,-0.15214686995628166
-0.035773641755586234,0.11234617068047846,-0.5854551281738988
0.004800121870172317,0.07780295776670731,-0.32389357491253334
-0.03300427132823492,0.10734863753859415,-0.5869126313371562
-0.04923911370788011,0.11013908618620585,-0.7194458974710856
-0.0019520881263707223,0.0759120935682303,-0.4209090623703056
-0.012276812601374948,0.08169638289138785,-0.5174869572570957
-0.04555817642360615,0.10572423684308972,-0.7146722329691116
-0.02898424628160931,0.1020562985780708,-0.5779579222784341
-0.023188955423726086,0.07349070336093479,-0.723750801002669
-0.0691827522886301,0.12032009767482144,-0.8243240672616692
-0.03844704236239283,0.10192325738237012,-0.6715546983119894
-0.05905277430218431,0.12618302143458018,-0.7057429223816286
-0.08209776641519001,0.13786130262095428,-0.8131198841447163
-0.04717078663524603,0.09981157477065963,-0.7731647037186209
-0.027382465922084567,0.09831174552597291,-0.5836786399741497
0.017638137875605718,0.06478289022464237,-0.19081986125546507
-0.05421370734719823,0.12301424496268917,-0.6845850037346541
-0.036272406869911115,0.10246222353884972,-0.6467984451341052
-0.04765643129101021,0.11981642014878313,-0.6481284551364466
-0.05030981959585664,0.12585479469544272,-0.6381148989214053
-0.06059693953153153,0.1496497688824465,-0.6053931135884186
-0.03705378499094616,0.09627065987999761,-0.6965131959677997
-0.05393214511603371,0.11732514347319048,-0.715380715773109
-0.04375492333160974,0.10558214600477847,-0.6985548799914686
-0.06223450856034039,0.14018859809995318,-0.6579315993628672
-0.0011382828363242243,0.08391775651716352,-0.371057141285177
-0.026733834677254528,0.10929995928136607,-0.5190654694683565
-0.03619887482922517,0.08586407156683175,-0.770972929902348
-0.06530737638266691,0.11403820838313952,-0.8357495065378285
-0.06141709114445251,0.12129242666865078,-0.7536916661267538
-0.0567561420890008,0.11681083243905731,-0.7427063079467678
-0.04832450582862361,0.10324088825723483,-0.758657806522067
-0.04535086626885858,0.1066615667971119,-0.706448147458667
-0.022869522513251028,0.0966895746061555,-0.5467965158457241
0.010060424350389499,0.06511866321485694,-0.30620370052469453
-0.022080375275971696,0.10018569586164322,-0.519838434299991
-0.04572001799799822,0.11061635862041413,-0.6845282103150353
-0.029342661985737862,0.11436828082318554,-0.5188734285293856
-0.0416139006381976,0.10334289304859981,-0.6929736387824871
-0.0017016231627041273,0.07308589156740473,-0.43375845163586396
-0.0468928011912602,0.12096652620889226,-0.635653544836669
-0.0652449683521028,0.14658092123009114,-0.6497773895321259
-0.07273798540264566,0.1393096798248822,-0.7374791581732969
-0.04095362951407357,0.10413369672510155,-0.6813705048941195
-0.05964225176181184,0.12222530754055563,-0.7334180912743263
-0.027530838485442334,0.08072767810275992,-0.7126532044215386
-0.008962502577774159,0.07779539567052395,-0.5008330151412385
-0.05058884294116278,0.11323713556454636,-0.7116821044561508
-0.036790422545362925,0.11277278916247457,-0.5922565455850906
-0.031676750929583775,0.10299182190305756,-0.5988509552499989
-0.07557923883532844,0.15237619294805285,-0.6928853962857693
-0.06856061135531084,0.13694546622221038,-0.7197070050890512
-0.09161002003657912,0.12415009189165065,-0.9795403143375172
-0.02507710021828354,0.09095087992684804,-0.6055697345928059
-0.024392924938562727,0.10244833380689865,-0.530930303279369
-0.03180745615383558,0.09229597388164751,-0.6696657888142791
-0.04901016133345123,0.11515970551024121,-0.6860920752044196
-0.028317967852569632,0.0882416619765155,-0.6608892732334335
-0.07390222579831843,0.1320375059456072,-0.7869144835341021
-0.0399819629244084,0.1024334249089054,-0.6831946016316816
-0.024724850153569643,0.07848557923935975,-0.697259938499959
-0.06685574353002023,0.13392977076419163,-0.7231830755579568
0.022032132525071097,0.06382383702818491,-0.12484156149073666
-0.002829270568483697,0.08376615376995233,-0.3919156973429028
-0.05050034454604535,0.10165158461598106,-0.7919241480608415
0.00039916904914733507,0.07364609857005565,-0.4019334564300776
-0.06779794626739352,0.13331384969524357,-0.7335917947832152
-0.04008994598167452,0.08882203490067733,-0.7891053842669847
-0.003791185330936836,0.07668394504752661,-0.44065528071089693
-0.015404254353377089,0.09477577187135412,-0.47907026718819556
-0.008332654223430208,0.07273516020423924,-0.5270168391159473
-0.022454151963551265,0.08684264160770498,-0.6040137770163978
-0.023058204423195557,0.09401445514930526,-0.5643621966317128
-0.07390190171072648,0.151530344579394,-0.6856837948803536
-0.0402574060971694,0.0951569066174046,-0.7383321778171279
-0.05474546433564293,0.1365619671602792,-0.6205641738902266
-0.030577936553958764,0.11135332752609403,-0.5440155036207895
0.011604140675324203,0.07609551521827516,-0.2417469580422504
-0.030868298137179888,0.09965501610550907,-0.6107901088765666
-0.036318485511921066,0.10961938334763442,-0.6049886752382668
-0.04675438435541097,0.11586512388351383,-0.6624459697861865
-0.03320378066947615,0.10016896619726358,-0.6309716778448968
-0.06556035930955413,0.10028298870527899,-0.9529069739873413
-0.033714873820742224,0.10159438672636163,-0.6271495490430432
-0.017453248175743452,0.09125369416136823,-0.5200145441983929
-0.024157034900273253,0.09465282105713056,-0.5721650374011055
0.0008310184059467929,0.07511893015235165,-0.3883040071909231
-0.04899702556215634,0.12632478332092967,-0.625348593406754
-0.06262875667158584,0.12702115561749536,-0.7292388123953388
-0.06075280257990866,0.13396133074212635,-0.6774552184361807
-0.042143434594073687,0.10044430166166989,-0.7182431795591251
-0.07644592422799165,0.1257055222781152,-0.8467879715935394
-0.010734485625884051,0.07685224436885278,-0.53003638293735
-0.04487198562463441,0.10452354150257465,-0.7163169612157673
0.017534781498379892,0.07057762609830506,-0.17661714045549998
-0.0518343570788951,0.11915535196312874,-0.6867870870308689
-0.05540907658062186,0.1250747682152724,-0.6828641603686207
-0.018751893874526707,0.09711273326270992,-0.502013404798759
-0.04757310633983709,0.11210496423981922,-0.6919685213394274
-0.008020037388681686,0.08087194721649955,-0.47012639978730236
-0.06551663808556693,0.127330446470788,-0.750147672712985
-0.07170764714022154,0.13594705895265805,-0.7481415774918678
-0.009102630231087263,0.07397708703446514,-0.5285775879884235
-0.07865215847675991,0.1473131962480469,-0.7375588965825621
-0.05629854493413517,0.1076115177288196,-0.8019452448538733
-0.03938020593139058,0.09618854850799229,-0.72129382351191
-0.003921830468976532,0.06653504740334709,-0.5098340167000478
-0.029790293684040195,0.10358368120557541,-0.5772173086355031
-0.04248844852089198,0.0953243539779812,-0.7604399662402743
0.0039127999021452455,0.07645016025216379,-0.3412314638950204
-0.048100671397468917,0.13082167274168485,-0.597001014898222
-0.04222271030681439,0.10200329363647154,-0.7080429242236839
0.016638980341646636,0.08559686142703898,-0.15609240146897235
-0.03930078229052026,0.10834480855644672,-0.6396317757524592
-0.05027159365652856,0.12991677328133694,-0.6178693607383481
-0.013335790326154168,0.08589123802189723,-0.5045426206932316
-0.0691732675126191,0.13502603363440704,-0.7344751589248192
-0.03479776506448245,0.1223240502697154,-0.5297222003490583
-0.03304345757884598,0.08857443440319351,-0.7117568179083171
-0.0307350953347858,0.10796626905082123,-0.562537687638321
-0.004990314275654561,0.07435903841630034,-0.47055899351146385
-0.04765142964561239,0.10296459958373673,-0.7541565738082805
-0.04293899856750051,0.11023568795762048,-0.6616641118576909
-0.07448688770380403,0.12930144364076016,-0.808087556965731
-0.07234103264836773,0.11892162690771414,-0.86057545048376
-0.016167113865395325,0.09391402394702625,-0.49158913573372853
-0.04020205199247266,0.09304456961573494,-0.7544991855236726
0.0037002290340062347,0.07385352979280502,-0.3561071629179727
-0.06981094552673381,0.1392806218228499,-0.7166176042327173
-0.06833704274950297,0.1297059644195817,-0.7581535913907212
-0.0106361042937648,0.07067303994272651,-0.5749873548201171
-0.050536649402606514,0.11515634944809999,-0.6993678576004506
-0.017479540215782883,0.09346071258765877,-0.5080160304925004
-0.037670324406832274,0.10478862735772905,-0.6457792807593352
-0.04314550667204079,0.12511413338743346,-0.5846302467326809
-0.02288863132228209,0.08590076809781436,-0.6156945099962124
-0.05242496960113836,0.11442762177337326,-0.7203240644499547
-0.01546793287542847,0.09254151331327248,-0.4913247173893726
-0.09106448938339883,0.14732025206925123,-0.8217776421295404
-0.04283347893794584,0.12012955605073938,-0.6062910854942559
-0.02533233886238916,0.10063797515748364,-0.5498157010393162
-0.03453749533760317,0.09427834345143107,-0.6845421013453704
-0.025913286560752674,0.084898253981028,-0.6585917134791426
-0.04104098747695448,0.09920782706425203,-0.7160824864246318
-0.08636286000456542,0.13273637411701997,-0.8766463659914372
-0.03821519104715591,0.09662503301072732,-0.7059784501142954
-0.055130752882808,0.10910083425415683,-0.7802942430714223
-0.06159049515469902,0.12533533876849068,-0.7307635344878877
-0.053876446650995995,0.14278281531178966,-0.5874407677691328
-0.04717163048404253,0.11693514768754708,-0.6599523925026082
-0.037171719468774234,0.11551860505870803,-0.5814796623854375
0.011728184040803892,0.06463221181659211,-0.28270448195469994
-0.0755347517038795,0.12316963038050867,-0.8568244572777426
-0.04035452423903837,0.10158532959315761,-0.6925657919386933
-0.019749390321108957,0.08728266245533532,-0.5699802105208115
-0.010288794718302704,0.09026160552884367,-0.4463558395870564
0.0026823822863719406,0.0733198155741436,-0.37258164794486576
-0.0597690131886411,0.13569466218573237,-0.661551543315459
-0.06873553972525658,0.13626935059100384,-0.7245616075591311
-0.046873333393296954,0.12483462481547995,-0.6158013732722364
-0.0613403585652968,0.11539455605600085,-0.7915482470504884
-0.08412027558366517,0.13497128301955397,-0.8455152313187391
-0.055293058599303224,0.1198609673821752,-0.7115999516952618
-0.05610860809055174,0.1252501171378616,-0.6874932340045065
-0.05286601581865707,0.11952773813404405,-0.6932785402977107
-0.0479763478006892,0.1179457265713839,-0.6611205854371996
-0.02845252475010387,0.08652062952247269,-0.6755906085371413
-0.034320745644553605,0.098880183934102,-0.6504917677683499
-0.016096153675426998,0.07877273489298793,-0.5851790437141507
-0.021244927609951336,0.08402757124869005,-0.6098584886892137
-0.011645169849383252,0.07816568562366885,-0.5327807146717196
-0.026056896249390456,0.08252367081345602,-0.6792826312356675
-0.03809549201264088,0.11173215589627818,-0.6094529499265587
-0.06994813325340203,0.12100524868401465,-0.8259818011233561
-0.04803497190803803,0.12182784498038379,-0.6405347802105741
-0.02754706064222302,0.09324619044560194,-0.617151868266349
-0.05050442166105927,0.11141895193680873,-0.7225379548240354
-0.047952799790240586,0.1292608871946172,-0.6030656409844506
-0.064474712198092,0.12855583907598206,-0.734892424001475
-0.05836527186957584,0.12003778006276968,-0.7361455020525056
-0.030947365225855398,0.10487156186401994,-0.5811619865534361
-0.06451684628904548,0.13424268612925586,-0.7040744566004865
-0.0509299091557397,0.1053178645276574,-0.7684347714293692
-0.043292995883409006,0.101859292718212,-0.7195513921952116
-0.0494919601878922,0.12172296686181158,-0.6530563807086384
-0.014376378886341346,0.11266759411825844,-0.393869943115701
-0.05099948294763219,0.11567828531207221,-0.700213378242209
-0.0813712429743868,0.12190473110498037,-0.913592458347474
-0.06698676748779944,0.12970536794688828,-0.7477467511407359
-0.028424106789194915,0.09148698909997306,-0.6386056352270109
-0.05918266869852647,0.1306682033566098,-0.6825123971065543
-0.06415101870950256,0.11014901005826086,-0.8547604618480318
-0.01594632825342849,0.0976299312003802,-0.47061723478147405
-0.037768509936246385,0.10657361668372219,-0.6358844904115674
-0.06584388266344082,0.11674065276711851,-0.820998344549573
-0.060255052820809396,0.10601630138252983,-0.8513318390079424
-0.049531840621609875,0.1058693142239593,-0.75122655893818
-0.03880772584093693,0.08449390143880367,-0.8143513871326233
-0.06201689846716049,0.11838472163141613,-0.7772700497083542
-0.01795500296005425,0.08505634137923083,-0.563802794505854
0.018340283233600742,0.07031998517620552,-0.16580943151769328
-0.04150570896823897,0.10283992509479657,-0.6953107842340986
-0.02743666537406366,0.10380540822155127,-0.5533109147018326
-0.04263185096263397,0.10585247138244804,-0.6861611260847468
-0.07655149485255491,0.14329404044603236,-0.7435863663338079
-0.07797726684616116,0.1208438608443337,-0.8935271191413954
-0.047547824898404645,0.10567282913336537,-0.7338482894267427
-0.062399814884279814,0.14842186745412803,-0.622548526502251
-0.025170462212831594,0.11537571962948479,-0.47818087193739617
-0.07014559648016193,0.13767061749026185,-0.7274289772634
-0.02715351533691964,0.09966511770565263,-0.5734555544871253
-0.07391600390263717,0.14720712779589357,-0.7059169311877299
-0.07529349335462063,0.14808878931874297,-0.7110159644022025
0.022255025154139463,0.05758144731547197,-0.1345046921698247
0.0005892656612946686,0.07396467069619377,-0.39763219469344313
-0.0683282477033595,0.11888280447748698,-0.8271023562703728
-0.04962574461299715,0.12719948114329999,-0.6259911117349027
-0.07348202122406697,0.1343120232049428,-0.7704598497944356
-0.05625583533963818,0.12246560010806891,-0.7043270539933036
0.0021883067852382313,0.07513672114625522,-0.3701478157481176
-0.017424022801237324,0.09395643264415784,-0.5047448212603687
-0.025636782217642713,0.10307631426736316,-0.5397630155200347
8.526178434566534e-05,0.08975719019698383,-0.3332851457359856
-0.04937864992079488,0.11751651237850091,-0.6754680539287076
-0.008449093401771782,0.08270935031099295,-0.4648699724662386
-0.0570413513104591,0.1256271402545763,-0.6928546740304261
-0.010419032514836729,0.07992751276971465,-0.505696112817762
-0.057427800399698456,0.11446989316745601,-0.7637624005798787
0.014077527385259428,0.05763986430720145,-0.2762406332166059
-0.06993217510117981,0.1308458298359437,-0.7637398549611871
-0.05064834528378996,0.12659839555664457,-0.6370408165852707
-0.05450725114352912,0.0998680389875983,-0.846189151206056
-0.0622267665277444,0.12129243504148628,-0.760367012964985
-0.034419825907829084,0.12313129670462089,-0.5231799520666586
-0.06484167851690353,0.12290261262029398,-0.771681549276057
-0.021558780836203252,0.08194534476084506,-0.6291849889298282
-0.044816808369559244,0.10398404620203489,-0.7195027612619976
-0.05967897436655739,0.1188826394779567,-0.7543487826343704
-0.06527301577672098,0.11241099722376993,-0.84754177197687
-0.041911258994351205,0.11156276938394866,-0.644581157239519
-0.0957735727146557,0.15168028325509564,-0.8292018581157969
-0.029294520924477072,0.08939940902057493,-0.6632540592167747
-0.021239633666226526,0.07751399248611354,-0.6610372143507637
0.0006119925179132041,0.07178463015520826,-0.4093913616124492
-0.05740218126755765,0.12257576924687155,-0.7130461575283027
-0.06342645666848616,0.12221293414230902,-0.7644563754577491
-0.06992429897426354,0.14938412235042733,-0.6689084315122844
-0.0067000848619717685,0.08324152749132531,-0.4408867300734759
-0.06047652019572715,0.1116605643165758,-0.8102817744966033
-0.021284787713627094,0.09850275867816594,-0.5206431616924334
-0.06309186468067413,0.14569454363103868,-0.6389523063843957
-0.029673232003130046,0.1049510340484449,-0.5685816489962849
-0.07981949416810002,0.12683961031732616,-0.8658138722860677
-0.043892822104344156,0.13105081605250865,-0.563848622466702
-0.06587712057322936,0.1200954973867605,-0.7983406760410237
-0.0746004344905142,0.10919059197428609,-0.9579619690600006
-0.04899074499669956,0.13762277057972064,-0.5739656647221955
-0.07561385863796463,0.12198560858422097,-0.8657894965130005
-0.03447888004506447,0.10791061157985302,-0.5975212178030387
-0.07664710695580954,0.1331953895330913,-0.8006816702113698
-0.0377781786885161,0.11112159594988423,-0.6099460515225502
-0.04003268241036505,0.11067966571038083,-0.6327511197370428
-0.07345737877794888,0.14432420185588746,-0.7168401241619512
-0.05536854153644702,0.10791300439238175,-0.7910866907758313
-0.029758753856570556,0.09954341467952978,-0.6003285506023476
-0.055059321463056296,0.13274896720325344,-0.6407531693472313
-0.02212922350276266,0.09018489990868833,-0.5780260726079774
-0.04902624872129663,0.0987944018832755,-0.7999061405793546
-0.03792340989211494,0.12559206194240846,-0.5408256608069857
-0.01832966215688164,0.09315314234506929,-0.518819450854948
-0.05761401004212152,0.12159501348563287,-0.7205394985418017
-0.06386365282344024,0.1253932131368728,-0.7485544909115894
-0.012068454659717037,0.07142707060157745,-0.5889707404406413
-0.01604720011601153,0.08719730049594893,-0.528080569628997
-0.06140491233666466,0.11653961442066109,-0.7843248220019823
0.008697513386702858,0.08190673237079203,-0.26008224228578325
-0.05769337886896265,0.123929712294377,-0.7076057649569925
-0.028746866768750386,0.08681097277568359,-0.6767216734288897
-0.025887099719945066,0.09710026732053127,-0.5755607194721705
-0.05662775386685821,0.12741696724568435,-0.6798761243455378
-0.004210555103691517,0.07648155419737507,-0.4473046535561337
-0.03913970149762957,0.10659919019727135,-0.6485949974824421
-0.0873698587088314,0.1302223100958649,-0.901303767552795
-0.025785639746614623,0.08970722952388636,-0.6218633664498642
-0.009602171799508247,0.0940699796390312,-0.4209862907536619
-0.04451447958302396,0.13659392437314966,-0.5455182573088976
-0.08175328629159001,0.12159172391124601,-0.9190862889086315
-0.048928260953522595,0.12139920354167248,-0.6501546851287953
-0.052015984597695866,0.12260183344370128,-0.6689621377918266
-0.08689008595881031,0.15138583114055107,-0.7721335945256733
-0.03636103432690077,0.0873940079746828,-0.7593316277029533
-0.04768602308334478,0.12740134444167084,-0.6097739660739011
-0.03001807492399635,0.08513550681413308,-0.7049711356629046
-0.04080377893042336,0.11005963744202349,-0.6433219350529019
-0.020045107842278226,0.08669418640762955,-0.5772602514195114
-0.00035085210415064516,0.0650049550159838,-0.46690059391146105
-0.01926060990948204,0.0719217443473064,-0.6849195657936923
0.011197027455041489,0.07612913690846787,-0.24698785916311958
-0.021014628954210725,0.09883996866657654,-0.516133601036457
-0.027348041153837464,0.11828190123589416,-0.48484206420951964
-0.01753585486050871,0.09463759286667284,-0.5022935751068615
-0.02817403497089539,0.10170695039587246,-0.5719769862773926
-0.0058910014716401955,0.078517936427716,-0.4571057659504542
-0.06844224009850068,0.13371539862874895,-0.7362072065597948
-0.011583970803647297,0.07322478615152948,-0.5678947387786767
-0.02601452542439133,0.09794768658755341,-0.5718820666001244
0.006253488583953821,0.06217670622889738,-0.38191973901971826
-0.06540425738897061,0.13314286895375255,-0.7165555176831099
-0.06581369923321413,0.12738148291969792,-0.7521791789283508
-0.0842048540684095,0.13699846948714323,-0.8336213863989712
-0.01810221071571194,0.0971561143676326,-0.495102248878503
-0.03412866673364178,0.08877336358417275,-0.7223863571738672
-0.05028535285469421,0.1031732502226312,-0.778160547248937
-0.06385481638685267,0.11461039213984821,-0.8189031957270553
-0.022213059594465862,0.09680884383576456,-0.5393418361967518
-0.008369222720571947,0.0890303465624572,-0.4309679137737029
-0.040659331727680506,0.10490032115047197,-0.6735854662096293
-0.008524336453244718,0.07312937882375002,-0.5267969873789394
-0.060493156422288405,0.13075961243752204,-0.6920573924576806
-0.02748816262261307,0.09008495232292422,-0.6381549985899683
-0.04147680117271983,0.10759412610612433,-0.6643188040044068
-0.04937202022981382,0.12089083997451554,-0.6565594237458015
-0.043915877457817706,0.11827779036709529,-0.624934547968872
-0.026571438381745152,0.1006016247225779,-0.5623312599348994
-0.05476177204470689,0.1189339658319037,-0.7126792708191169
-0.07339156865098082,0.13353493802324473,-0.7742660473844172
-0.062001772237724614,0.1442041590583374,-0.6379966627765955
-0.04413832742521448,0.11974394022862773,-0.619140536745841
-0.0327933458953692,0.09488815180423302,-0.6617617131474991
-0.050032494492127724,0.10149522792631953,-0.7885345560308247
-0.07637779764752162,0.13333095461482358,-0.797847716269892
-0.05084243391624736,0.1265103060320556,-0.6390185626123079
-0.05495694699168177,0.12366823040311986,-0.6869747122179125
-0.031200696125730776,0.11949667726649411,-0.5121539571284042
-0.05414193662240233,0.12595088896761886,-0.6680535350888605
-0.058220246571614995,0.10390724481439542,-0.8490288307538
-0.05767599380680169,0.11637061646316665,-0.7534203776823051
-0.06560170071505858,0.11303257432733692,-0.8457889354815599
-0.03640294783679051,0.11873274968507375,-0.5592639605577856
-0.03223258512483736,0.09376071798358006,-0.6637383593386721
-0.03540696951727271,0.09206757323187613,-0.7104235206954185
-0.058304255591667,0.1055631639530707,-0.836506336916196
0.007196866174555479,0.07187886509136455,-0.31724393250310323
-0.038706796482118916,0.09693068934180914,-0.7088239746220767
0.00823089959483465,0.08376936023499726,-0.2598694838315195
-0.025016721513902385,0.0839416502332059,-0.6554162487996774
-0.032273799173628534,0.0931109373076164,-0.6688129340583342
-0.06661661412750249,0.137375669870384,-0.7033022238847804
-0.037135959289202394,0.10430839623311253,-0.6436294844296551
-0.00443751214081267,0.07715466350802146,-0.44634388350656656
-0.05772751516660533,0.1280491331485348,-0.685108231578912
-0.07143437847073292,0.11440362137434235,-0.8866360806781411
-0.013091944914387876,0.07422061010979071,-0.580592706670616
-0.01721046808750807,0.0914976259934359,-0.5159747870496113
-0.03777635733804699,0.09887781184399833,-0.6854556757888132
-0.016216137570171037,0.09066746443296468,-0.5097323263555155
-0.03936269104238258,0.1165977418542816,-0.5948888026413823
-0.059043190791576966,0.11561015249476814,-0.7702021740314421
-0.06637600500131781,0.1261358707647518,-0.7640650071783524
-0.03719813868238784,0.10353947981377683,-0.6490098154177373
-0.05573134316062503,0.10962456019167482,-0.7820450363561476
-0.06125904171949413,0.12480067707644832,-0.7312383542886726
-0.038913045529826606,0.1135355507242248,-0.6069732792085079
-0.03760293937647586,0.12414938588992792,-0.5445289873315466
-0.017917369408903323,0.09460066480440403,-0.506522544085468
-0.013731853996368618,0.07613646503188644,-0.574387765153707
-0.060738729296502064,0.12218697409544163,-0.7426219526937873
-0.06648297946019889,0.13465855539535948,-0.7165009247048838
-0.08791478570411898,0.14044476254909674,-0.8395812244183779
-0.07923542100348793,0.12109832501168113,-0.9020390743881147
-0.03348118431895138,0.10395542028617863,-0.6106577621849268
-0.062446401501023624,0.11814899142453024,-0.7824561207538991
-0.061316442388006036,0.10305441887575978,-0.8860992413929888
-0.008680931864951802,0.08284404890440335,-0.4669126192707829
-0.013227090270776891,0.08228726486034059,-0.5253193230342833
0.012931188398260931,0.062338034973519925,-0.273810549353851
-0.04741874722048336,0.11884280521666332,-0.6514382345598506
-0.042289057832910176,0.10366111077124512,-0.6973594754587817
-0.03852495285933688,0.0918757988198638,-0.7458433422025562
-0.04629837545589267,0.09118645070940992,-0.8367293042147006
-0.003351466171157603,0.0638945341858601,-0.5219768262828701
-0.04039107576937642,0.10813604150865903,-0.6509492560233937
-0.07082710038484295,0.10936247115364285,-0.9219533842024419
-0.08402422342659276,0.14239728887637634,-0.800747151342074
-0.015013300552086887,0.08308282840273379,-0.5417882541731782
-0.017646897783211265,0.09307859452104096,-0.5118996266369321
-0.004164416512907405,0.07814679739232934,-0.4371825545375565
-0.0754367918989734,0.1429559411605205,-0.7375474642259318
-0.08878721363804806,0.16672374531006107,-0.7124792777245735
-0.07599265655212051,0.12386546330858655,-0.8557079085722269
-0.07319217782981749,0.1317754262022594,-0.7830912090652618
0.003377544330062648,0.09461967002842896,-0.28136280397023683
-0.0834712423709044,0.14698656392347045,-0.7719837741766926
-0.07531527378075074,0.13412561786161087,-0.7851987969174816
-0.07441596014038984,0.12888673765881373,-0.8101373503362121
-0.023115119216063407,0.10639901702716836,-0.49920686017710836
-0.003777405937675081,0.06724676241193547,-0.5022904408507257
-0.015837457786286487,0.07507699016705341,-0.6105393634493579
-0.04444264409261557,0.10527068526371262,-0.7071545502542326
-0.029858338892535172,0.08975600774609423,-0.6669006386944604
-0.05363356957503019,0.10969522854183622,-0.7624175699049072
-0.0916624226975743,0.15269112638162075,-0.796787773989587
-0.0060981036362028635,0.0913066893616385,-0.39535004377641014
-0.056243060275500495,0.13597034983582976,-0.6342784318759945
-0.04360861440604438,0.09809018619289511,-0.7504177253909221
-0.03991583034590757,0.09967872962020015,-0.7014117315931256
-0.09179025734943383,0.14559188214204175,-0.8365181873987543
-0.050635382576541814,0.11043080352469746,-0.7301892225977329
-0.022985672866506983,0.09191339952594577,-0.5764738671378369
-0.07087810717205867,0.15862397919609722,-0.6359574869027158
0.007531541722289564,0.0701965717574948,-0.32007913941055827
0.009927618931744955,0.06895715960492488,-0.29108480081336596
-0.06733495938630642,0.12400485971560413,-0.7849285875532368
-0.043980469952410485,0.09206055858707826,-0.8036065725414192
-0.05777118568401855,0.12791632747350606,-0.6861609257989185
-0.06042431456972088,0.11398430547327389,-0.7933049571541483
-0.07004232031221527,0.12071647324220201,-0.8287379313301614
-0.04725901686724332,0.1186488940753217,-0.6511566540030039
-0.03489099837560388,0.094863690165981,-0.6840446356457932
0.030124761159872754,0.05623495110286598,0.00221856972267193
-0.05383139792682845,0.11600129223104441,-0.7226764143269896
-0.06218689622702807,0.15411527423083887,-0.5981684598565327
-0.033063799575026004,0.09647306865815675,-0.6536933099794581
-0.05152541814630089,0.13993954844545725,-0.5825759697808099
-0.049714755492502635,0.13019227874534414,-0.612284816432352
-0.0421098576372997,0.09379750946620194,-0.7687822208465253
-0.09918743314172176,0.16911004175932662,-0.7639252630874412
0.0010151575256277662,0.07199339446623348,-0.4026041929161539
-0.03720866582808603,0.10280423230804898,-0.6537538807419699
-0.06515938955050782,0.12386086968284554,-0.7682764523950956
-0.025906128286674136,0.09400610808205762,-0.5947074017559993
-0.025493685295629558,0.09713207854516717,-0.5713219167839033
-0.035253390521464346,0.10444696458266886,-0.624751430376101
-0.025499413464411324,0.08827918693384573,-0.6286806142199886
-0.040464777989447406,0.11234642720265148,-0.6272097808890924
-0.04134179970147779,0.11345113928186469,-0.6288328187188321
0.018160054957038818,0.06642869641913217,-0.17823539646566286
-0.047337928602005155,0.12487421114140823,-0.6193266639692904
-0.04431979390015736,0.1178503653307056,-0.6306284557676592
-0.062144604583276204,0.1161553675848517,-0.7932875294459759
-0.021374943899483512,0.11333794798599837,-0.45328987168384505
-0.03553011536804501,0.11204980890852971,-0.5848302286846344
-0.01973545750109828,0.09484612000803251,-0.5243805175887657
-0.036883293489355415,0.10325262238425595,-0.6477636300649914
-0.0634246564923703,0.12957156011187695,-0.7210274879125013
-0.08041700470087045,0.1201193481253462,-0.9192274718777925
-0.010544340174737838,0.07598460225947845,-0.5335862657579452
-0.043684209465739386,0.10345956748253374,-0.7122029528895809
-0.05859326314171804,0.11086017935197305,-0.7991441440883911
-0.014013617685620969,0.10221662444075484,-0.4305915786832839
-0.038175459673526396,0.1050659836282523,-0.6488823244138361
-0.06633970273529799,0.14027136456868497,-0.6868094784101462
-0.08150079704875007,0.13601770656690232,-0.8197520739250721
-0.08819210818593208,0.15399163447911884,-0.7675229150318477
-0.06785072173878642,0.14098122841311483,-0.6940691526112693
-0.03887740274639272,0.11831548053330311,-0.5821503867112748
-0.04503400119305788,0.09870010736300941,-0.7602220828097999
-0.04628824115242354,0.1040133599566549,-0.7334465609438524
-0.06327280794695568,0.11616264838391994,-0.8029500811542031
-0.06066562060495742,0.12163099143168812,-0.7454154532307512
-0.02661250046917089,0.11313269217518657,-0.5004079667927123
-0.0552039304443689,0.12073224445024666,-0.7057263851288803
-0.05620624718996099,0.12565446126657814,-0.686057990468583
-0.03319865504366723,0.12241165402278834,-0.5162797247384802
-0.08399906322987688,0.15557288974516467,-0.7327694652751673
-0.067855786212275,0.1304699681208097,-0.7500253707555494
-0.03361355502264677,0.09915489728599904,-0.641557368963451
-0.024004066320724306,0.08440301027552821,-0.6398357848189478
-0.09239460748168343,0.15761922397352182,-0.7765208100646676
-0.029265988238990175,0.0937975652782654,-0.6318499639427547
-0.0675759715016885,0.109451407875195,-0.8915003780760152
-0.02822336109194043,0.10106918817288829,-0.5760742927146494
-0.03890957387978869,0.12128522070404477,-0.5681613429878568
-0.05009193252309265,0.12441010616518187,-0.6437735244494763
-0.04831346237415979,0.11963987704551848,-0.654576586904753
-0.07614526542763483,0.1368428981494191,-0.775672445286379
-0.06455175114786829,0.13630411507010523,-0.6936822934453412
-0.026136607615570472,0.08820235819611039,-0.636452457322689
-0.02882495689662125,0.0883595394455732,-0.6657453995995037
-0.05253746622508602,0.10291066402361085,-0.8020302561272892
-0.06643433178352444,0.1464683813311659,-0.6583969243538359
-0.047159079941490954,0.12476730324294764,-0.6184238813853845
-0.08809172644442084,0.14087085973595628,-0.8382977619769489
-0.02066462950237413,0.10701763619482542,-0.47342317868186945
-0.03959327376887784,0.108071930208305,-0.643953278476096
-0.09960354253850291,0.14013493307157415,-0.9248482137734186
-0.006260258876951974,0.07979166106147051,-0.4544366966996403
-0.06488759735674535,0.11655994561543408,-0.8140669323045822
-0.06233880837143854,0.13008018869555601,-0.7098606582402133
0.026631066564326886,0.065609644543341,-0.051348143388395176
-0.027369201407710087,0.09752010006948787,-0.5882807889535768
-0.029937353112985128,0.11683406089635598,-0.5130126664531144
-0.08772888486731063,0.1322784689193396,-0.8900079191202238
-0.0350552062119196,0.0963564302611816,-0.6751516845900414
-0.027425466580325172,0.10072377172377775,-0.5701282388213904
-0.038829133784516114,0.11438999865488722,-0.6017058710890669
-0.08616744019082594,0.14121874081143726,-0.8226064014119687
-0.052437254797467414,0.12234839059992976,-0.67379108456793
-0.06773178613103267,0.13456886354049338,-0.7262585382659786
-0.07626812956532313,0.1578129812126728,-0.6733801538297631
0.011052010068792164,0.0619154663765262,-0.3060299960591353
-0.0228992114229252,0.09446878520640425,-0.5599649800444246
-0.06795565436824422,0.1357092055772501,-0.7218055249205969
-0.0517798565329661,0.12613086138119473,-0.6483730915450557
-0.07483751518203897,0.13254990086166676,-0.7909286578150722
-0.034386863835509346,0.10689703277081677,-0.6023260156673607
-0.04147207297567125,0.1176276455097981,-0.6076128844194012
-0.0754746854106072,0.13979184670135228,-0.7545124261498642
-0.07990183721097976,0.1449022686500091,-0.758454910574465
-0.011025328496278741,0.08613371631829843,-0.4762981356182728
-0.0011285977659922855,0.07275830136638008,-0.4278356858448607
-0.03847201134971943,0.08932732171273157,-0.766529322013248
-0.019013150879277303,0.1006589601925206,-0.4869228808397644
-0.027355449459535674,0.09254069214003288,-0.6197862597866161
-0.027109104160075483,0.09110989393702987,-0.6268156145538502
-0.040709775003495444,0.09666980496025947,-0.731456684251757
-0.04005804447155164,0.09881627771319249,-0.7089727127234072
-0.00864899080489661,0.07560381215802782,-0.5112042594375018
-0.02513198761733344,0.0937626061176307,-0.5879954696242885
-0.04890723708823065,0.11497019998797087,-0.6863277362002204
-0.07006191345313362,0.11318491900058125,-0.8840569427153078
-0.002541829041790686,0.07488555010445168,-0.4345541829685536
-0.04098467174292212,0.09241213936489996,-0.7681314622814971
-0.056151351926885085,0.13022008358778414,-0.6615826802845555
-0.015227343355974001,0.09308106620837825,-0.4858919778027111
-0.023190922415633086,0.0813718713945161,-0.6536770201307891
-0.050297782285800424,0.12643683589007582,-0.6350821872481158
-0.07187400814780276,0.12190629927367627,-0.8356746842023186
-0.05174068905485032,0.10545025428093707,-0.7751587666832883
-0.03393114672059068,0.09455142968270609,-0.67615208924
-0.025197511345187187,0.08510584273798406,-0.6485748753481491
-0.01085085840825722,0.08507050776820874,-0.4802000067939336
-0.05718507750174995,0.11153691411621222,-0.781670159987664
-0.07569782905519956,0.11523053832941234,-0.9172727176977913
-0.04364704882800871,0.12438113150636465,-0.5921078859476379
-0.01987407472112896,0.10314529828975394,-0.48353221666996005
-0.03191291756546691,0.10223701145422735,-0.6055822317653133
-0.04313208738431465,0.10268947227599003,-0.7121673309194108
-0.06420786858948323,0.12893330905460135,-0.7306713003820261
-0.008797561474995112,0.09278489709314314,-0.4181452228809151
-0.029648729329250445,0.09395940835555325,-0.6348350886111667
-0.06161965673461747,0.1154457507754707,-0.7936165352054199
-0.02967027140636891,0.1147632996312623,-0.519942103425844
-0.03482661749181595,0.09575076479970383,-0.6770349837666932
-0.07173913431095003,0.12282071428994516,-0.828354849579954
-0.028339885606111618,0.08886950480396331,-0.6564668694261682
-0.0458416975450406,0.10985524852160723,-0.6903784622554782
-0.010816689033033865,0.07729192760697604,-0.5280847599064139
-0.07378245615674031,0.1516094370128472,-0.6845382332495958
-0.047384101792180625,0.1165097132809731,-0.6641858400729411
-0.0740648257601279,0.1218145290413709,-0.8542891113159843
0.010884451261500058,0.06894244897474257,-0.277268200111415
-0.03546768993416183,0.09011808312423694,-0.7264656289227541
-0.026591068035142502,0.08891445300728285,-0.6364664699731911
-0.05857972268234428,0.11376343616808433,-0.7786308647663264
0.0007673345339530499,0.06905439852820093,-0.42332807307138737
-0.04625687462080899,0.10995261395869253,-0.6935430807443786
-0.008285635382841532,0.10394101331137472,-0.3683400244343372
-0.04447203896078394,0.13132010835612143,-0.567103087965983
-0.06628126608402077,0.12811740945570296,-0.7515080619649147
-0.01201197869464678,0.07274062598070412,-0.5775586631023946
-0.054537076485007815,0.13336225943297134,-0.6338905537776724
-0.019238110234330683,0.08476527004362291,-0.5808759909452442
0.01469205126878254,0.07206904339320563,-0.2124067145958625
-0.05537191449634309,0.11371014151054883,-0.7507854036785557
-0.044833525034646424,0.10516160694434555,-0.7116049973851237
-0.04131609934391481,0.12246597540576343,-0.5823339838483708
-0.04783639885826192,0.09992691877302548,-0.7789332425535898
-0.015171353316070307,0.08074350913940734,-0.5594425334930627
-0.051341588053477744,0.12157624105254199,-0.6690582580055596
-0.04473739630013483,0.09815895847710705,-0.7613914966056341
-0.014744099879599036,0.10633520430769298,-0.4207835041171022
-0.03331523499687923,0.09903256850441781,-0.6393375023293953
-0.05179156442773622,0.1081350077999933,-0.7563837659217452
-0.033951859599968215,0.0988064675252311,-0.6472436592638791
-0.053957100688565185,0.11266389532262222,-0.745199697277883
-0.05916765018504562,0.12046535561338116,-0.7401933089478298
-0.07627315462956073,0.13219791114922955,-0.8038943558616137
-0.03398582641347593,0.09243953125191273,-0.6921911605014976
-0.05543414277143949,0.12959290324568662,-0.6592501644127112
-0.005819237424634648,0.07165957230485148,-0.49985279387733134
-0.06982338703526715,0.10803559612227717,-0.9239860806829329
-0.001700533872371263,0.0905694098986098,-0.3500136956601486
-0.0551331011434563,0.12704853568608024,-0.670083292843364
-0.00847991409853749,0.07276966919486312,-0.5287905596423107
-0.038863115766301,0.10292600747850615,-0.6690545708836666
-0.0033100545127295617,0.07141690295007778,-0.4664169564453688
-0.02234530305268851,0.10795651406356141,-0.48487396528818294
-0.06325402220647285,0.12031107710354685,-0.7751075333338833
-0.04167291062308158,0.1000812039785575,-0.7161475659149501
-0.03108576712847818,0.09925396056350347,-0.6154491647655211
-0.06019328694342705,0.1214142815474977,-0.7428556656915447
-0.022878198202168184,0.10088593661165517,-0.5241384476184688
-0.0664400000956775,0.12870594508084915,-0.7493049371969325
-0.03605482655727193,0.08720426241326103,-0.7574724529431611
-0.036722143859213914,0.1270541563653185,-0.5251472739496054
-0.018756127199573126,0.10029892241654409,-0.48610818566013736
-0.06867577141314127,0.12910539101063562,-0.7643040359562709
-0.03388997900781279,0.10256607639202504,-0.62291530743181
-0.0268549485853295,0.10848215055470378,-0.5240949621169201
-0.04580514952513749,0.10661842051882744,-0.7109948652048478
-0.05936911805086405,0.11150225517314738,-0.8015005428552663
-0.06961209065214147,0.11543843090757197,-0.8629023269720101
-0.052017908217028355,0.10704655867713177,-0.7661891164984246
0.007834022621255732,0.07630134275608319,-0.2905057313290475
-0.03427958188088223,0.08877360557630931,-0.7240843881870704
-0.0686785834764036,0.12220901190651766,-0.8074575020039162
-0.046862360931287345,0.09953396018285106,-0.7722224735164325
-0.06896548989708798,0.13152229518100308,-0.7524617005876463
-0.03066151609349042,0.089051537829985,-0.6811956039355984
-0.028093504892702154,0.10512817055645675,-0.5525969355806903
-0.03510457217375932,0.09783655118915122,-0.6654422236111952
-0.03784792565999213,0.11979737769417444,-0.566355682953246
-0.02244840500779359,0.08677136746265894,-0.6044436839187092
-0.049455525597386224,0.1234554042488293,-0.6435969820911237
-0.018504981552348365,0.08622654411004674,-0.5625295789477984
-0.08719394206858196,0.1300534476646659,-0.9011213787331397
-0.06549120779817329,0.13309543597406728,-0.7174641797392592
-0.01726969174672894,0.07592648205560254,-0.6225718677722005
0.0020847707633798156,0.07288784457904982,-0.3829888151836482
-0.028542913786426635,0.09606764868082658,-0.6093925956377735
-0.03790164387505533,0.12228403129446365,-0.5552780944189362
-0.02956056270415407,0.10349180272242361,-0.5755099547729595
-0.06362712101844656,0.11607002347972198,-0.8066434227507819
-0.018784377585193843,0.07403209248440792,-0.6589625653964656
-0.054863001510003805,0.12258994288903119,-0.6922509262184915
-0.06697901571078954,0.11505498890201854,-0.8428927475137771
-0.05476853877042196,0.11312396281670417,-0.7493420196724652
-0.004996628642307332,0.07469028478267407,-0.4685566368388719
-0.016882529105971607,0.07547630576189497,-0.6211555882699383
-0.06815640768137866,0.15467816981729965,-0.6345847497246542
-0.00680938135872014,0.07151721788147875,-0.5146925796207865
-0.0500818736710006,0.11547086419766323,-0.693524502717121
0.00798320343262114,0.08528714426350217,-0.25814906522553993
-0.023632635480542778,0.0821477805669197,-0.6528799087499662
-0.0776613494227289,0.13110837321607102,-0.8211630331595936
-0.07132913261700763,0.15011985939551348,-0.6749881929348248
-0.038405796615821226,0.1269477251178912,-0.5388501176550862
-0.057619046708934266,0.1199036608854177,-0.7307453839350639
-0.0377547441499852,0.10455236067744032,-0.648046048037296
-0.02559405070869034,0.09121685140262777,-0.6094712748119344
-0.06231572648311099,0.13260649913348746,-0.6961629112173602
-0.07253366330122464,0.12950402448635562,-0.7917411347477271
0.012162601705683555,0.0674874567991508,-0.2643068673842943
-0.06699204745700271,0.13747359343559687,-0.7055322046443865
0.006336792382648879,0.07595960370350975,-0.31152357916077106
0.013203459993875942,0.07490948756292216,-0.2242244681224841
-0.027711450976442134,0.10528769676468083,-0.5481310043796273
-0.08737174174099707,0.13004467949393395,-0.9025493560962791
-0.0308487342709253,0.11514498221605463,-0.5284531996083905
-0.0885377184371158,0.14398055171037805,-0.8232897917738127
-0.02185225146583092,0.08818048604134143,-0.5880241059401868
-0.045535320775884555,0.10845369815729126,-0.6964752890799083
-0.0387676142263529,0.08537320026768994,-0.8054941598854233
-0.035328259567715625,0.09746206319744796,-0.6702942398763649
-0.02718002810961984,0.11885624309821548,-0.4810856091284139
-0.030231109929633328,0.09477397740729236,-0.6355237120711877
-0.016107916705197636,0.08234520924527021,-0.5599344166806645
-0.0332051982362493,0.10625402109707571,-0.5948499415236608
-0.03698679358713204,0.11157060121997883,-0.6003982487739502
-0.05689587172433735,0.12620620115466202,-0.6885229959330524
-0.07232094019947968,0.12894878284002959,-0.7935006282798055
-0.07232009704150838,0.11984414039095716,-0.8537763857934012
-0.009904882242557766,0.0855243194140148,-0.4665910528838256
-0.03503899418171093,0.09987813595157126,-0.6511835003933887
-0.05590877018122921,0.12637847924975643,-0.6797737296035297
-0.03019287546265334,0.10381654825862202,-0.5798003928304781
-0.06811777995101828,0.10984909082072927,-0.893205207416271
-0.0659927549261442,0.1215461421274688,-0.7897638974462385
-0.03851184664597009,0.08827434555739913,-0.7761240960027423
0.016610267298867793,0.057153978259644536,-0.23427472782916445
-0.05282450241587376,0.09801376966400602,-0.8450292515000546
0.0008370524709270209,0.06993927973959153,-0.4169752339122859
-0.08260925460287023,0.1412531439852123,-0.797215916232344
-0.06255676641392655,0.11110814800487286,-0.8330331130158636
-0.025925368100960383,0.09860264357121487,-0.567179195967183
-0.09970047712188412,0.15663034286792077,-0.8280673766465201
-0.05216839982481017,0.10129487536612732,-0.8111802253353383
-0.07545802321230832,0.1260170973014577,-0.8368548829531598
-0.023148348278099192,0.10591786220215937,-0.5017883402580198
-0.052093072633083715,0.1295872340027069,-0.6334966037732459
-0.05647830216630302,0.13115368411195075,-0.6593661684141978
-0.04980781691348886,0.11147839396322372,-0.7159038991880089
-0.08522511731682642,0.12368435577489455,-0.9316062374657638
-0.06189173671068639,0.12147711243810917,-0.7564530870578925
-0.06282855990081705,0.1185582537730407,-0.7829784679396619
-0.0032909995785801397,0.08786749067017878,-0.3788773222572375
-0.05112390397468806,0.1455537015764033,-0.5573468973724788
-0.07062510273851338,0.12359995314276537,-0.8141192628308309
-0.032427225351431624,0.1009975373819306,-0.6181064110044374
-0.06363569060838185,0.11942910422663612,-0.7840274044984288
-0.06687685376188432,0.1243334486093965,-0.7791696831818019
-0.049802473721131814,0.10224851155549572,-0.7804756519885255
-0.06294814300794083,0.12746379340743388,-0.7292121199534294
-0.06372693368068155,0.12178109841171912,-0.7696344909273877
-0.03723176687270582,0.10649671673640007,-0.6313036583007289
-0.035267936564519396,0.0986502887689762,-0.6616091790401837
-0.05363466445089839,0.1199456764316688,-0.6972711892499415
-0.04521209381419715,0.11765955997879224,-0.6392348724383627
-0.057888472466027574,0.13056157568494978,-0.6731572593617123
-0.06665122143076617,0.12669161752545288,-0.7628856850876383
-0.017783436753911662,0.09151204752969741,-0.5221546019763684
-0.07225178827290027,0.11663551760802354,-0.876677965425055
-0.053654554098846334,0.10912704210935295,-0.7665795066177878
-0.04211811610989778,0.10946512672242659,-0.6588227526814951
-0.0215179537540795,0.0812301673641222,-0.6342219328829549
-0.02274716153381032,0.10766759067600176,-0.4899075125823098
-0.013771743170548738,0.08440336441274872,-0.5186018765377228
-0.015759173957172107,0.07683871141268554,-0.5955224016109356
-0.03081063122329229,0.08844772612223421,-0.6875318777472286
-0.049953255194845406,0.12611258698666586,-0.6339831503361281
-0.02503283834817884,0.08782454583495497,-0.6266225213575232
-0.028036330464290868,0.09721723966020233,-0.5969757078800202
-0.03490603522780875,0.10698570028870458,-0.6066795380378648
-0.043331050082708183,0.10041454103640009,-0.7302831773749363
-0.011663428727308163,0.09295762510264416,-0.44819807607286916
-0.03877799814826566,0.0909010177769853,-0.7566251713155093
-0.036830559691342614,0.12020534056537187,-0.5559699708599704
-0.06222133895624794,0.14055468723194786,-0.6561242515097438
-0.019995922262557947,0.1129779559698219,-0.4425281182809911
-0.043883758962692115,0.12089989768481774,-0.6111151487928035
-0.058328100138514895,0.1518255445655341,-0.5817736428430124
-0.022071524768542378,0.08594787856507034,-0.6058500295515672
-0.004018805674522764,0.06888687624047736,-0.49383580053429094
-0.056734126651614196,0.10958169886932503,-0.7915019345980727
-0.07311853531742218,0.14090611669972578,-0.7318244071488408
-0.03985999079612822,0.09685329990508955,-0.7212969600889886
-0.05370287254804089,0.11317710860433856,-0.739574226451233
-0.022447706317951004,0.07379232657629317,-0.7107474279690291
0.022126365113902792,0.06547543139077842,-0.12025327239319467
-0.09037603427890509,0.15565691076575122,-0.7733420487835553
-0.0670964022683011,0.12819486156639345,-0.7574125911280295
-0.039231558745662753,0.09527937337539118,-0.7266164364127098
-0.043239414652038274,0.10849775044298747,-0.675031642158549
-0.05784654046586753,0.13387157741669392,-0.6562000848950404
-0.08081275691729702,0.12660101595748682,-0.875291213733296
-0.039380985708428434,0.1103323265661708,-0.6288364241718208
-0.06794317180374555,0.11980126889916588,-0.8175470318781196
-0.0800817220306411,0.13761483657623663,-0.7999262635439559
0.0017145623067645836,0.07108341478312867,-0.3979189488790406
-0.021288637400254495,0.1065095353356125,-0.48154033569523647
-0.04972356670206243,0.10871839338817742,-0.7333033925309272
-0.038447916406317256,0.09951176058517597,-0.6878374576413009
0.01355320042781024,0.05949401622457754,-0.2764446009176202
-0.025933620130380967,0.10320678919650439,-0.5419567895275191
-0.02256233325015535,0.10576988755843782,-0.4969498830289924
-0.05366062589115017,0.10732529001861572,-0.7795052394141131
-0.015317613644366101,0.07691454377523502,-0.5891943372477949
-0.06795259209692958,0.11413919460434299,-0.8581854150668984
-0.033982218845620034,0.1059836555954652,-0.6036989240099176
-0.04985389130554165,0.14170624874573992,-0.5635170785504424
-0.02365402959957027,0.08270924763122073,-0.6487065368893185
-0.00839291770668777,0.07850354241985315,-0.4890596847382316
-0.06824991486166272,0.13883882566230815,-0.7076544647578039
-0.05606854565623792,0.1160603481222809,-0.7415844174924955
-0.06243109325528431,0.1302964705692709,-0.7093906139701933
-0.05704086555835091,0.1160211793379145,-0.7502153146094325
-0.06097870369920379,0.11468125688811315,-0.793317985588226
-0.03884763987879923,0.09734794670446846,-0.707232583834652
-0.030828395019841137,0.10037540238830756,-0.6060089780215602
-0.004817646714769442,0.07727056610907819,-0.45059391263705084
-0.05565188249903241,0.11304113440715313,-0.7577054401323527
-0.046259754737975584,0.11210982156606095,-0.6802236741857569
-0.04456192746395423,0.1344030006992997,-0.5547638600031848
-0.06436419518715533,0.1286217990767249,-0.7336563153720592
-0.03154418636162842,0.08515997164939182,-0.722689136335192
-0.037736801684817065,0.10261392215241202,-0.66011317240372
-0.016257681891029777,0.09900901093021172,-0.4672067871038054
-0.07815502811731867,0.14801295685019972,-0.7307132457787443
-0.04387540344747923,0.1012230729651515,-0.7298277090729367
-0.03916700194548654,0.10148318216733529,-0.6815612249075644
-0.0024889645103382783,0.0743316775554036,-0.437081007436196
-0.036431496883557776,0.11432602890131949,-0.5810706233914424
-0.06458643807771783,0.13784734009312163,-0.6861680320695397
-0.06126773355131246,0.12140448641388642,-0.7517657398604433
-0.043155871663285494,0.095942585322416,-0.7624963556844385
-0.07590188827154531,0.12983626311175847,-0.8156572419246902
-0.047350677812352505,0.10230011625083645,-0.756115248419574
-0.04288892800664062,0.10977211126326773,-0.6640022421708758
-0.03595136730330413,0.09028787535767253,-0.7304565207901935
-0.049869961783001564,0.11635080993707207,-0.6864581503661122
-0.029653669601455306,0.09036426962453127,-0.6601466470024019
-0.053748955706074165,0.1267182430460914,-0.6609068567626213
-0.0604622159438463,0.13971772426801646,-0.6474641382672054
-0.07226295510874364,0.11376641080145293,-0.8988853070807928
-0.058380060263894,0.1382901572604608,-0.6390914727028312
-0.023486126423510067,0.10859518918537157,-0.49252758639436095
-0.025418466570322464,0.08926679554557974,-0.620818370723588
-0.01039846324768285,0.09148915514911267,-0.44156559519912303
-0.032083350049403186,0.10157964557658038,-0.6111790378575289
-0.03240948531936458,0.10345866210247068,-0.6032311268200151
-0.013361656542804919,0.07684241919328105,-0.5642932249925361
-0.02913545704199258,0.1121754442029805,-0.5271693592314863
-0.03474611713581457,0.10635981578534517,-0.6087460443376929
-0.035611737172447304,0.11242276036988358,-0.5836161374847698
-0.009080632856304297,0.09821708979998389,-0.397900537838077
-0.0537976967338177,0.1153238862164251,-0.7266291440834461
-0.01603002841984634,0.08693407823890689,-0.5294819862626189
-0.024531460384711518,0.0910148865595784,-0.599148803520347
-0.008243144815925842,0.0791832060433681,-0.4829704015139312
-0.06709497738039664,0.11972241924695154,-0.8110007966020027
-0.08959867263252036,0.1582508682192219,-0.7557536585950517
-0.021638613243426703,0.09750732037446574,-0.5295870406971959
-0.02924793889067245,0.08089418569044207,-0.732412822812713
-0.042417011280899135,0.10931372910780904,-0.6624694983141499
-0.012080625017688466,0.07952081920900075,-0.5291774586362092
0.008471851189603592,0.05733697851315685,-0.3754670959066398
-0.05020895453987043,0.14067427546908212,-0.5701749966183336
-0.021234047375601757,0.09083419344098129,-0.5640392173338405
-0.01759939037845111,0.07259869369521865,-0.6556507831708548
-0.008441571072734338,0.09526160583516363,-0.40353687863767373
-0.04837325221140305,0.10433564753750683,-0.7511646696133193
-0.04882332872694899,0.12772705638342977,-0.61712319189699
-0.029765040957295263,0.09172437529702926,-0.651572068643251
0.019566542742155774,0.06586701892247308,-0.15840184402644109
-0.037501081211527246,0.12149811729721031,-0.5555730632961595
-0.06018204783768605,0.12798156619482381,-0.7046487280863847
-0.021898336330234,0.09073724849479804,-0.5719628619024008
-0.05581637288344512,0.11348687114638942,-0.7561788603084187
-0.039486733093002435,0.09719668155039915,-0.7149084926008678
-0.009930901240232009,0.08551516442686054,-0.46694526646655904
-0.05588876663355178,0.12575977244841818,-0.6829589857025229
-0.019108716282907275,0.08667161217331214,-0.5666067014503833
-0.006268529629661842,0.08535982449227307,-0.42488992737965314
-0.026712515868412272,0.11039699893871521,-0.5137142894608497
-0.015970054353069238,0.08186375986247311,-0.5615434037026463
-0.049153840482971084,0.11928424167074958,-0.6635733217926042
-0.06498984682922025,0.13076435356551372,-0.7264200390944446
-0.060855368943241145,0.10798325443725995,-0.8413838739786234
-0.07226294814146828,0.12604644341674745,-0.8113116512407749
-0.0450748872883585,0.0935950556096146,-0.8021245011221125
0.0004461069159366546,0.08242447606005884,-0.35855724533242783
-0.009877112767047806,0.08172039959293802,-0.48797011475325486
-0.060038341256611186,0.13877459010096485,-0.6488099960598275
-0.043619352609860815,0.12407129491043614,-0.5933632969898857
-0.06691146726724087,0.1213325198947018,-0.7987262388627987
-0.05546204317393749,0.11507000299779328,-0.7426961062613027
-0.03293918895159476,0.08602909330055945,-0.7316035370930203
-0.07054275317382004,0.1484127833278723,-0.6774534573056407
-0.03277850595575148,0.11644856726986788,-0.5391093031678371
-0.05003167300421116,0.10359005562549596,-0.7725806547835609
-0.019594932095074166,0.07877231480954817,-0.6295985107836726
-0.049806670630840655,0.1180053503472038,-0.676297052599969
-0.03339330936142447,0.10444101714866164,-0.6069771349621218
-0.06007423670687162,0.11334134745160773,-0.7947164801912184
-0.05553402498664018,0.09631046300860062,-0.8881072971168449
-0.056956277392323645,0.12769098145001032,-0.6809899681628347
-0.03288376668729494,0.09246441635038197,-0.6800861257697774
-0.08873025692448326,0.12486112246362016,-0.9508985229495818
-0.02741411404852947,0.09644903970416727,-0.5952792710495881
-0.04552391158350217,0.1050932986743632,-0.7186367973615211
-0.06928751336152582,0.14677088483458758,-0.6764796265514372
-0.05344144809646551,0.11244440810280595,-0.7420684541304753
-0.023739019710624587,0.10378641892914439,-0.5177846992419358
-0.04105121452601444,0.08952618360170642,-0.7936361371340771
-0.06293663641875157,0.1422856995335134,-0.6531691991777547
-0.006203032170112588,0.0783673020814656,-0.46196603951579507
-0.002432937749302328,0.07319662658293054,-0.4430933399991645
-0.024229527480241615,0.08606753449732389,-0.6300811077831883
-0.038063267696694825,0.10725119083961226,-0.6346154962370475
-0.061409890009023305,0.13940133775763336,-0.6557317991305852
0.015761491471901652,0.0593634196939884,-0.23985323961281577
0.01001147184991263,0.08082115814181327,-0.24731801188760982
-0.04620322431521599,0.12067211232623591,-0.6314899345525775
-0.01434758223378545,0.08320686766715513,-0.532979830597458
0.005921615057139168,0.0678071093138707,-0.3551011860925228
-0.031517600520849655,0.109004115542256,-0.564360347449469
-0.0725618204681487,0.13042092133390532,-0.7863908598342793
-0.013149717461262008,0.09849843075774217,-0.4380751767242784
-0.038900518537026446,0.11513366031877785,-0.5984393994445866
-0.07199952843681061,0.13357119747284837,-0.7636341544182421
-0.016514604507691773,0.07980767606298751,-0.5828337172852963
0.026412076655756945,0.06150339443265698,-0.05833699712577073
-0.0420492065317611,0.09046276943640202,-0.7964514792177991
-0.012118890760340863,0.07406561791988057,-0.5686699435344261
-0.029677904328768108,0.08290694951863407,-0.7198178762487814
0.009157578527580583,0.06444396967506559,-0.3234192675825134
-0.028542524002746487,0.103821971365397,-0.5638741321594498
-0.016705858442639665,0.09546481099521997,-0.4892468539531103
0.004849628120998234,0.061480050363280976,-0.40908183598403247
-0.04951629642290098,0.10675131702027782,-0.7448741490261572
-0.07395903962950232,0.11249499077300792,-0.9241215001232417
-0.021370065204073287,0.09425041139948825,-0.5450381005376939
-0.06458998534414498,0.14058335927561083,-0.6728391313989248
-0.07438166691239859,0.14459115194572097,-0.7219090899253857
-0.05644874427244885,0.09769765717449914,-0.8848599523532232
0.008328358598048686,0.07233128842215428,-0.29961641600336164
-0.06822453988294655,0.11452548650220278,-0.8576653361874809
0.02562301327024811,0.05634397398339109,-0.0776833158953631
-0.061833314117210714,0.14520011232469274,-0.6324603517651242
-0.05292095630228057,0.12269257069764097,-0.6758433361595129
-0.06458731027675896,0.13663448057721933,-0.6922653043153532
0.029605174221113945,0.06911327457386836,-0.005712734367173762
-0.07844462989314349,0.14393342848413015,-0.753436022717269
-0.04739156048891201,0.10194748444040315,-0.7591316344264861
-0.042178816050618205,0.09342649970175902,-0.7725732664825421
-0.02243388656903087,0.10036339091439762,-0.5224403648712209
-0.03788787648313466,0.1044527920338591,-0.6499383612563303
-0.0032957690683882747,0.07499335854044306,-0.44398290350514497
-0.05462142536272977,0.12034003237791661,-0.7031859946404543
-0.0198176347529432,0.10690730638933175,-0.4659890557107375
-0.005173327935843202,0.09520361071045047,-0.3694537179143168
-0.04170918541800471,0.12395809663623815,-0.5784953735490087
0.014588586375705731,0.07294582421534532,-0.21127204730455607
-0.05441732534572914,0.11612507565209963,-0.7269517360628975
-0.08542993315196185,0.14471828350368887,-0.7976181748246035
-0.032736924731333154,0.11354596662652232,-0.5525244673612116
-0.04194953342620267,0.1107945380619034,-0.6493960323748347
-0.037219015661441535,0.10242344759466851,-0.6562854233090716
-0.05719873553890527,0.13121596525729973,-0.6645436427489473
0.009588893472868917,0.06533917932576846,-0.312386943603397
0.0071937067303398244,0.07090340960447622,-0.3216529839239266
-0.027507678338439145,0.11275120366169408,-0.5100404826806892
-0.019998688899249724,0.09548237463522594,-0.523643123563497
-0.061018422798793735,0.12441535992655899,-0.7315690189098911
-0.044493265223621,0.11562148246555307,-0.6442856780167532
-0.020542594933988256,0.10693198460729188,-0.47266115110091833
-0.038407057185920884,0.10160884439615428,-0.6732392007059375
-0.06569885933196937,0.11389438012659416,-0.8402421544030497
-0.03845176964441329,0.09652621873990727,-0.7091520888107986
-0.027954279634871664,0.09221537029857935,-0.6284665934455885
-0.03749243323637397,0.10546921466915476,-0.6399254365180422
-0.06533361795954118,0.13829654825426602,-0.6893419912712856
-0.07513083766091945,0.13088516327006436,-0.8032296024568939
-0.07103442371171254,0.1190114090304414,-0.8489473785313254
-0.05849836145040657,0.13397838534918372,-0.6605420808718961
-0.05675780104634128,0.09969669232109685,-0.8702174468027205
-0.05926741325262235,0.1513076685093828,-0.5899728290842494
-0.05235281594002411,0.13563925964955678,-0.6071458673012096
-0.042018179214871144,0.1059136038050729,-0.6799710011512393
-0.08477506707807188,0.15754360268119139,-0.728528896919624
-0.03517372747366598,0.08388357110169832,-0.7769546124192901
-0.03265273718511463,0.09741863346542079,-0.64312888568031
-0.06854459641512875,0.12140491149815429,-0.8117018924446637
-0.06109393927815297,0.13457287992516193,-0.6769115688748857
-0.03591117349723967,0.09609731958349334,-0.6858794166467183
-0.04618003153249281,0.0962296998200697,-0.7916478142915778
-0.029861809674359262,0.09685400373899344,-0.6180623140337862
-0.02595376912451905,0.09310684293077108,-0.6009630158561285
0.005790055316274006,0.07101024233781009,-0.34093595355659245
-0.045406819766459765,0.0977527265807319,-0.7714037490727471
-0.027459744291662702,0.1017507873639801,-0.5647105617583016
-0.04922744112349557,0.09108776205034652,-0.8697923775940894
-0.05064326998430274,0.1251103505940752,-0.6445771241258255
-0.0639137133964485,0.11439148284145285,-0.8209851910619373
-0.043098760076660914,0.1090984603773351,-0.6700255881140461
-0.034032705058818856,0.12210014086261486,-0.5244277738456292
-0.062416157844987594,0.12092226183579192,-0.7642609097941403
-0.02364835522951273,0.08051224321904564,-0.666337852288556
-0.032803236330465065,0.10111286879303953,-0.621120111417394
-0.014859752139258942,0.08009693138755973,-0.5600682992735267
-0.009803141566563606,0.07419427380178413,-0.5364718802006316
-0.07561596139613364,0.139329432625183,-0.7580305137698821
-0.03950604670288246,0.11136381796770625,-0.6241349117811147
-0.06150747848081638,0.1465980616296487,-0.6242066058962779
-0.007344768171336488,0.07183109012749822,-0.5198969987097585
-0.06465701604748518,0.11461547144662891,-0.825865957298466
-0.06062094283665171,0.13572964592624856,-0.6676576971687704
-0.032590230962099634,0.10515700175055047,-0.595207450955799
-0.059812962016119464,0.12322465545566169,-0.7288554525391688
0.002116115234896375,0.06591958430300052,-0.4229984921769965
-0.07746712064228897,0.12446233204644257,-0.8634509644427045
-0.05356920548963297,0.11478399904391987,-0.7280562289666945
-0.019120047542756043,0.08640408041867799,-0.5684922205611224
-0.048217334413253925,0.11187710160303184,-0.6991362244151511
-0.017641130533217374,0.07403691166239414,-0.6434780903674016
-0.08146493178245201,0.15085514293171481,-0.7388871841970085
-0.05023562289893178,0.1064267872536177,-0.7539043972804352
-0.04134799560656327,0.11020244104592493,-0.6474266352850592
-0.07359103844720453,0.137013108050807,-0.7560666269156603
-0.06785992311123783,0.1425409260733358,-0.6865391281440808
-0.01900756029334338,0.08859628242223787,-0.5531559446228228
-0.0647106335498309,0.12533792037891395,-0.7556422929589665
-0.059533391983683584,0.12024058137768452,-0.7446187548150038
-0.06532927936327645,0.11875099812822724,-0.8027661313662389
-0.023234864525503333,0.10569196728755029,-0.5036793797268451
-0.03098521906086862,0.08498731626680196,-0.71758024302611
-0.03080388310209095,0.0956735587971848,-0.6355348736528875
-0.02978685793013177,0.0972965519995629,-0.6144807467627461
-0.07888376452838852,0.14316977838678546,-0.760521988336321
-0.03146745010544079,0.09597999474288972,-0.6404193943758717
-0.051128052972758006,0.11086972011587598,-0.7317422005572546
-0.05228903362796179,0.0999025193845225,-0.8236932775562265
-0.07800529054286726,0.1167019932654942,-0.9254793986008263
-0.05803093959060153,0.11569716342175466,-0.7608737931603341
-0.017214353250472006,0.08330986952248189,-0.5667318112619394
-0.03013555421959963,0.10526480392936229,-0.571278831811186
-0.03955046621652149,0.10566268466879102,-0.6582311100132799
-0.057733918327629474,0.12173005056898059,-0.7207252269883304
-0.068708773939465,0.12623248498248077,-0.7819601582996988
-0.09580392166748339,0.14565688184693576,-0.863700499916544
-0.04070906032256026,0.10909491581531129,-0.6481425811104239
-0.07693194543355009,0.11936320970277597,-0.8958534685839905
0.025533548623096484,0.05967574348979837,-0.07484534110022541
-0.08493074742905549,0.15327887294018536,-0.7498146693308828
-0.061188297638936545,0.12363272905875347,-0.737574090074494
-0.08506644582408776,0.14468250756540374,-0.7953030933754861
-0.027654349598885596,0.09658674259844965,-0.5969178382853034
-0.024562062966484326,0.0824834740297986,-0.6614908453876812
-0.028135880231116288,0.08893513020323278,-0.6536885941277124
-0.04994014419371873,0.11647071879591032,-0.6863540039947421
-0.014444613766219444,0.0828765233434044,-0.536275074933588
-0.023278735826987612,0.07971687473308872,-0.6683495308286688
-0.05928666249694044,0.13785607571796177,-0.6476802856307258
-0.02905457310438307,0.09549785629243415,-0.6183863742820129
0.003812197641501836,0.06606300672041782,-0.396406455875167
0.002662469946020426,0.06731927474755718,-0.4060877090030084
-0.06828906869824726,0.13009515491655732,-0.7555167504991989
-0.011346002948456292,0.08147660350451782,-0.5074585975612457
-0.05397814217146995,0.10178657246080362,-0.825041458231719
-0.026718507565117403,0.09374746711951729,-0.6050137599217246
-0.028947358599036882,0.09666627572755446,-0.6098027275321428
-0.0157085141105126,0.08668537337758865,-0.5272921177995402
-0.06939634499412446,0.13783622323411573,-0.7211191852326011
-0.011013077666235827,0.09110610661427203,-0.4501682619352654
-0.03446095002242677,0.10220027055567753,-0.6307316964225568
-0.04504225437212798,0.10865962033418602,-0.6906176750970894
-0.02564685345373718,0.09491971090041208,-0.586251821943714
-0.018144874803311478,0.07697993180490688,-0.6254211152762104
-0.0787517346490467,0.12993322743454339,-0.8369817081918687
-0.024337123344452052,0.09584461301574464,-0.566929341511619
-0.006910506756874588,0.0813584154442336,-0.4536777978692882
-0.008757622170029334,0.0836283170191266,-0.46345094044120355
-0.0425906713008964,0.10597991130830423,-0.6849474622574858
-0.08513210968368187,0.12784579183308353,-0.9005545511736456
-0.011902193325386206,0.08633019670246003,-0.48537122497014046
-0.013209867098107406,0.08687748605979917,-0.4973655322895204
0.0024843064790529418,0.07287188982030382,-0.37758995394243966
-0.034205158511003246,0.10658678358209372,-0.6023744816499889
-0.06884645073694516,0.12814260394849672,-0.7713785087173168
-0.05563289551959716,0.11541514359274298,-0.7419554562247371
-0.006077613833046241,0.09012401697424705,-0.4003107611521069
-0.08527348178527167,0.1391661016706606,-0.8283158068052283
-0.048545940126681134,0.12135498872167658,-0.647241130785513
-0.06151391357434787,0.12912590706100904,-0.7087184567161231
-0.03403425641639801,0.1064207611267081,-0.601708310845068
-0.03197806476453724,0.10076677045960997,-0.6150645146395727
-0.032541922708665155,0.11531071320068434,-0.5423773817079642
-0.05971593370479178,0.12182423952656865,-0.736437461489145
-0.021568831494794494,0.08182690104158963,-0.6302185569582299
-0.015444744880794618,0.08358831060012571,-0.5436734461376501
-0.05017218330610804,0.1259486411018438,-0.6365466320615536
-0.05550931588745604,0.10861978327543528,-0.7872351914993578
-0.04463621684397845,0.1254486509217731,-0.594954320318039
-0.040249229971216556,0.10839598877782453,-0.6480796085102738
-0.024112662670196496,0.11545482563569953,-0.46869121643248524
-0.03426386560281683,0.10053580987074852,-0.6392136860033867
-0.08803459691286722,0.13668924108011885,-0.8635251463842907
-0.05235101126968822,0.11230945723802072,-0.7332509059781075
-0.03873510961352899,0.09260969388972093,-0.7422021035441317
-0.05640526442182791,0.10452070490149241,-0.8266808428364719
-0.05020818577391826,0.10468075694787947,-0.7662170977026264
-0.05869925746187752,0.13017749791094643,-0.6813716570474883
-0.05384006392883841,0.1296435875375015,-0.6466965742103236
-0.05592514680780039,0.13317464955311312,-0.6452064795825234
-0.04393516685983469,0.0924197005668505,-0.7999935771957486
-0.06471217290025709,0.12239623161777892,-0.7738160860705737
-0.034465724173027776,0.10912359285825547,-0.590758812869776
-0.0364606164502537,0.09897777069864468,-0.6714701289101044
-0.04980717100732773,0.11304711074420541,-0.7059638276639326
-0.06400617275331733,0.12437175689317291,-0.7558482335669053
-0.019119162221954113,0.08639382599935398,-0.5685494496136959
-0.03137535485025107,0.09798635640743723,-0.6263663340541626
-0.03704037087506534,0.08527194520491516,-0.7861949286364007
-0.054110400178933316,0.13530422497211006,-0.6216391261711952
-0.06584426093776258,0.11505272748577056,-0.8330464043072456
-0.0742206145749418,0.15188386513674415,-0.6861862152448508
-0.06954297939402693,0.14384152942456357,-0.6920322648976794
-0.07520263858750727,0.1448958913010605,-0.7260567407596138
-0.029188631730207106,0.09973980078220673,-0.5934304186094401
-0.06964644819310503,0.12971170118799238,-0.768214796972607
-0.028608183735384075,0.09106454119000315,-0.6435895132123933
-0.05139914446362446,0.10057505657621166,-0.8093372972844765
-0.038611812290315045,0.11025199738166444,-0.6223180887399106
-0.08431338821229559,0.12358918708707908,-0.9249465176249771
-0.03698403845247056,0.09992172725427526,-0.6703650976930503
-0.03262832654347799,0.1011632405257683,-0.619081854416529
-0.003232828332388204,0.08375706081651191,-0.3967764390060434
-0.0522998636551875,0.13246743139853318,-0.6212837584778504
-0.05724321844963473,0.13339943230002418,-0.6539999229788245
-0.04308050747239407,0.12686887726439056,-0.5760317979333631
-0.016861322532700212,0.10073239513438968,-0.46520607864214203
-0.03537491752163213,0.1199566220496875,-0.5449879831940669
-0.0008310311926428065,0.08567345558504058,-0.35986678700078256
-0.04204141495135269,0.1023442201940991,-0.7039128815943277
-0.07938428905877493,0.12567824412807735,-0.8703518243563506
-0.07320282719007892,0.1363376014870262,-0.756965254371881
-0.06293102789131809,0.1359268848824536,-0.6836839376675384
-0.05209517869809127,0.11628461222879113,-0.705984885915672
-0.06224427012393219,0.13779909384143557,-0.669411296928244
-0.020905313539235252,0.10821483221392379,-0.47040976267101176
-0.06340285884363209,0.1314402357020449,-0.7106108593365749
-0.0952237314013143,0.1343100050355125,-0.9323484975538812
0.010070464524290251,0.05976174062512786,-0.3334831828397252
-0.035912951220475345,0.09503836870515363,-0.6935404312858444
-0.04482756374090324,0.11112085601936376,-0.673389014640635
-0.045993854212018376,0.10547413651907031,-0.7204975240378314
-0.024192429449399394,0.09824088799819529,-0.5516280497219744
-0.05969637346540305,0.10624476806075553,-0.8442427340432485
-0.0846191837399679,0.14075603576104237,-0.814310968053645
-0.0635520473946151,0.11516419488956879,-0.8123362255458163
-0.041146439703737867,0.1143214806201145,-0.6223365837970075
-0.021252036303282283,0.09331237890032693,-0.5492522739992295
-0.028510391360656702,0.10131015373972029,-0.5775372872395194
-0.08830540484032165,0.13554344667828475,-0.8728227571276245
-0.011945300732258662,0.08476137667779987,-0.4948633726385038
-0.041845949794284985,0.11616080597050943,-0.6185042294948008
-0.0222711490036588,0.0991034452847425,-0.5274402807437636
-0.07778501748688757,0.11450309798011199,-0.9413283953732738
-0.01969041891220579,0.097666304159278,-0.5087775086806676
-0.039117548925738654,0.11663346026377665,-0.5926048045682889
-0.0009275519933390312,0.06462053310376153,-0.478602551044859
-0.06828629761045739,0.13185868071645382,-0.745391179984655
-0.02110772821943465,0.07798655306629351,-0.6553402632885934
-0.09126493946494187,0.14896884967120338,-0.81402883711992
-0.025598367969466365,0.0956504301166377,-0.581266261967341
-0.06126074584826352,0.12629565248192187,-0.722596099349712
-0.03218023704338318,0.09410151382026738,-0.6607782863317863
-0.030482831642660697,0.10731716280870031,-0.5635895513793558
-0.06176189334271077,0.1531954660541319,-0.5989856991608781
-0.0321643035140577,0.08996068529665878,-0.6910163401830659
-0.08315876556921306,0.14444696011517813,-0.7833931948376297
-0.07576044793478362,0.1348568525995865,-0.7842422976369234
-0.039715598628483034,0.1127490633230953,-0.6183253019912461
-0.03899415468132929,0.10531274332953437,-0.6551358601061175
-0.03393340732942664,0.10224791553415406,-0.6252783442619018
-0.054661599789603554,0.1419865713621229,-0.5962648367195402
-0.019028578547940548,0.08471357512548067,-0.5787570466164097
-0.03498235699194041,0.09308161736611147,-0.6981223449991185
-0.05992905057331437,0.11133102401923503,-0.8077627181240786
-0.048959410099760216,0.13570143009665578,-0.5818612968449923
-0.026556467095735673,0.09275458600352582,-0.6097430815289911
-0.03181689302769078,0.10884538026161306,-0.5679330889295628
-0.03256176974445418,0.11651718830360136,-0.5369316806842351
-0.0855057838606376,0.13116994766996712,-0.8805811537811873
-0.05781136907665427,0.10297514815611956,-0.8527433137898899
-0.012889455981760063,0.09536965300306931,-0.4497180668192191
-0.013943685835036891,0.07663269536074077,-0.5734326011655517
-0.03150765121112532,0.09236232369974075,-0.6659387588718491
-0.04636140315967646,0.09782019879341526,-0.780630218519007
-0.021386529304544908,0.09825471251275902,-0.5229930248676065
-0.05815801090852202,0.13775030127396418,-0.6399841604207405
-0.018701647655886566,0.09102611619489752,-0.5350293925713656
-0.027625669870972036,0.0877565504451363,-0.6566537720394843
-0.054621262426272216,0.099296637041523,-0.8522067307363695
-0.047341224458434986,0.11153477748614997,-0.693426984852675
-0.011035430369980125,0.08305765279279943,-0.49405959583699716
-0.05966659717621018,0.10809361375237585,-0.8295272409119483
-0.07188284882892731,0.13243646998612918,-0.7692960167210594
-0.03475000230615495,0.10219705594404661,-0.6335799178168683
-0.01928654909527759,0.08252698011260937,-0.5972174073015312
-0.0402542817692739,0.10291826704949915,-0.6826220823897539
-0.05226059547338832,0.1299346897714753,-0.6330918680612965
-0.011093701628842758,0.07630691088451165,-0.5385318466244415
-0.058120524910926896,0.13044804208331928,-0.6755220201361312
-0.07744218173431855,0.11592574165385694,-0.926819015358388
-0.06706048278018359,0.12298640855559932,-0.7891968219911453
-0.019782646113550025,0.09981620102246419,-0.4987431459382647
-0.06253642942109645,0.11238640644679507,-0.8233774203368999
-0.008759783955137847,0.08316757230615147,-0.46604443150579966
-0.04159774451300357,0.12041337863077897,-0.5945995812686417
-0.04189382725017405,0.12835300260556715,-0.5601257920790996
-0.09217617877097596,0.12554979825245413,-0.9731292321577886
-0.03378515743127675,0.10691206003318102,-0.5966133045372104
-0.05557256065313156,0.10313187020463585,-0.829739250178797
-0.08226715544326328,0.1414705720483902,-0.7935724993383229
-0.05495510766876685,0.11682614525280356,-0.7271925944738652
-0.07010156837362927,0.12482305411437358,-0.8019477578389296
-0.012454710649466667,0.07800469026403462,-0.5442584350474773
0.010048580831420392,0.08178195814753687,-0.24395868747220145
-0.0380573487104426,0.10253818409520697,-0.663726877074897
-0.0341178338630488,0.10550560601240402,-0.6077196870042207
-0.011793953215089373,0.09279467666867885,-0.45039171120034904
-0.001602574879166937,0.08169810664288203,-0.3868213864160623
-0.00026178234250963384,0.06851837928549712,-0.44165934247243593
-0.040163251144059706,0.09734786182631124,-0.7207477373180059
-0.05216534032689771,0.1235705170762335,-0.6649267339086071
-0.02021135728548581,0.09114030748537658,-0.5509237204794619
0.006680662335924396,0.06803496252023815,-0.3427552070325441
-0.03320984971103959,0.12001819586631407,-0.526668887619739
-0.013561845389229185,0.07671002150918649,-0.5678768501454845
-0.05688431707654758,0.10862586806222672,-0.7998492313707043
-0.02680220087166945,0.1005669972671138,-0.56481949760117
-0.07303402032552057,0.15690735758372912,-0.6566551238398073
-0.046365136817390275,0.12263583257443372,-0.6226984007389562
-0.026369728479203693,0.09444268983359937,-0.5968670373379109
-0.01709981156301347,0.09345997612527268,-0.5039570254103363
-0.012761178091987568,0.08576046149767917,-0.49861180018422313
-0.06759434136873596,0.13008004179660135,-0.750263760841487
0.009221226411967697,0.06730647097543799,-0.3087188094531811
-0.06265255690973565,0.12567724387792084,-0.7372261998340416
0.00046001871089207565,0.07421360220889851,-0.3980399874130616
-0.051708113469549774,0.11767729340966683,-0.6943405231551468
-0.06717616550548672,0.1237673214121896,-0.7851520449558346
0.011450757159654646,0.07492250165557192,-0.24757906410571465
-0.06272292878147664,0.11786541395527926,-0.7866847930187372
-0.03390717701680954,0.09758237993975907,-0.6549048819701017
-0.07047870173912746,0.1280972047528708,-0.7843941788813749
-0.021503058650345297,0.10334613193340342,-0.49835497165519493
-0.05405486241751407,0.13472185046502816,-0.6239141024813454
-0.05667310187763191,0.10390246085601601,-0.8341775658012579
-0.05793156160446153,0.1303075021916142,-0.6748004537387279
-0.0706042280635413,0.15014146310990845,-0.6700629258547702
-0.0442275121243543,0.10430881220178125,-0.7116130512613271
-0.050215208687216795,0.11078661610257899,-0.7240514378825718
-0.04897355009616884,0.12579895607614844,-0.6277758779521564
-0.040483949011130296,0.08759966454098449,-0.804614371304511
-0.06003586778201461,0.11196748644410068,-0.804125113829046
-0.06279171130136768,0.10521466542894042,-0.881927542354227
-0.015119339156598601,0.09386820186839347,-0.48066691657583377
-0.04840666371431165,0.1107611346668075,-0.7078896758341741
-0.010877532538306482,0.07064115517167764,-0.5786645538137466
-0.03572546123001609,0.09940411115203761,-0.661194597168015
-0.04459745877889357,0.10576672220822891,-0.7053017926756711
-0.0736792614821215,0.13086085946206305,-0.7922862642681819
-0.07561350574013745,0.15361076322741055,-0.6875397499573884
-0.07049951926573565,0.1537601528941751,-0.653612248518666
0.05580886144455913,0.049164748511791076,0.524946475387125
-0.04862659101095206,0.12045968713029923,-0.6527211956469968
-0.020236126784742,0.07995746852295604,-0.6282856087460928
-0.07691233063590536,0.1432029281803501,-0.7465792214895195
-0.042624620177711424,0.11123665937653571,-0.6528838656676783
-0.00896615540302773,0.0817269583964824,-0.4767846028722985
-0.0635030785016241,0.11825562170835226,-0.7906861183498398
-0.0060204180142388215,0.09258228703801848,-0.38906381735252665
-0.026130891495661366,0.09677643557582484,-0.5800057747702695
-0.061052633694848285,0.13253825831829155,-0.6869913249967775
-0.01535621976579941,0.09256720422208516,-0.48998152366125036
-0.04528984836960016,0.0969360008204159,-0.7766964567589547
-0.03044466708872627,0.11751747864152652,-0.5143461873710355
0.05119235566175172,0.055295598009256146,0.3832557459312448
-0.07447292848962268,0.12554816159782334,-0.832134275484556
-0.025734142151016905,0.08642673111712026,-0.6448715742296139
-0.07166009234727236,0.12739755388827556,-0.7979752298574405
-0.08410582505766265,0.16397253482970897,-0.6958837659987718
-0.02174639388233096,0.09812392671020459,-0.5273575530171837
-0.0255955207225532,0.09999405653358792,-0.5559882522005567
-0.037739080179227565,0.09856385692578394,-0.6872608509043365
-0.08134368508270148,0.14294981954217245,-0.7789004941685382
-0.031076106730811667,0.09000758560104245,-0.6785662155357747
-0.052362317946197987,0.11896169469135237,-0.6923431795410117
-0.0346172020509279,0.09337146692650806,-0.6920444133301191
-0.043350698195898235,0.11576372278054713,-0.6336242169314897
-0.022550327638039554,0.09231210098740485,-0.5692680274410564
-0.04904970264426006,0.12203709701907414,-0.647751418012711
-0.061576818141558194,0.12035333012045397,-0.7608997445264272
-0.004530657074374769,0.08145454256948569,-0.4239254924907106
-0.056314592829587444,0.11814710672224815,-0.730568824105903
0.015447662419509796,0.05719884574904878,-0.25441663008964144
-0.053357708947620174,0.1297879301201787,-0.6422608702553011
-0.03302223565891998,0.09994123040412231,-0.6305929535196165
-0.06391046900835595,0.14010544073489462,-0.6702842410385184
-0.04339588806379643,0.13092752754474365,-0.5605840837307025
-0.03798058758522528,0.11024899932196236,-0.6166095656496637
-0.041408128216385925,0.1272428412273891,-0.5611956439166282
-0.029175078684128688,0.09049791307457453,-0.6538833512698314
-0.013310657120887776,0.07841138587605634,-0.5523516341025813
-0.06362413860286487,0.11473112812429236,-0.8160308377813428
-0.029508294303584846,0.11502995990038042,-0.5173286538143707
-0.05143443121339917,0.09464205821117504,-0.8604465366940175
-0.051474632334860465,0.1315052956736026,-0.6195540028827529
-0.0025351076066417334,0.08671274418764863,-0.3752056045675929
0.006293899409387857,0.07256565676601653,-0.3266848485510301
-0.059702160284246256,0.1118140108149981,-0.8022443666086085
-0.007270805310571242,0.07854600970836184,-0.47450921375835936
-0.07673427696992893,0.1198593336106834,-0.8904961654184885
-0.027623797452644705,0.12545309988821363,-0.4593254172594462
-0.0369595235453886,0.11306043550058126,-0.5922454061752164
-0.03547746822824728,0.10627225558263838,-0.6161294673691323
-0.05896179746790349,0.1334802895344529,-0.6664789069470917
-0.030245661019315834,0.1070928160337268,-0.5625555779609216
-0.029025374037714866,0.10351964968258502,-0.5701852181561684
-0.02167908063383343,0.09682938267776928,-0.5337127967221694
0.010234063212288928,0.058569402355390904,-0.33747888817055266
-0.054641628457005126,0.11038930186528725,-0.7667557184146059
-0.03246392941173282,0.09743767827786443,-0.6410654534850834
-0.028155559815839698,0.09108955257053457,-0.6384437970623178
0.009540400835330684,0.07073705021853086,-0.2892345539072189
-0.05299003047934585,0.12866137390627963,-0.6450267703483253
-0.027853523253317088,0.08476467602772883,-0.6825192517032876
-0.0003021124915035759,0.08126521023441788,-0.372879272742838
-0.06062058702066295,0.11406025124845817,-0.7944975223951027
-0.050202436102588927,0.09538067673336391,-0.8408667127283479
-0.05593131546311027,0.11643769883254675,-0.7380025225909969
-0.040842395054549896,0.1041223447224151,-0.6803764863671878
-0.04962283055181038,0.12099493646954476,-0.658067460301134
-0.02661181936096728,0.08423008391860165,-0.6721092598658202
-0.05588867269369568,0.12217358490589145,-0.703005258950652
-0.03989853931348829,0.10127244927172087,-0.6902029112176971
-0.07964511720714067,0.13273618788884514,-0.8260378646624897
-0.006165122392606401,0.0762030241134908,-0.4745890706219862
-0.05655335669393076,0.12536776544132752,-0.6903956243396392
-0.02324644832511457,0.10016904407350412,-0.5315659025960384
-0.030692480104059318,0.10790571391484219,-0.5624584454531949
-0.09472103734137188,0.14516818638212367,-0.8591485534790032
-0.04494108686513052,0.11096385655349704,-0.6753648367385329
-0.07045168713476707,0.13708842081548264,-0.732751070712036
-0.02989779482240706,0.09665049649957565,-0.6197360281813974
-0.012624696290770565,0.06939715990909637,-0.6142138431400482
-0.03859071182160092,0.10075854413521132,-0.6807433792369679
-0.04030062946969566,0.12204236833614038,-0.5760346216493207
0.007166777165876747,0.07852741329223421,-0.29076754061859933
-0.008131372547123084,0.07563997512343724,-0.5041166722344409
-0.06667778561406777,0.14279562402045837,-0.6770360525909164
-0.0254897537502819,0.09359325745796367,-0.5928819581389662
-0.06847190179097426,0.13945062276796344,-0.7061417140805815
-0.0191615075675279,0.08908668744260487,-0.5518389894023253
-0.047790692721764914,0.12905296761471574,-0.6027811228177797
-0.09298136333750981,0.14972282453477645,-0.821393556524474
-0.07224773605954984,0.1395877012576651,-0.732498172391353
-0.03648442834454909,0.10255988572845286,-0.6482498285984784
-0.04365501246542497,0.10775121602792485,-0.6835654870599002
-0.044625802221456845,0.0993835223070347,-0.7508870735221926
-0.05983227844716375,0.12698349976631143,-0.7074326870221933
-0.05127656086297733,0.12705949672947697,-0.6396732472191643
-0.032255829594285704,0.09895067012614697,-0.6291602625320176
-0.022288951415909017,0.0881222734801617,-0.5933681616564334
-0.0544565664850343,0.10999681961552132,-0.7678091673944806
-0.05554400071252119,0.11458323469299225,-0.7465664670902588
-0.07157425760856696,0.16287325800498947,-0.6236398709814924
-0.010723300468919894,0.09889150151310126,-0.4117977768142677
-0.043617256707191146,0.11587857079935157,-0.635296553964774
-0.0504148238996631,0.10616028455593408,-0.7574850070912711
-0.07314129992876066,0.12504486590801947,-0.8248343438956491
-0.07519579923990737,0.14709850271219155,-0.7151384772809705
-0.08619205140355549,0.13276791674599742,-0.8751515746522275
-0.05737918569332598,0.11546515238416583,-0.7567580684655868
-0.06435746160477025,0.1247330637949338,-0.7564751376579487
-0.009580960629231874,0.09771563335595104,-0.4050627240479461
-0.062405996506733605,0.1248897163851371,-0.7399007635005781
-0.05827833116946019,0.11279166181329445,-0.7826671737099546
-0.03404205210738216,0.09576679468690275,-0.6687292011470096
-0.05604989790340944,0.11681149277356405,-0.7366560931655489
-0.07226194539770513,0.11899363897975664,-0.8593900167646951
-0.04723136071721948,0.09188808988552452,-0.8404937006899958
-0.054140898633926716,0.12531033848393125,-0.6714601496724568
-0.04321225691651127,0.11531650293488753,-0.634881001879236
-0.039995546381732985,0.11770176365816228,-0.5946856207271368
-0.0406143738843176,0.10309073485142332,-0.6849730384218196
-0.0351998907311417,0.10701959120314453,-0.609233225413647
-0.06085909155755698,0.11857482254063258,-0.7662595617751979
-0.059518587010065585,0.11309798859054462,-0.7915135196095755
-0.01831525416383767,0.11029546536055881,-0.4380529517319122
-0.029951456027459026,0.0917875562924502,-0.6531545064392373
-0.0007752925223655921,0.07335317120886868,-0.41954958477166343
-0.003904244381295824,0.07437977846931096,-0.4558261005749659
-0.050886168216264835,0.11222668593617026,-0.7207391677080212
-0.05503546701914701,0.10764370177451821,-0.7899715971982385
-0.0289179516981897,0.08805413916974951,-0.66911052965504
-0.01356364318143203,0.08206873088822952,-0.5308190185219499
-0.033285953577460885,0.08170019973516028,-0.774611981153154
-0.07835493749733884,0.13593975444120446,-0.7970805739847325
-0.032492166073362486,0.1031767834121152,-0.6056805029844006
-0.047608812615277746,0.09512398411458103,-0.8158700809019365
-0.057647525560132896,0.11840370282421286,-0.7402431129223898
-0.07817930176952753,0.1266669189983272,-0.854045417896019
-0.08345996283822639,0.1327428946756242,-0.8547347345067444
-0.04911190817536854,0.11420158894923496,-0.6927391195102851
-0.06610027776201112,0.1348788753201659,-0.7124931723659105
-0.01297106486387529,0.08511071577192876,-0.5048843083287524
-0.03967462801658074,0.11184304480159289,-0.6229679113277182
-0.04600824797168648,0.10724408583060295,-0.7087406954239422
-0.0006438675054066933,0.09640320393772454,-0.31787187825419483
-0.040031536690117185,0.1274382721735931,-0.5495330052397607
-0.03155615014841594,0.11944710079506592,-0.5153423543868775
-0.0657922013699365,0.14792843675730827,-0.6475577209478216
-0.047868612200305,0.11734764855424848,-0.6635719859721537
-0.07220550713800575,0.12125989039241089,-0.8428632650685814
-0.001372245958666734,0.08347568474071293,-0.37582496095855084
-0.050300677987332856,0.1116072510670496,-0.7194933771739536
-0.0706743409856433,0.12409020378482026,-0.8112996668151061
-0.03353737897129108,0.09748095212153397,-0.6517927614420109
-0.01427906340109385,0.0840012114296665,-0.5271241050870835
-0.07405520195046453,0.12927487439687102,-0.8049143535117067
-0.012133276800520502,0.09014455085166229,-0.4673968243499607
-0.08755948062287525,0.14468702091640467,-0.8125088199223978
-0.010347409645447659,0.07837858220722115,-0.5147759567629737
-0.056329958203243415,0.11995354204787036,-0.7196949479723688
-0.020046281285564405,0.07583247064158208,-0.6599584697972634
-0.07252067642988444,0.11701698333013127,-0.876117923332979
-0.02075293892317883,0.08268519412291053,-0.6138092733716656
-0.05250944608441313,0.10995955594669742,-0.750361761413527
-0.043451103992693155,0.1274953936348828,-0.5761079039689863
-0.011609996811455279,0.07563302506519345,-0.5501564531577136
-0.05480373389767914,0.09880876677679537,-0.8582612319132271
-0.03587821317736047,0.11550766020955985,-0.5703363141270534
-0.08449185355612607,0.13531399886160309,-0.8461197992768393
-0.03636583463052172,0.09782363261879085,-0.6784233303739895
-0.01362683410253722,0.0992744882114142,-0.43945665083288915
-0.060055275341619085,0.1330339563747218,-0.6769345045106903
-0.08256050310106977,0.13641858641409488,-0.8251111967939284
-0.0319556645508778,0.10065886286179461,-0.6155013357933856
0.012582410873515148,0.07655123350455319,-0.2275285234358617
-0.06573189751481762,0.11395247698495418,-0.8401036997858121
-0.04918216882500252,0.1385862681697462,-0.5713565266655202
-0.05252246545453228,0.11184410611499299,-0.7378347265763514
-0.05232252570020324,0.10570000699883059,-0.7788317904379516
-0.03374455120184518,0.09978553019582981,-0.6388155785387525
-0.025448264972985704,0.09270661111208055,-0.5981047555060534
-0.0473527323133657,0.11437145638552326,-0.6763289963942152
-0.008355217777735114,0.09213730699682875,-0.41628325189768406
0.004551138497323788,0.06595867170339023,-0.38583041236969234
0.0014232978631488983,0.06827019983168753,-0.4185823713319096
-0.061198395421439095,0.13362401349675607,-0.6825000464729574
-0.022793451000682773,0.08960989628019633,-0.5891475516901146
-0.041900776149504694,0.1196732385073891,-0.6008091453551268
-0.014044568895642316,0.07642523492683466,-0.576309237882071
-0.03789576761864044,0.09752174767017951,-0.6962115552754989
-0.020692599105854324,0.07600568801756241,-0.6669579662793255
-0.059436883667020254,0.11516864189251831,-0.776573225118758
-0.018432529963006757,0.08664666280960669,-0.5589659011961041
-0.03811115765099307,0.12847722154607982,-0.5301418946592352
-0.05637122456854893,0.12097137195971683,-0.7139806978241954
-0.055224516500546675,0.12489785387393895,-0.682353730325622
-0.10033012993800369,0.15026986763585481,-0.867307145394108
-0.04704664898174672,0.10314804832135317,-0.7469520774810136
-0.022296585765806835,0.09968145164706234,-0.5246370804366997
-0.03074870338650275,0.09325083073930307,-0.6514548224919843
-0.051248110632654505,0.10516221275987768,-0.772597956056445
-0.054498530201030244,0.12517723395910121,-0.6750311340849582
-0.004193840107602417,0.07787095349195161,-0.4391090461109679
-0.06532383905432576,0.13420726676117145,-0.7102733060197054
-0.021913595317116626,0.09623997906014518,-0.5394181900712304
-0.028073085563889877,0.09080080700704315,-0.6395657426192843
-0.06166779112477665,0.1164291629121067,-0.787326721518881
-0.05999162504924799,0.14266027728040492,-0.630810669688841
-0.07172321286550201,0.12429116569836543,-0.818426734466131
-0.06192104133705399,0.12548670543546758,-0.732516173869311
-0.05448894017030103,0.11309694964766794,-0.7470487969260912
-0.04226959289817976,0.12555004892114532,-0.5756237733015173
-0.054207228695679774,0.10331809510128169,-0.8150288544628341
-0.06166559074240262,0.1182193706087552,-0.7753855418987822
-0.029163808866890836,0.07993141268566174,-0.7401821997011164
-0.056673129263233014,0.1148695380708016,-0.7545353687224781
-0.01758682241037587,0.08272762509927167,-0.5752228757113785
-0.07221504261964598,0.1318522235983653,-0.7752242611471077
-0.06650389344006191,0.14618467655303402,-0.6601505418733233
-0.026307624648032726,0.11540967085584519,-0.4878934688096019
-0.06170707079173738,0.11631645313342091,-0.7884273318284961
-0.08662115674948273,0.13069563578570167,-0.8923110251416771
-0.0709270028861107,0.1476624932165046,-0.6834978923058699
-0.031203309356329523,0.10351573538443459,-0.5912464334918158
-0.04038562386219759,0.11945850528709753,-0.5892056299636271
-0.006273245164508052,0.08643082363267857,-0.41967950367643525
-0.06022380313528451,0.11563074887539883,-0.7802751777773895
-0.024581057358068984,0.08942305481066076,-0.6103689643977805
-0.04136012385063632,0.09124833400942521,-0.7820430326241944
-0.031105929679243874,0.09056596087362526,-0.6747118794942221
-0.086025935026731,0.16503079900791853,-0.7030562520706443
-0.06199595374184131,0.12800681488487606,-0.7186801251525443
-0.07091846078942851,0.11124445407143511,-0.9071774555576873
-0.035779364210578396,0.10184380078221206,-0.6458848128738275
-0.04807407412159787,0.13330122517594462,-0.585696598201162
-0.04859133590794768,0.11628904740105753,-0.6758274976395839
-0.01739200800292422,0.08671568997115325,-0.5465217196413888
-0.02725264820688446,0.12579224425181146,-0.4551365511237391
-0.023344019084462365,0.08983148019079891,-0.5938232228964895
-0.03165329081531871,0.09490545814923992,-0.6496285041727337
-0.06739239120082352,0.139781008212257,-0.6967498120555369
-0.04087346372712587,0.10175555028583236,-0.6965071048020635
-0.028317135068952472,0.1162153232460079,-0.5018024597798098
-0.012091888618261302,0.08633513913734032,-0.48754063569993566
-0.021859247479601752,0.09398279444425578,-0.5517951215034486
-0.07561067785390121,0.1296078930180124,-0.814847579068536
-0.04779859426977955,0.13325497178294,-0.5838325822206939
-0.06363904479848617,0.12470218864066726,-0.7509013740593569
-0.055254446041357264,0.11978304398442775,-0.7117405202395813
-0.04570868257966579,0.12015015629025812,-0.6301172209611542
-0.07409997588965517,0.12425914671203635,-0.8377650953205165
-0.056991580154987294,0.10692370017868308,-0.8135855755984249
-0.0036812894018226107,0.06824613980348189,-0.49352665951231134
-0.014298085734656577,0.07773652390832365,-0.5698490684623132
-0.025442076667217327,0.08847249785863127,-0.626658882806805
-0.012428259925610403,0.08358133743638912,-0.5076283920187457
-0.044481402671018765,0.12804191165301979,-0.5816954910268413
-9.832845931579542e-05,0.06214519751562353,-0.4843226775769594
-0.045276631312794795,0.10650630232346905,-0.7067810042280223
-0.06188543316360696,0.11600036082798836,-0.792113339197795
-0.06151193750900911,0.10400117006367254,-0.8799125764929647
-0.05508438380974519,0.13863235973122978,-0.6137411494307716
-0.03501934728585947,0.09805257407689215,-0.6631069902853519
-0.03160616505740117,0.08183324910142589,-0.752825602476631
-0.07499297211134211,0.11801007166093672,-0.889695011905467
-0.06525871519262473,0.1308435534936448,-0.7280352195360663
-0.04962940453885924,0.09729648180067234,-0.8184201840102813
-0.08619451313135819,0.13803388562998523,-0.8417825275369714
-0.026508770660955153,0.0992027200780292,-0.5696292462193319
-0.031213147741524148,0.09114031255669844,-0.6716363596344198
-0.025869823803364198,0.08223490296364706,-0.6793930775118945
-0.04827714690904232,0.1079295239972167,-0.7252616708571877
-0.08110610541474361,0.1247521914296667,-0.8906144584833483
-0.05436594428100493,0.12895158508943466,-0.6542451124000743
-0.04628705144641679,0.1127252245105729,-0.6767522688700571
-0.05322340994831009,0.10699695580897561,-0.777811007042957
-0.04742809966774528,0.11301452128313265,-0.6851163796355555
-0.078703226094599,0.16039045080629138,-0.6777412592092737
0.016639573099599646,0.06736750204900686,-0.19832154219821355
-0.07867297233458126,0.14525019769494152,-0.7481777929336746
-0.023812011544128445,0.1075118232562657,-0.5005218022938916
-0.07228479261224548,0.110710120968116,-0.9238973972551526
-0.04214877085186476,0.098307355798782,-0.7339101969087716
-0.03282019664209247,0.09174871119625803,-0.6846984096344951
-0.02702065512848003,0.07918523663555836,-0.7200919963264306
-0.04069580484565351,0.1049039098361548,-0.6739101045525419
-0.03210261176163985,0.11739157323029789,-0.5290210366276242
-0.002521446208523774,0.09283435309187964,-0.3503169368384221
-0.02562527574890056,0.10344178590285166,-0.537744735006234
-0.08828460922261543,0.14091836491773352,-0.8393839177148315
-0.05186371900243067,0.11388036358900594,-0.7188571973468288
-0.03531596093160455,0.09914219126759814,-0.6588109471507237
0.008807647222855954,0.07269903548131602,-0.29150803221578603
-0.06992864909302986,0.14841844330656473,-0.6732899690008397
-0.06668141275724573,0.13306818765477874,-0.7265554183999868
-0.05186874744263337,0.11628984754924035,-0.7040059744507607
-0.0438232244497723,0.0956102718820605,-0.7721264985088266
-0.08590094048629113,0.1297925998586501,-0.8929703281428402
-0.00942690111134874,0.08725347503547243,-0.4518662562759815
-0.024321900492516722,0.0913039373332362,-0.5949568231023331
-0.042527472331612914,0.12728548686855215,-0.5698015863074171
-0.04992049995623132,0.1296641132201017,-0.616365607811378
-0.04377988852117823,0.11467389865371551,-0.6433886820572287
-0.061566762443442016,0.1339495083717805,-0.6835916275951979
-0.010394104127985544,0.08930955062714682,-0.45229321885880386
-0.09122091491461785,0.15516065550041752,-0.7812606522166418
-0.03701062083874149,0.09391989747902958,-0.7134869461894761
-0.05214433016709587,0.1224120918744671,-0.6710475158886624
-0.054207208781199064,0.11753218283689533,-0.7164608598996002
-0.04860825468578914,0.1085747039561912,-0.7240015567300719
-0.017815889040668303,0.09968691753132199,-0.4796606237287293
-0.0591888131036519,0.12039006307550257,-0.7408320157430035
-0.014824098205332648,0.07582015440411541,-0.5911897510314178
-0.05118782995349139,0.12633623026123864,-0.6426329943960717
-0.04178711334585994,0.10616901540894423,-0.6761587933103523
-0.09005689115178923,0.12255675086038233,-0.9796024315997006
-0.008232181222269923,0.08504444805642337,-0.44955528662969857
-0.06846670429180775,0.14207297301321503,-0.6930713294966298
-0.04507452096577205,0.11751855211388648,-0.6388312280517021
-0.03207973518065802,0.08980735939813574,-0.6912544316712946
-0.0899599855328663,0.1352179956502629,-0.8871599150392602
-0.0019159829657062113,0.07847939988881614,-0.4066797530424855
-0.06287790132811541,0.1278163321565704,-0.7266512796998691
-0.04138301396766157,0.10542656989646818,-0.6770875125479439
-0.015799908569507783,0.09680541757386435,-0.4731130727736554
-0.000702298586890894,0.07653753158749126,-0.401140433328381
-0.06777202215941087,0.13720067997986896,-0.7126205363833231
-0.03327065898152707,0.1076196954642839,-0.5879096638265893
-0.0351635563150662,0.09743814533990129,-0.6687684385591592
0.028273737378789212,0.05374999375251802,-0.032116517615965616
-0.06629291426542591,0.11365508361415746,-0.8472380750897724
-0.03074676542815189,0.09215397782076022,-0.6591876646530065
-0.0013418110349522373,0.06782096998162161,-0.4621256676724818
-0.08472894169373767,0.1438216764790673,-0.7977166203485052
-0.028814303574073025,0.09265512873827832,-0.6347657639136738
-0.001097839650524536,0.08808781615171424,-0.3530322467861448
-0.060178044664595504,0.13467468259654333,-0.6695990881578665
-0.03377187078043829,0.09759413721078275,-0.6534395672017111
-0.0008646447952352296,0.06741564419402796,-0.45782614946768374
-0.03779950433405302,0.1057553027150737,-0.6410979174890046
-0.05114067226485877,0.10666335931875963,-0.7607173895805474
-0.07038837695758796,0.1421980888623445,-0.7059755708444814
-0.0261888514266159,0.08334455090209532,-0.6741754658036473
-0.0342242332819343,0.09343353901521477,-0.6873787930849541
-0.07751688255048647,0.15055947030906175,-0.7141157067687647
-5.922401207023725e-05,0.06585409830284092,-0.45645183499192327
-0.020472347181475323,0.09842219464594897,-0.5128146894411153
-0.0927430996120156,0.14330533812150065,-0.8565144970939501
-0.023915730410197143,0.09488112483209825,-0.5682450593372126
-0.019681699086378117,0.08539148204264436,-0.5818109476255156
-0.017102031171440095,0.10847329924153469,-0.4342269618494706
-0.061457895449968214,0.13519317554987614,-0.6764978711238802
-0.045984501507951386,0.12263046276346382,-0.6196217464702416
-0.04692303328103152,0.10302025391286772,-0.7466787389797286
-0.018154744825393896,0.09361178180451507,-0.5144090187915994
-0.014155330582045954,0.08314076210445084,-0.5310912417013092
0.043939317147881955,0.05671941291577426,0.24575919303997745
0.022472058833118248,0.06150765378591944,-0.12239031573343925
-0.062240361911609816,0.11021249460683774,-0.8369319852586576
-0.040731575404168746,0.09775061113134567,-0.7235921554406248
-0.019748788779144672,0.08955900712004439,-0.5554861579970586
-0.01939522331663661,0.10285906494436492,-0.48022236390495887
-0.042068460054659834,0.12352495787348108,-0.5834323791348714
-0.0018687588868721156,0.06891985601521204,-0.46240315533796267
-0.04647842236224608,0.1089220668356274,-0.7021389199092088
-0.0488148892631056,0.08813124854810092,-0.8942899432553645
-0.053980327921274475,0.09788264941253806,-0.8579695014928478
-0.07044155553080125,0.13023017944958787,-0.7712617455901011
-0.025904873318292478,0.09197648892462951,-0.6078169972774666
0.006984247762614689,0.06386437654278627,-0.36038482614741857
0.01813889925260364,0.06935755913014051,-0.1710138144443713
-0.019352164856892645,0.07341274551959329,-0.6722560845203771
-0.01804448702037314,0.0830115016217082,-0.5787690390100003
-0.03706390130341707,0.08893131375819978,-0.7541089687009549
-0.047131132348115654,0.11512201766712128,-0.6699946188499111
-0.03814358586048749,0.11172196544566551,-0.609939017709353
-0.054351043480618734,0.11802621512030806,-0.7146805766383078
-0.04235859227750857,0.11590437381358815,-0.6242956145372449
-0.07498801796001747,0.12819495641040465,-0.8189715172873708
-0.05164608621488107,0.1321828938091967,-0.6176751307376847
0.009825354314664598,0.07399176169428265,-0.2726607019939937
-0.02117378032335286,0.08366293289395398,-0.6116661053254925
-0.05693996532354509,0.12416124257142395,-0.7002182285146892
-0.021012331299741904,0.10704213437160716,-0.4765630991871635
-0.01125320802139108,0.08352235687298058,-0.4939181503717415
-0.035572411944046076,0.11231559796402699,-0.5838228450250333
-0.03765353878047192,0.12555044887300446,-0.538855411412381
-0.03209245960006667,0.08053711844572996,-0.7709794042595124
0.0032352155581572687,0.09253808406129435,-0.28922993936328495
-0.04687118565823613,0.10772035364303789,-0.7136180216504925
-0.03062190521845615,0.10670174941066256,-0.5681434986144499
-0.0027881362072545365,0.07081493236621339,-0.46301161508837546
-0.03966570906045106,0.10804914575108578,-0.6447594617817789
-0.049223767208068675,0.11107001157555192,-0.7132777433283976
-0.06501024024093055,0.12260100413610807,-0.7749548293703447
-0.022770058315881282,0.08138044805890453,-0.6484365664549478
-0.05453858108796399,0.12949271557844075,-0.6528442986953533
-0.0614622394692117,0.12137540530438094,-0.7535483753059027
-0.041356625854973315,0.09735127189126737,-0.7329809304871976
-0.012042796065723683,0.08572974794070173,-0.4904108209300253
-0.02607881200478275,0.09759980788735854,-0.5745791228349976
-0.04326976307122632,0.12010298049166938,-0.6100578251370579
-0.08989765584283034,0.15730538001527497,-0.762196790924683
-0.07355414458660223,0.10866668410356474,-0.9529520978841132
-0.04839514986199893,0.08629771239001213,-0.9084267437785776
-0.036257938394796435,0.10668785164352572,-0.6210448272609607
-0.04878937075327224,0.11023513808697981,-0.7147391668444627
-0.06048542353190879,0.12774020545145917,-0.7083550806272417
-0.08666035734199044,0.1388419441845575,-0.8402385750729485
-0.024994675193355388,0.09363846834275598,-0.5873085727123586
-0.03890700047358052,0.11317246627656602,-0.6088671806902974
0.026942071626810345,0.05464918041168104,-0.055955612694532454
-0.00770013361732487,0.09268342247499746,-0.40676242428892784
-0.0809207467590157,0.15498896310538726,-0.7156686807665997
-0.028967661901854957,0.1093774769585224,-0.5391206996319396
0.0034801806647243912,0.07752752368316727,-0.3420697331138099
-0.05230479352598215,0.10363925936649003,-0.7941468708777167
-0.0504968056716668,0.10735437692868878,-0.749823230077872
-0.0220632748579585,0.08481929584928903,-0.6138140423903897
-0.07508788580462256,0.136180310442268,-0.7716819374499319
-0.007477444526363343,0.08325633625720281,-0.45014525273589645
0.0017599786035908636,0.08728942462233802,-0.32352168110387913
-0.07715751822246694,0.1216239881901776,-0.881055783624772
-0.06420014323777529,0.11666189487421227,-0.8074628252810757
-0.08332159556539412,0.14163463240983087,-0.8000980666754528
-0.040025993102978705,0.11608455381153276,-0.6032326507165483
-0.04083046935567452,0.11025740050477285,-0.6424101151614616
-0.04982433488946422,0.12322654755831304,-0.6477852092033163
-0.04899351128318581,0.09463630040409121,-0.8347062485102266
-0.03385895602452571,0.0960646101888042,-0.6647500666376317
-0.020310342972621263,0.07914721537344253,-0.6356552499698259
-0.03611157834397268,0.10947045368348784,-0.6039216621420171
-0.04359503189252595,0.13185800994487892,-0.5581385000675434
-0.002799747995005073,0.07631898332701206,-0.4297718151519983
0.03154826564268884,0.05858627941618753,0.026427103037047445
-0.055108113812546086,0.1366427753771399,-0.6228511794907857
-0.027784415982316284,0.10066406048046514,-0.574032238581613
-0.05932715087713931,0.10794990021710667,-0.8274871092746388
-0.03725735017780886,0.09398750198667384,-0.7155988695959282
-0.02364817971566056,0.0900020858396686,-0.5960770710495581
-0.011184362346556183,0.0808760999257695,-0.5092278483304267
-0.05781365365642192,0.12597110980243179,-0.697093593873591
0.005853360622090003,0.06979445175074654,-0.3459678924643421
-0.03923856600899322,0.0988063857322015,-0.7007499110093248
-0.04906929222305109,0.1061930739578813,-0.7445805011201753
-0.04247291475546882,0.11241749689824834,-0.6446764672323715
-0.04062294455734569,0.11342087771047499,-0.6226626524406036
-0.037270361214313735,0.11169988920577202,-0.6022419690174373
-0.02664810882218318,0.09328608792024377,-0.6072514142796432
-0.06433638538799388,0.12556634327349814,-0.7512871915248678
-0.015100049697880098,0.09683664044939028,-0.4657333163210131
-0.08188770234566752,0.13472178680015498,-0.8305093407916321
-0.030730636887588043,0.08688166971702625,-0.6990040256522213
-0.021328447418400252,0.08007883155435139,-0.6409739805401934
-0.06240473585269227,0.10919879097414513,-0.8462065836843452
-0.06372033266332212,0.14062791268412064,-0.6664418953144626
0.016317049189676934,0.06532648608095891,-0.20945487245963035
-0.06571085196918221,0.13718738783649947,-0.6976650950104161
-0.05474324559595322,0.13998958015654256,-0.6053539520669293
-0.03957736686070922,0.09381489139082835,-0.7416452316813249
-0.02332761576060595,0.08666151298931535,-0.6153552358032429
-0.034561322960671395,0.1078440918851033,-0.5986542408781632
-0.004705823870410242,0.07746633974621073,-0.4480116652485556
-0.048801138381660614,0.09417641865820206,-0.8367395947350311
-0.05692397077534328,0.1293076116449796,-0.6722262492481674
-0.0239192560119659,0.1034321445640591,-0.5213007642761563
-0.06893168501716848,0.13463855153364412,-0.7347946326683926
-0.025984776217640622,0.11106605245302625,-0.5040673993641627
-0.06628603282493792,0.1279532277171451,-0.7525096048205127
-0.07198793584533694,0.1361016820133928,-0.7493510317918116
-0.03806412892293949,0.10835398736362617,-0.6281645057926889
-0.04936667982713335,0.10866273170917594,-0.7303946677831522
-0.08960828243928001,0.12609886899117445,-0.948527797244964
-0.04820250614717089,0.10173313059245523,-0.7687024442455384
-0.05841435015030465,0.12242897859782766,-0.7221684862759563
0.014788808596856842,0.0649204591114588,-0.23430504976909972
-0.06625564672578699,0.13306904909647216,-0.7233511276991522
-0.05513602800095263,0.1256516732488895,-0.6775558637592998
-0.035740089908113906,0.10503621933732656,-0.6258801994480389
-0.06760681762251058,0.12638750821010836,-0.7722821582988063
-0.030106700233248004,0.09990692499244971,-0.6016269666771393
-0.06388716922990377,0.1359803955059279,-0.690446360893331
-0.027991694727594926,0.08259983820712,-0.7020800038636894
-0.058514522741974724,0.14204118039469207,-0.6231609910310377
-0.02402693113363693,0.10515421981039043,-0.5137875705897107
0.0008452456604096277,0.0962444130416102,-0.30292412222396364
-0.05133211490984502,0.10830101012875284,-0.7509820528280756
-0.024263931693413114,0.08752237786103445,-0.6200006560558928
-0.05646739441956218,0.11798792323023317,-0.7328495328359658
-0.04593118344715775,0.093667095572377,-0.8106494920458526
-0.04856730657442422,0.11480809239794898,-0.6843359638978533
-0.02862776068440681,0.09694828663609116,-0.6047323033616286
-0.06449330916422491,0.11905885641554272,-0.7936688794861391
-0.03401162925689769,0.08995427190174232,-0.7116018828635291
-0.05888704043570126,0.10527319525995696,-0.8443463715165815
-0.07324489040149905,0.1317603620429864,-0.7835808038218331
-0.04576002102545004,0.11939627544219397,-0.6345258321071285
-0.008563748965814095,0.07933984053434681,-0.4860578078565655
-0.04808211114199404,0.10213741078662895,-0.764481011811746
-0.083130108695968,0.13787699780379412,-0.8205147377589249
-0.036879655290043195,0.11043599790993527,-0.605596513417537
-0.05739304675939158,0.13710034024524803,-0.6374385840550142
-0.07942842766818736,0.12840525092861238,-0.8522114701448207
-0.026262386187824397,0.08364594554022367,-0.672625383387757
-0.019695260106913595,0.08384532884834714,-0.5927015945849349
-0.07382908568942975,0.11615156406594886,-0.8939103534626308
-0.012696085379339974,0.07843520782365243,-0.5443484700816309
-0.054873426150126366,0.11569423942890047,-0.7336011418466954
-0.08120214660953506,0.14450064853922892,-0.7695615745236326
-0.07328097647081247,0.13398763479406697,-0.7708246856476774
-0.04602063641197446,0.1088430179672757,-0.6984429303019741
-0.03517790433680315,0.10655138333281926,-0.6117039713432559
-0.02957504776639858,0.1011423369041955,-0.5890218635429546
-0.018812127426390168,0.09183138723570959,-0.5315407824679912
-0.03897894756028169,0.11892908035439394,-0.5800006806975465
-0.016855662254093632,0.09038626659617707,-0.5183936013579679
0.009053462147899025,0.07908110836611176,-0.26487410564767816
-0.03168282565517561,0.12255137361782091,-0.5033221891705174
-0.026431984604350776,0.09731695615705785,-0.5798782332780358
-0.05561991812192414,0.11482622056491527,-0.7456477945603044
-0.03962800538952204,0.11514537213071482,-0.6046965162479935
-0.0454780501303372,0.1045593214781688,-0.7218682090060851
-0.0517231829955466,0.10519530520102503,-0.7768710099692764
-0.02417952238513612,0.10644560380249644,-0.5089878816006628
-0.0337332819034181,0.08999872262861214,-0.7081576275967743
-0.05275457576617999,0.1249884295197047,-0.6620978924543856
-0.042494374168365934,0.1174216748273094,-0.6173849442616324
-0.0430114771147848,0.11644629238915957,-0.6269970096667647
-0.06915134201729078,0.1406466264131934,-0.7049677944354154
-0.00719175046595549,0.08953709465212424,-0.41537812468067536
-0.03522865174294891,0.11269192577735562,-0.5788227620834215
-0.022304686060524492,0.08743279553467889,-0.598227309794511
-0.0507642299063886,0.11347506576105265,-0.7117354756723023
-0.055512055599868555,0.13132529165092396,-0.65114689276433
-0.008393747855800165,0.08925049627223901,-0.4301796568020023
-0.03325828602084265,0.0902806240220126,-0.7006850772920971
-0.06820834788039762,0.11457115259963614,-0.8571821584407235
-0.04275623952390092,0.12067857408079116,-0.6028927676522969
-0.0007406056564020422,0.0683709604581899,-0.44961494544457203
-0.051075492750455115,0.11856313180454793,-0.6838170645163841
-0.054648714071725085,0.11573653508780507,-0.7313914660353812
-0.03930244099781265,0.10982381275038512,-0.6310329177455154
-0.08787287932803245,0.14109419875865598,-0.8354197434414438
-0.06214051103822344,0.12265833926882475,-0.7511964664406815
-0.01733763754547372,0.10212074684660509,-0.4635457437123847
-0.02537271709442202,0.08133784938976997,-0.6807742952370998
-0.07050055862896196,0.12148634027179288,-0.8272580967055152
-0.07180778579998884,0.10998789776951498,-0.9256271632114657
-0.02719624888890327,0.10389318737168983,-0.550529349766478
-0.04851451956835391,0.10684165204995937,-0.7348680787118527
-0.08965365026544438,0.1424911211497056,-0.8397270601845608
-0.03709310533314493,0.08786551779716893,-0.763588572800816
-0.005751504704261711,0.08547714916751847,-0.4182580379955789
-0.0560303254812555,0.13407252230236855,-0.64167007529876
-0.02149880841687682,0.1041467203362863,-0.49448324681361905
-0.07358845846857208,0.1415474909826843,-0.7318282913347026
-0.020262275119570683,0.0910541380219474,-0.5520042933958216
-0.018521437362332697,0.08678699811453622,-0.5590864808838881
-0.04245636784108262,0.09385802263914483,-0.7719784180799868
-0.04841512156348214,0.11039521512072863,-0.7103126840934824
-0.06526029859729139,0.14581770813612357,-0.6532834716368201
-0.031415642762382165,0.08721312630888359,-0.7042018255929249
-0.03544110319434084,0.11165066745606644,-0.5861237078595284
-0.011286851676259264,0.09174449637982747,-0.45001992822903875
-0.05866788199152839,0.116673459108898,-0.7599661711303991
-0.05669057684150425,0.1237218676442801,-0.7006892030659716
-0.02525085196689376,0.10562931123106267,-0.5230636394668264
-0.05933313781456046,0.11005930003494259,-0.81168186410597
-0.07701860051873939,0.12862563031862487,-0.83201614059063
-0.0487370194593321,0.09924018881182274,-0.7933985253558077
-0.08737237951379155,0.1378539411165026,-0.8514256361709547
-0.04507849224228579,0.11515174963326696,-0.651996104977947
-0.04135179251995027,0.11801535563893342,-0.6045975299879639
-0.03108099562446389,0.11202456070771287,-0.5452464641555919
0.0062792097830755775,0.07000921955637895,-0.33882380588205085
-0.0718666653624929,0.15216924277080676,-0.6694300602909732
-0.012377106712150102,0.07750710467909179,-0.5467512544508928
-0.05923442473848069,0.11827690413842178,-0.7544535037377026
-0.038706703749858386,0.11508355160308267,-0.5970158445129006
-0.047421998667041707,0.12902849559702603,-0.600037986251048
-0.07635548859793366,0.11742549292951134,-0.905727418677111
-0.07009693831968795,0.11291023746217119,-0.8865178266339566
-0.016779869449804967,0.09159558592936869,-0.5107218756794452
-0.046562378477416996,0.10652925205582671,-0.7186981697505437
-0.0535701141459559,0.12476631080533648,-0.6698131379098328
-0.03229106395095012,0.09610058594551427,-0.6481860993674587
-0.04000464830733088,0.1246425631749615,-0.5616432021625305
-0.04978711888482053,0.10239497927124756,-0.7792092879228181
-0.042666141785625715,0.0892473459273941,-0.8142106751806627
-0.025101850079782596,0.0994325402334344,-0.5541631537364111
-0.00618317753468085,0.07792590039971165,-0.46432800069147157
-0.0693595084364212,0.12621011655061937,-0.7872547078789114
-0.0415447291616235,0.11881535523265013,-0.6021505303042111
-0.054846848409803625,0.12269764530266578,-0.6915116276315386
-0.025837681495689914,0.09788566583846116,-0.5704377757192536
-0.036712653636916934,0.11952841171664319,-0.5581321853005752
-0.056419503237122116,0.1141257085767913,-0.7572308142908342
-0.06074344917207346,0.11710077212668013,-0.7749175989540598
-0.05825361948704086,0.13152505312098586,-0.6710023481675317
-0.07610069278029531,0.1370772072906799,-0.7740214064567484
-0.032289192769995236,0.11047362941845582,-0.5638376606063523
-0.01901549171463463,0.08609684365344406,-0.5693064883067163
-0.04306683203442843,0.11851271326970286,-0.6165315941096386
-0.07306986532129271,0.12039000669816469,-0.8561330640981183
-0.0535720782637758,0.12044662960211182,-0.6938515302574354
-0.0612028119200672,0.10770358128723442,-0.8467946082204884
-0.012528117051075182,0.09467039015394789,-0.4492230039605652
-0.013512850364225872,0.07313963023161571,-0.5949284980855261
-0.013496407919501505,0.07859012442301368,-0.5534589522390981
-0.023247870509138173,0.09582932021707781,-0.5556532216707599
-0.08512106848411409,0.1452911633774467,-0.7923473514011666
-0.07485480328601427,0.12748800034456165,-0.8224680205401553
-0.06204545282693523,0.11810680299674743,-0.7793408211165456
-0.03452160510018485,0.12249488351520574,-0.5267289804163579
-0.05034889287063245,0.11899162192683144,-0.6752483205921791
-0.09895651982656983,0.1437151338073976,-0.897306472952203
-0.0862398138088527,0.14864542941109818,-0.7819938646574625
-0.004530373290583256,0.08582712297037606,-0.40232472085195836
-0.005913297999790006,0.07098237867262336,-0.5059466683333497
-0.038994105286196665,0.09505377849532098,-0.7258428478947093
-0.04562427994266155,0.09560602294809695,-0.7909991192052495
-0.06948871980920245,0.12284771492945176,-0.8098540527704258
-0.04422003011510353,0.11282867366518938,-0.657811775181776
-0.044644504023208215,0.11207664544616537,-0.6660130103471269
-0.08807664136520774,0.14187934834225005,-0.8322327579372301
-0.08287096192030212,0.1359569438200898,-0.8301963750351944
-0.05742507674780627,0.11241847224164171,-0.7776753677979849
-0.04506943133137474,0.11287469524582358,-0.6650687398790771
-0.035703730955547644,0.1194662012670857,-0.5499775690419461
-0.040528134599641136,0.11562194656835954,-0.609989164625788
-0.0491749447158932,0.11661733290716099,-0.6789294759375465
-0.054141362912794005,0.12506868187467055,-0.6727612512708082
-0.05871586716972772,0.11558546323421703,-0.767534815255773
-0.06879419237274616,0.10264136738580758,-0.9625182798023267
0.007063779984447875,0.07064625545513288,-0.3246629261209579
-0.04070180696957957,0.10023503662877535,-0.7053602148261456
-0.02941448832564038,0.09391634097899457,-0.6326320606861067
0.008474185250302513,0.06437601157222556,-0.33437633404093337
-0.032687608025638845,0.11098790355120099,-0.5648147772853441
-0.012464605130634656,0.08717125398662674,-0.4871400053181443
0.010926171514480495,0.06429585700753257,-0.2966571933753821
-0.06165126626330574,0.14606443940222819,-0.6274714546428309
-0.03367470514974162,0.09223596449712107,-0.6903457398304658
-0.07743803325282173,0.12888920412286525,-0.8335689089243276
-0.04419056326834386,0.11153696002888482,-0.6651657284646334
-0.04293353608644088,0.10313751239979119,-0.707148489326843
-0.03589840387176586,0.10375930758860288,-0.6351083618738823
-0.05484461254473543,0.1114976478337145,-0.7609542819349077
-0.03383786229484909,0.09299751979827692,-0.6864469335668443
-0.04438023737274725,0.10787460871529035,-0.6895064395464588
-0.03675491602182424,0.09621799684536697,-0.693788253865925
-0.050468830240917334,0.08956860682193486,-0.8984043974346038
-0.07524811413844491,0.1364628863558654,-0.7712581563310981
-0.03249587168440349,0.10114786802254762,-0.6178664257211242
-0.02208852924672518,0.08796883725356694,-0.5921247895613524
-0.03641474027755415,0.1119803222973853,-0.5930929552174088
-0.07842536808320495,0.128913966916975,-0.8410676567965254
-0.09476093079800495,0.14340824325572862,-0.8699704282377172
-0.0705907921313637,0.10403377230602488,-0.9669051684049931
-0.06391261407501947,0.13334165433450154,-0.704300651913541
-0.042933874792771776,0.09270148495068804,-0.7867605878327459
-0.07251638434241861,0.12146870985289546,-0.8439736000042395
-0.03847405861761923,0.0948682848452714,-0.7217802949563101
-0.07879354435415681,0.12515126245875188,-0.8692964195228445
-0.06996912860513127,0.13724667908597485,-0.7283901459102557
-0.07216395155849548,0.13385387005767785,-0.7632498897078797
-0.06433891427475733,0.13210393987412658,-0.7141264247277322
-0.04696493830550139,0.10780858194881422,-0.7139036328484786
-0.057438832990595975,0.10471457672082565,-0.8350206411444733
-0.03501177868121552,0.12575711423346475,-0.5169630289108167
-0.0334110775127094,0.10024005282272906,-0.6325922196474658
-0.06166431475600877,0.12697267731643452,-0.7219215715800641
-0.05393234672013393,0.10496171759150996,-0.7996472299241697
-0.03754844839568437,0.11019554988820651,-0.6129870803695098
-0.07118194379420223,0.1293586339061623,-0.782181604264624
-0.04353129718564923,0.10861739773494797,-0.6769753162848083
-0.03650038871458937,0.10571578531304429,-0.6290488077789824
-0.0296452114059223,0.10808636843099376,-0.5518291739443717
-0.034248619675910454,0.09454114843029854,-0.679583660053362
-0.04486314335644708,0.10635733721248254,-0.7038832046620742
-0.008016294423465254,0.0893740164179134,-0.4253618215578547
-0.06283421945730228,0.11106000609544406,-0.8358924397817996
-0.05029532335531836,0.10692029543286954,-0.7509829918654891
-0.02274069225853788,0.10410775643532212,-0.5065971457304769
-0.04675443179917407,0.11051805875692616,-0.6944967425458319
-0.03433071998827094,0.10162308723492264,-0.633032529700237
-0.07747839236404937,0.13076085938014764,-0.8219462067895138
-0.04864259420852535,0.11120849990959455,-0.7071635196271578
-0.056666309415124336,0.13442656336323258,-0.6447111883753528
-0.030698785907085243,0.10939255599390049,-0.5548712648278342
-0.019073065365743387,0.0712687587531278,-0.6885634915535792
-0.08471770020440703,0.1488467268122419,-0.7707102645872362
-0.08337191015152116,0.14375515171718228,-0.78864589405856
-0.08563901727653037,0.14747247245701472,-0.7841396794255066
-0.06927103479557543,0.13167091591524896,-0.7539328947895527
-0.002999494500489898,0.08345740358865764,-0.39540523766036173
-0.012763866685008243,0.07631631467418032,-0.5603502588873871
-0.058193830489674594,0.11355360978169964,-0.7766713067001765
-0.046976259726739064,0.11477919345608731,-0.6706464595971303
-0.04839719809275094,0.12345979482722841,-0.6350018498124125
-0.03097115017891061,0.09654495861742735,-0.6315311648795373
-0.08484788822307016,0.14820586316367704,-0.7749213544691773
-0.04969410913615397,0.12475383565001344,-0.6388108928348238
5.727379990169701e-05,0.07321135278977388,-0.4089902051950703
-0.049021562129360916,0.14140262014582697,-0.5588408619859154
-0.044873612774553054,0.09658626406844424,-0.7751993877876374
-0.029531751704696865,0.09519411625897423,-0.6253721768133399
-0.061569485813980765,0.13454049586897987,-0.6806091000523311
-0.07221494586686174,0.12979769429797472,-0.7874943112025422
-0.06179286208956761,0.10183759591814484,-0.9013651713002828
-0.058762699297113294,0.12276494310039218,-0.7230296944342389
-0.07151850979846264,0.1452883267376137,-0.6987382405594221
-0.040744890211163814,0.13886256225487645,-0.5094597785205383
-0.08815013040853262,0.1379570632553952,-0.8564268303523199
-0.02868821690636361,0.08556805209445385,-0.6858659916855525
-0.004558328861228488,0.09591809193109556,-0.36028999498920466
-0.056981548573062306,0.12891666474004823,-0.6747114405143412
-0.036147554178863645,0.09581820811941114,-0.6903443038344951
-0.039726433454118915,0.11531369724698211,-0.604667399613221
-0.03258504805229541,0.09241726388695565,-0.6772008326155289
-0.034717758748797845,0.11114127107828137,-0.5823017689190766
-0.05951953846300008,0.12277402171747662,-0.7291407189462229
-0.054974174804516454,0.11733956211028312,-0.7241732735004786
-0.0025774549451213725,0.07917408120463151,-0.41146615722539837
-0.036169528201860715,0.11203796186971651,-0.5905991781500456
-0.04120489920387131,0.1192944926602015,-0.5968833733732485
-0.07038474211755406,0.13544571516281295,-0.7411437268199017
-0.030989434677741047,0.09437406149636969,-0.6462520920548401
-0.030186926778223544,0.09996991159681158,-0.6020504151385399
-0.04993949149274973,0.12402190517146365,-0.6445594540918494
-0.06643807174787114,0.13837138043947797,-0.6969509984042692
-0.017123892718782008,0.07591697161535133,-0.6207293536094238
-0.07196855811227684,0.14894177410771783,-0.6846202734132267
-0.0814294570170985,0.14372267421716045,-0.7753088204351951
0.008044625256293174,0.07294818550605403,-0.30097218445391943
-0.032468565738558636,0.10092413935383579,-0.618965553122494
-0.014174616312443381,0.08032961021742194,-0.5499169757313569
-0.06128074365869142,0.14822908692065617,-0.6158085808593831
-0.06330241608350759,0.11539274734023319,-0.8085639542700833
0.006974568865561116,0.0754739831433088,-0.30507772580014175
-0.0631508553502065,0.15836582473825533,-0.5882004877262177
-0.036449399094705445,0.11730763335594087,-0.5664541785876904
-0.057144224654425625,0.10349020831717116,-0.8420528480081008
-0.06609029565336888,0.1292585068213857,-0.7433962995267313
-0.04212590501010486,0.10749549299128945,-0.6709667819835883
-0.06602713500542151,0.12750566928990736,-0.7531205125247123
-0.055580854738180085,0.12126653913651465,-0.7057252177522626
-0.009506041310525692,0.07437269971225685,-0.5311900934532698
-0.05324669048236394,0.1048227505255934,-0.7941662479276246
-0.047982353572824626,0.1159705281481185,-0.6724325121053595
-0.07241622090633558,0.1417309491854689,-0.722610139104578
-0.054965209632618396,0.13240294459755017,-0.6417169186899676
-0.07821147069997042,0.131137513133912,-0.8251755589529101
-0.06673855130300986,0.1163463365322943,-0.8314705403393436
-0.08001326065598667,0.15433724795299253,-0.7128108225014749
-0.004951600902665084,0.07559684127168,-0.4623420808953642
-0.04855584018876194,0.10813321715154575,-0.726472792154774
0.0018126795303200008,0.07512272697244779,-0.3752169497257209
-0.0782750676170701,0.13697750001941275,-0.7904587804692385
-0.0440000419854238,0.11206196777614018,-0.6603493000698459
-0.03433490953314158,0.09758736225064706,-0.6592545187142305
-0.03777978603107554,0.08625227225763804,-0.785831888910884
-0.03517969383117782,0.107665728981255,-0.6053894256595416
-0.05556318895858749,0.11649709043055474,-0.7344663170758989
-0.05770185926939434,0.10643098195226493,-0.8240256517479962
-0.06444143565970128,0.12190450180766203,-0.7747165548382183
-0.045326924474207234,0.11634044048709306,-0.647469823552577
-0.04025920784223772,0.11629197973107121,-0.6041621099298017
0.008490932282218228,0.06816760126533973,-0.3155321196364027
0.0005745839355681334,0.09051829636975399,-0.3250769981820399
-0.055545062393310654,0.1316803676083113,-0.6496417343530508
-0.06210451879022166,0.13082382908927062,-0.7040347269408546
-0.08862689800463966,0.14095717936854327,-0.8415810995655681
-0.06356608518647636,0.12956180496401992,-0.7221733690145812
-0.07077569931627863,0.11613674322021633,-0.8677331266745583
-0.04671390025408183,0.09254525431939474,-0.8289339179870282
-0.024257913855379842,0.07739330563635746,-0.7010672746079322
-0.03495197109078553,0.09805693666406191,-0.66239037543369
-0.07080683805525351,0.12298041911142228,-0.8196982802922541
-0.002378506863752276,0.09298121633319521,-0.34822632076273263
-0.05985832110867481,0.13598870619584416,-0.6607778220881471
-0.03655270352949721,0.1218582885263131,-0.5461483526016071
-0.06368007062825544,0.1389837356181028,-0.6740362115871457
-0.0077128389766087,0.07091205691224975,-0.5318254838281805
0.013072509035553084,0.06694236545185576,-0.25286663908853035
-0.05714159783222508,0.11608923719619492,-0.7506432115231553
-0.05494105528539759,0.11839636211010487,-0.7174296048590165
-0.034058732133555404,0.09951169647224548,-0.6437306809599195
-0.05739037518264646,0.11913131583468488,-0.7335634175644932
-0.0018123174739536002,0.08097672964454584,-0.3928575235576497
-0.06338945759227203,0.12743112202385096,-0.7328622404720926
-0.04820312672593958,0.12586515190769768,-0.6213246918677641
-0.0050752507899954865,0.08083682318751911,-0.43390189528639184
-0.04627036330479223,0.10870522612185561,-0.7016255430009889
-0.05660939414793362,0.11966548406384174,-0.7237625354168739
-0.013670991260501236,0.09162786935176702,-0.47661253687832317
-0.022004746585447058,0.10629209531396946,-0.48926259692062274
-0.05489417587709117,0.09155933917585815,-0.9272038946680775
-0.029240965352445563,0.12093947610315646,-0.48983977160538905
-0.03544502910807634,0.09341021297516947,-0.7006196327319487
-0.06133525493598781,0.12751844533457954,-0.7162513211037412
-0.07996734002780975,0.13549253435639882,-0.8116118024521725
-0.02894648437581171,0.096861953902026,-0.6085617933686837
-0.0836413500384324,0.14439243423736098,-0.7870311948036135
-0.05956427648607068,0.12306674762151974,-0.7277699152456456
-0.018813003348891275,0.07861765503445238,-0.6208911131666303
-0.026834174215113155,0.09708038103468661,-0.5854341897855388
-0.04808842447383699,0.1162862965585917,-0.6715187153156225
-0.057230361539612626,0.11199656961072005,-0.7788663692362158
-0.06655720182608574,0.1315065148560161,-0.7342389229294405
-0.03209917331005333,0.11641890013648235,-0.5334114412458122
-0.05096915480808793,0.11434358871502023,-0.7081215109479223
-0.027483094248407742,0.08388308788808822,-0.6852763256056839
-0.058104593380538,0.11611889644265626,-0.7587446667136323
-0.03911170126659144,0.08832629462353357,-0.7824589671870757
-0.018626585920528148,0.07296654020313892,-0.6664230726186507
-0.06251744606928579,0.11592249257947686,-0.7980974529671669
-0.07050272728528334,0.1492026905343662,-0.673598625636944
-0.08675920651783647,0.1475488275011045,-0.7913258851003913
-0.07893531487565444,0.14624964498830118,-0.7448586619432027
-0.08057046178586588,0.11980500782445104,-0.9229202000293975
-0.049506335948665214,0.11778720547674945,-0.6749997644214365
-0.06537749867593066,0.11318478072620464,-0.8426707024034441
-0.037556680084344006,0.10369705844994613,-0.6514811615119552
-0.051219929546790395,0.12039826193250801,-0.6745938707347792
-0.049473741563324125,0.11263090921862219,-0.7056121815465561
-0.0659216891877411,0.13093661332525194,-0.732581107390243
-0.06792656436859278,0.11991812163965364,-0.816611893428884
-0.08603457907584394,0.16124740570932225,-0.7196058663109121
-0.07589102050253192,0.13655547475390242,-0.7754432452698555
-0.049586622822770765,0.12523139424805854,-0.6355165436002849
-0.03732820938519235,0.10738389470737641,-0.6269861003706679
-0.04475374476382052,0.12283991482088191,-0.6085460485121804
-0.057166933346861765,0.13343763975210915,-0.6532409709044181
-0.05015386406599894,0.1217758841655888,-0.6582080238235599
-0.06828156172546102,0.14805799212687523,-0.6638045019632622
-0.04383160608289988,0.10161730149850873,-0.7265653091957316
-0.04010601116269098,0.11544046599932645,-0.6072914775231418
-0.05344486216047041,0.13193381444131574,-0.6324751733573711
-0.07038671179658479,0.12983147550799973,-0.7732078173169905
-0.05802724726839412,0.10385511159095688,-0.8475966750206547
-0.06519704987691594,0.11382657215502515,-0.8363341535688443
-0.05919151604716217,0.14900037460695978,-0.5985992738772352
-0.04319082712975272,0.12423243679274341,-0.5891442607042857
-0.0034267362984791265,0.07821837305006432,-0.42735146481612535
-0.06874878476238372,0.12476433481382146,-0.7914824770215043
-0.028118372764969906,0.08087076175077089,-0.7186574171773015
-0.06988043836970459,0.12135326965749793,-0.8230551896261443
-0.053409204389131035,0.11675825733588928,-0.7143752081634797
-0.03969211890010479,0.11663213836459388,-0.5975378645827975
-0.04886255491997208,0.11325870991039234,-0.6963045489602194
-0.034057141543015146,0.1220983866161772,-0.5246354462027594
-0.020854470619528456,0.09126493989769252,-0.5572180365925407
-0.03856259976191042,0.11018134187823395,-0.6222705096265922
-0.021316116378140702,0.08692177140162818,-0.5903712677578896
-0.061586544638952356,0.13305211431701305,-0.6883509150462361
-0.06674219375488505,0.14802992400321024,-0.6535313343320169
-0.073543950574099,0.1427463914536854,-0.7253700042406622
-0.01986836430777493,0.09210993001840756,-0.5414005232422722
-0.07954290841771926,0.13424508663701842,-0.8159919380432097
-0.038807496879538876,0.09901036868236085,-0.6949524357421896
0.0005303270679147144,0.08983238034651296,-0.32805178732224494
-0.06818799818637875,0.1295985123557255,-0.7576321394559659
-0.010587470196264302,0.07819795147241865,-0.519034954650698
-0.04522130439474906,0.11491154582661715,-0.6546017970052007
-0.014996916881297864,0.08788215666130603,-0.5120142539823415
-0.029310442735473594,0.11446170866549983,-0.5181684200504206
-0.02949814402461845,0.10255607671106803,-0.5801523023569144
-0.07208572388374547,0.1371270511214313,-0.7444608707682674
-0.07343597955159585,0.13097998134031544,-0.78970830880519
-0.05938301249059809,0.12825149004639966,-0.6969354699759084
0.02403084509768611,0.06117828389951392,-0.09756983233001922
-0.07663742447231961,0.14450672867132275,-0.7379408934989041
-0.08531778137246494,0.14955652710540113,-0.7710648515607336
-0.020395848412142738,0.09698241300743793,-0.5196390443314469
-0.05528814317862757,0.13189987086719168,-0.6466127875477841
-0.05013460579083124,0.12175252322589893,-0.6581761401539905
-0.05663187077494727,0.11817782832695939,-0.733063655013741
-0.0070264644622484145,0.0799340894934737,-0.4632124378582116
-0.031108692031741332,0.09991589185103814,-0.6116013268724719
-0.0010728356059112078,0.07067048686637076,-0.43968616863594184
-0.07193978818818719,0.14454609099886206,-0.7052407123828046
-0.016108075013662196,0.08355288733203473,-0.551842988147509
-0.07562707012721408,0.13392982168231843,-0.7886747611578362
-0.024903468345676274,0.09441637059148708,-0.5815036947695019
-0.057273380589067,0.13124372168491033,-0.6649718513666716
-0.04048655529456489,0.11172984336938935,-0.6308659635503981
-0.07632635337940727,0.1304582036442991,-0.8150223627891693
-0.022092957111810377,0.10129025986372557,-0.5142938440665024
-0.06911679756633254,0.13717161401228323,-0.7225751353881203
-0.02339097625521837,0.09876082357601979,-0.5406088600923968
-0.04969375854187778,0.11875362602761602,-0.6710848435343363
-0.0848979857807152,0.16688400132785788,-0.6884901180850062
-0.00035472746261934647,0.08032087062444743,-0.3779183072423049
-0.03173450489544337,0.11621007266109926,-0.5312319619270721
-0.06016013161275389,0.12059230370088751,-0.7476441600815885
-0.031322533696315616,0.08454956064404849,-0.7252850662877117
-0.06310754060396928,0.13380889419150185,-0.6958247519086254
-0.04340505554777507,0.10887061687941173,-0.6742412016373587
0.013347372836170381,0.07420509891214098,-0.22441351615939992
-0.08216054734072051,0.16126681983387883,-0.6954967392316488
-0.0398609261697971,0.1088106669416297,-0.6420411539915772
-0.0735779639806595,0.14767322164492144,-0.7013997719214897
-0.05507844847459854,0.1263634975111611,-0.6732834255959397
-0.05925475375560681,0.12624150719537205,-0.7070159073550639
-0.04345148322192709,0.08992545403579574,-0.8168041408241206
-0.06997659043063026,0.1210464774352489,-0.8259355625124283
-0.07633356231084296,0.13601804877584578,-0.7817606800556146
-0.05232355036218866,0.12856566351106447,-0.6403229922669347
-0.052027911025901846,0.1030129146505251,-0.7962876431968204
-0.030541285391928283,0.09974349453267331,-0.6069697645503744
-0.05306918180005907,0.12343873750684044,-0.6729587767815248
-0.08088677894487854,0.1455859921542656,-0.761658297642955
-0.05030742417794985,0.12578715230610404,-0.6384390035519771
-0.08238328845365811,0.1301647389119407,-0.8633927236598836
-0.02408709434127114,0.09108371709769882,-0.5938173810282236
-0.04626870274607917,0.11537151362980311,-0.661070487389161
-0.024257488507162892,0.0930523709991945,-0.5830855025460078
-0.0569318331227717,0.11645376504984374,-0.7464922502554016
-0.031210059593092362,0.10037613665541407,-0.6098068886953005
-0.04882060539402627,0.10583583143241897,-0.744744046767912
-0.035440523931752205,0.08854700682572722,-0.7390484023988323
-0.024604461967746478,0.08187839195990307,-0.6668970977652687
-0.0012351412062723698,0.10116657448673659,-0.3087496177936463
-0.05914439018840474,0.13274397879983496,-0.6715512898918439
-0.07315151588878488,0.14730794204133962,-0.700244090436326
-0.06412088056554652,0.11312699439804778,-0.8319931159345886
-0.049715490667322615,0.11566230759780048,-0.6892088902853477
-0.03255127121985233,0.11707549286970145,-0.5342815109005642
0.00611680880334366,0.0760865322613507,-0.3138951202904034
-0.059979130370440115,0.10613740800289974,-0.8477607665714036
0.005114010049581712,0.078181510836784,-0.31831042511280755
-0.05125349456493319,0.10906944260446806,-0.7449702925464902
-0.043036651304146134,0.09181566540974631,-0.7954704785747077
-0.02263001097123166,0.07427602723859157,-0.7085733166930432
-0.0644142038892363,0.12470856938048346,-0.7570787184734705
-0.07508976361465526,0.14239250612692672,-0.7380287521660703
-0.049447943859247,0.12152198774708792,-0.6537742291098332
0.003720693996956327,0.08032188149995492,-0.3271749305705497
-0.01861865183645927,0.09013516841966455,-0.5393971375311954
-0.04854892207187374,0.12226788779594921,-0.6424329681965447
-0.047575522966828765,0.12558292880997207,-0.6177234732613497
-0.07056034256477527,0.12299633344754404,-0.8175881324760191
-0.0422666108648329,0.10847658476506702,-0.666195483765867
-0.03416208776747115,0.09231424032670578,-0.6950399801850459
-0.060322404726582,0.12026408448394643,-0.7510339027163074
-0.06804298643258366,0.13627128574238892,-0.7194691522756077
-0.0015844638030757183,0.06789202727402666,-0.46521609489718296
-0.05078840843048041,0.11841262019138589,-0.6822618087489756
-0.03921784715529776,0.10790622037936835,-0.6414629936248994
-0.030328230924420933,0.09957512247874337,-0.6058564571416861
-0.059372052322090606,0.10999704062471803,-0.8124950618172115
-0.03948126301221554,0.088246822217536,-0.7873514452558784
-0.015698698909523162,0.09533982164301666,-0.4793243591396046
-0.047296844311406676,0.09847784846661826,-0.7849160548791695
-0.03555394632901824,0.1213788562480189,-0.5400771465095114
-0.010120940419454341,0.07640018411094664,-0.5251419337051807
-0.06086073840656797,0.1415291519988786,-0.6419930955799685
-0.04662969695733764,0.11443620803483276,-0.6696280685393966
-0.02335850413858687,0.0888223113555152,-0.6007331190135
-0.011931717593934483,0.08065626286810068,-0.5198817314720684
-0.047291325199334266,0.11463254042449891,-0.6742529207946943
0.0009924610346791415,0.07040994897330437,-0.4119806843819606
-0.05423881454946503,0.13517322145208066,-0.6231915881307005
-0.08031589990418148,0.12494433259790935,-0.8829203983120668
-0.04504708211997317,0.11120119881418332,-0.6748765563703724
-0.06831710636624899,0.12560860041572128,-0.7827259124045103
-0.036461934177922845,0.11792573140766303,-0.5635914518788732
-0.03427222783053127,0.1020227494998225,-0.6299793736753104
-0.03708077467769372,0.09794812770265363,-0.6848602035695304
-0.011823975942934824,0.11000223297748905,-0.38021024492742544
-0.07164460607108067,0.1334257865501656,-0.7618063097035909
-0.0856250971532161,0.16631446168680966,-0.6952197420507678
-0.004588978586749306,0.07751880390214122,-0.4462011388928808
-0.03260796851166382,0.1133456318531622,-0.5523633111223167
-0.030543555021421087,0.11692607920494437,-0.5177934249835081
-0.054248283244831885,0.12093784220025583,-0.6966246603385625
-0.09809782844425606,0.15165192690661464,-0.8446831573932924
-0.024211543123879003,0.09215393684220208,-0.5882715918768293
-0.06607706266594984,0.13393330529372452,-0.7173500456458276
-0.023529562467439476,0.09575774580639512,-0.5590102609105544
-0.05317998204774625,0.11656860152251809,-0.7135710728388381
-0.07346991987693866,0.14572751986346294,-0.7100231992823534
-0.04731286366620397,0.13170461140465145,-0.5870171350998988
-0.053632737922854626,0.1008679694136598,-0.8291307776790524
-0.01729313769858898,0.08712599592293388,-0.5428131661234781
-0.04780809028273743,0.10288824683297006,-0.7562388579625811
-0.06829780596740237,0.13054486987871702,-0.7529809946474814
-0.04029694257776295,0.10286993625640369,-0.6833575010929098
0.009824486882064805,0.08305051335214844,-0.24293062503283458
-0.04947644546967985,0.12214664410921827,-0.6506641754202878
-0.02508276175182395,0.101893019833436,-0.540594064655925
-0.04411278409669115,0.11044090337244908,-0.6710628203280302
-0.035724578530859065,0.09532053081001832,-0.689511251902841
0.01667199336449074,0.0705802873328013,-0.18883468938947257
-0.0005536565361015985,0.07796232915327733,-0.3919028185526856
-0.04716476534973118,0.10903606411694076,-0.7076994751660539
-0.029258731086002923,0.09751384469777533,-0.6076955664056065
-0.04817068285735359,0.12433242088745232,-0.6287232428950686
-0.06978460245876925,0.14493566670866842,-0.6884751333110006
-0.0613253744080441,0.11603422995868715,-0.787055461483733
-0.0471070902255542,0.12284829542848236,-0.6276610510273058
-0.04137758819053047,0.11403193214764606,-0.6259438636724345
-0.05596417121828161,0.11613889759260294,-0.7401841501873941
-0.07423970383696385,0.14114442727197477,-0.7385321960753132
-0.040329945810305315,0.10091993543952482,-0.6968885335093161
-0.0657458855861175,0.12624107846482083,-0.7584368475812624
-0.040211620487190874,0.12668760131080045,-0.5542106706633584
-0.003109483223550348,0.07722185938728511,-0.4287579124131004
-0.01966647140813897,0.0803388806979357,-0.6182121405808327
-0.06231615008691743,0.1449048698804949,-0.6370810736937405
-0.022407035276563514,0.10852071260924241,-0.4829219603935788
-0.03814446820421187,0.12042670517304435,-0.565858445652011
-0.018607199481941214,0.09079145275045675,-0.5353719762094751
-0.0722493621604256,0.13077538642846542,-0.7818700823824852
-0.028204092156490765,0.09383845216998947,-0.6202584421475044
-0.059414504502731294,0.13372232037884946,-0.6686580389078693
-0.0502305350731205,0.1242937295587374,-0.6454914126235629
-0.03206264043928732,0.10585722886900024,-0.5862862754143193
0.012649163746894704,0.07059146927250538,-0.24579225268885654
-0.001005352656015656,0.07526257371346963,-0.41196242868408145
-0.05493194652253469,0.11036631175261999,-0.769545934568376
-0.04151535893059191,0.10441655301727903,-0.6849044223740791
-0.06221939513253344,0.14697078148553314,-0.627467542870832
-0.0038938678297455835,0.07543883664691564,-0.44928937582087375
-0.06567375945522298,0.1286073902363953,-0.7439211640898981
-0.039173139643370575,0.1160462640375947,-0.5960824350274735
-0.05882272380038283,0.130706954238204,-0.6795562203867885
-0.02991418342132162,0.09206318878077774,-0.6507941362316939
-0.03766591113416498,0.1109857391915514,-0.6096811322523131
-0.024318818418999952,0.1049122461676504,-0.5177547941562337
-0.04395248074499812,0.10015389841526136,-0.7383884393433587
-0.07251386560226192,0.12604390556523065,-0.8133187014679468
-0.01718727575242103,0.08625585965801022,-0.5470616829918632
-0.012596501832420818,0.10533049221344058,-0.4044080772555749
-0.037408118158388806,0.08759202440476353,-0.7695691316243051
-0.014230118952222589,0.08456993088340874,-0.5230005332888339
-0.06209702319713373,0.12717699573363395,-0.7241641671582373
-0.020727554472178267,0.08925114376898961,-0.5683686766354202
-0.05310258416475168,0.12975743060070452,-0.6404456668110109
-0.006616563320497404,0.10083792498868996,-0.36312293538967944
-0.04165092504656097,0.10516216748321966,-0.6813374691805781
-0.017736276892930787,0.09677606855905198,-0.4932653041573237
-0.05564168918332526,0.10089973421921986,-0.8487801265883992
-0.06089525243285128,0.11589767185383511,-0.7842715990661508
-0.06899197597984434,0.14366864252173348,-0.689029799699467
-0.005079662157835891,0.07682270030096626,-0.45663146466350735
-0.0715977470130905,0.14086407374035326,-0.7212466906243238
-0.02729113068851728,0.11059642380881625,-0.5180197398385524
-0.05858753266093215,0.13428591521851402,-0.6596934050513032
-0.03682622850973756,0.10543179904789318,-0.6338337115862098
-0.04845226005285324,0.10644085882662584,-0.7370502353860063
-0.06643137658214511,0.12213628564368298,-0.7895391289650918
-0.03353543130052452,0.10049932351602853,-0.6321976017121282
-0.07985121340701523,0.12755373482165758,-0.8612151855890886
-0.021391711633693092,0.10717805661984714,-0.4794984463655261
-0.07300490035463324,0.14643388671772703,-0.7034225660703142
-0.052393490264105974,0.1152114871357017,-0.7151499586760729
-0.0775364483851037,0.15847162526008854,-0.6785848773154913
-0.04930253636993316,0.10745809196587035,-0.7379857107003198
-0.07182301396390306,0.12077964501457955,-0.8430477995825522
-0.05201319549263465,0.11232244638279999,-0.7301585580955916
-0.014337108873140741,0.0741806526861522,-0.5976910052372382
-0.01692295363073581,0.09485631085350425,-0.4946740307369053
-0.0344442053158953,0.11037931062773836,-0.5838431581914632
-0.03216298123402693,0.10766649404110121,-0.577366076490765
-0.04023098703922093,0.11625262108435622,-0.60412390175925
-0.026484753742538746,0.07708754024598792,-0.7327351938107604
-0.06781708653304429,0.11621044587324945,-0.8417237004643561
-0.032173309807745604,0.12221051381278737,-0.508739451852629
0.013134840814867692,0.07438335700062901,-0.22673296642136884
-0.0784175567097752,0.14293622249923332,-0.7585030219359318
0.00941413731454608,0.08063618701411793,-0.25529310657818816
-0.028268434794195885,0.09666886312115604,-0.6027632157126693
-0.06069983200991903,0.13813923251501933,-0.6565827126631647
-0.09092479740865207,0.14100458539582225,-0.8575947872134582
-0.04289708430179354,0.1016529368291744,-0.7171173462926658
-0.06343728031212195,0.12992563238048258,-0.7191597115994341
-0.028516452264243874,0.10211049061992349,-0.573069935410009
-0.04011641950391598,0.10169568220068834,-0.6894729253651772
-0.06314075832568763,0.1196710050547217,-0.7783068111034696
-0.019256217731202785,0.08760000067395354,-0.5622855862128815
-0.053326960178689806,0.11171617637204075,-0.745880882113184
-0.042532763608547075,0.0976205198178018,-0.743007348700065
-0.0019358859099920522,0.07597101336298928,-0.4203693553145393
-0.07860901719821395,0.15007657246808087,-0.7236906827767107
-0.013433323340471755,0.08388463651387558,-0.5177744715301632
-0.07203379533619818,0.14151652646043267,-0.7210026834903013
-0.06293831000085434,0.12686115052354133,-0.7325986688384005
-0.017979578211559735,0.08725265450658345,-0.5498924758551563
-0.06998304887769816,0.13423906681624329,-0.7448133486696731
-0.03999102179428485,0.10521006408812138,-0.6652502533946
-0.07102055007818688,0.14016190015890378,-0.7207418703917274
-0.027074680757245173,0.09088880978654323,-0.6279615817534394
-0.053307993252434585,0.10291844104150157,-0.8094564240323158
-0.09407461546221725,0.17339096208620963,-0.7155771787028185
-0.03645188390436404,0.12031437021620042,-0.5523187611334581
-0.04561635648135855,0.11679480629324913,-0.6474291013549055
-0.0327703508146288,0.10185029703937776,-0.6163001251764664
-0.040240660207174095,0.11010390630202682,-0.637948848195235
-0.04458042159232581,0.09542648520655837,-0.7815484498972212
-0.04478998723081539,0.1159453775534615,-0.6450450100637287
-0.038319720233396026,0.11530975480175325,-0.5924886437479203
-0.049736073034210335,0.11018668734475764,-0.7236452511248306
-0.030847206365276582,0.11636070418250032,-0.5229188564366517
-0.09296365363016279,0.12962798436573586,-0.9485887960984555
-0.05321632102216076,0.12373074170457311,-0.6725597848661814
0.021201517202867108,0.07083749480565414,-0.12420657762209017
-0.041372158034633885,0.09624859254464362,-0.7415397581167628
-0.044561207208059825,0.11402726859493903,-0.6538892681269499
-0.051756180200019514,0.11106589488047351,-0.7361051769132512
-0.05682813109671862,0.12426963674413179,-0.698707531233037
-0.06774732137623865,0.11446406536513784,-0.853956401639474
-0.060744466299427834,0.1331095371419332,-0.6817277578139878
-0.016407742109113194,0.0937424320292089,-0.49505587922716954
-0.038720322596788787,0.09939058886201056,-0.69141679693836
-0.06199918580119049,0.13276472560398225,-0.6929490147526881
-0.030974515981057216,0.11218747506121172,-0.5435055557475404
-0.05101480839367241,0.10981023501900836,-0.7377710136004043
-0.012420615809700246,0.09203752437838357,-0.460905658819126
-0.04687388323856223,0.10341952606022439,-0.7433207844502806
-0.09398100271683997,0.14479985274522544,-0.8562232651920155
-0.03846767795167953,0.09946049381933615,-0.6883906898355727
-0.007821383281991931,0.08389941836490362,-0.4507943442169699
-0.04122742947348703,0.10117118357577412,-0.7040288247704434
-0.041304519989222764,0.10433397286201676,-0.6834257148773972
0.029266406905618096,0.06294040588674825,-0.011655360083026676
0.008560761687880317,0.060236430331271996,-0.35591814113509
-0.08047304463093582,0.13495354344516708,-0.8186005480902551
-0.04712815056120704,0.128969127203742,-0.5980357643218134
-0.022387352192267132,0.08200461404524315,-0.6388342022238439
-0.0368065497739989,0.11341499972158976,-0.5890450993078084
-0.012560320444179032,0.09614486533628963,-0.44266867809647603
0.00787231342386438,0.07827883321398103,-0.2826777772178583
-0.05420775746325304,0.12682913515016875,-0.663946476994809
-0.05446947907929958,0.11947069053429751,-0.7070309772341207
-0.03056880139357697,0.095261629894445,-0.6358152958404181
-0.03007614765706439,0.10228123594126586,-0.5873623554134857
-0.04913751394456961,0.10389486729579453,-0.7617076377725249
-0.029573289065256796,0.10544421663443904,-0.5649744572695665
-0.05265644798866137,0.11836996579714233,-0.6982890248554658
-0.06871040717412669,0.132472271874585,-0.7451401397235675
-0.034139454248024635,0.11052733546122144,-0.580303994304902
-0.07408619593723403,0.1240510940172232,-0.8390590728912294
-0.03775104345410633,0.10537486243071155,-0.642952615939646
-0.004806232043231884,0.07473140452872072,-0.46575107563855805
-0.007072838852216705,0.06929913399848378,-0.534968284784451
-0.06347850690144664,0.13387615407222028,-0.6982461331464535
-0.038921779076115236,0.10406394205461282,-0.6623022126140969
-0.04961476814853328,0.10644600086540217,-0.7479357373810952
-0.018040801713440906,0.0782944440342873,-0.6135914534676625
-0.04789625946814985,0.12068653786839557,-0.6454428210799532
-0.02155695176027816,0.09741314252411375,-0.5292607385858197
-0.012421827731757821,0.09046794976721992,-0.4689155423651361
-0.06656813100526812,0.1326265282680893,-0.7281207784468785
-0.0445312513940913,0.09924115863001604,-0.7510114998954569
-0.076682007438197,0.12138837575559294,-0.8788486275901228
-0.046660668087155646,0.0991510459523037,-0.7731705434961625
-0.07521120240009158,0.12559499164722737,-0.8377022126456283
-0.02096227256656686,0.08798476455768504,-0.5792170135677831
-0.02525723414198,0.10370847434429976,-0.532813104149354
-0.0013262844143634902,0.08091560264027085,-0.3871476376890101
-0.06351142056206914,0.1493257099536853,-0.626224516803386
-0.06980911553545541,0.16096747126003927,-0.6200576722374924
-0.05625895186146454,0.12912376974800335,-0.6680330974676981
-0.033066210217286084,0.1040205414192676,-0.6062861176917929
-0.046592501054142324,0.12607999233980133,-0.6074913206507497
-0.051631676585758755,0.12389080714320815,-0.6589001917745106
-0.07961739231669561,0.1447176119207304,-0.7574571668356367
-0.07129057161961803,0.1340562134977005,-0.75558281840741
-0.042203570508422175,0.11386305345959837,-0.6341264204199646
-0.02942451766648144,0.09533242448172705,-0.6233400439519053
-0.0477794567122735,0.10857770747852558,-0.7163483049930546
-0.009573116987727238,0.09858666700242107,-0.4014043500096764
0.017617900826902035,0.059948348074164534,-0.20654612797302715
-0.022622190629448903,0.08814990347380862,-0.5969625439815051
-0.025605331086218878,0.10529237974612497,-0.5281040396303256
-0.04471325832007548,0.11106034149845287,-0.6727267115518123
0.010003842255554531,0.06331472662416472,-0.3158215917624088
-0.06813967039182228,0.12153659757669823,-0.8074906846877064
-0.030514596317385196,0.09944186030967056,-0.6085424802888593
-0.05549666572599052,0.10930839557128674,-0.782160101053106
0.034003867655687525,0.0621800533575769,0.0643915120603485
-0.019235538234635446,0.10673787595659448,-0.4612752295600986
-0.016880063062822557,0.09312604964695818,-0.5034043990971953
-0.05467218043761911,0.10518849858220061,-0.8049566404966906
-0.040153087298814824,0.09209971599363193,-0.7617079655670755
-0.01685610959492792,0.09096791634366926,-0.5150839051639857
-0.004211482723734764,0.0756290854363833,-0.4523588051651416
-0.07788568070954979,0.13339510753853034,-0.808767897866027
-0.05283709581777059,0.11496927659730302,-0.7205150651501429
-0.02070191852465721,0.08818089616653332,-0.5749762219347885
-0.015157304852819943,0.07223755660159792,-0.6251222629506968
-0.03578425156285385,0.08522817470846611,-0.771860382882507
-0.08251691607822173,0.13057485559117796,-0.8617043118202286
-0.0626243673477204,0.1309481160882177,-0.707336387224699
-0.046815748279464664,0.1179139837436814,-0.6514557971889484
-0.04995425328711731,0.11488829136249083,-0.6959303888927107
-0.03456895940351935,0.0959601230517824,-0.6728728283171999
-0.006561260486752159,0.08539660881333257,-0.42813480529034803
-0.055875276960059055,0.11599251675665594,-0.7403518723558632
-0.07456042505097515,0.13058306574959755,-0.8007196373492816
-0.07756056568930325,0.16122194896003603,-0.6671583266616231
-0.024734298683951685,0.07960646438645767,-0.6875609802017896
-0.017832496384074158,0.07515099021078483,-0.6364852445711323
-0.012719432650787343,0.09762763685823986,-0.4375751992524214
-0.03225525724905293,0.1127213481275334,-0.5522934056698565
-0.051688508460358724,0.13290561569509038,-0.6146354917595581
-0.07039837526823527,0.15721258044465844,-0.6386154020516013
-0.06707710097335313,0.1259231000127802,-0.7709236904388518
-0.04575966596893576,0.11548852029088394,-0.6559930439676422
-0.0036135716448342913,0.09141653957525508,-0.367696828178048
-0.07190916917034917,0.1478396664009722,-0.6893222343586065
-0.03184288921245506,0.09619577382394717,-0.6428857189260404
-0.08297941973954812,0.13180632386519264,-0.8571623608522753
0.0011181403119971695,0.08302433337986102,-0.3478722262768402
-0.06917348532420037,0.13776493332488918,-0.719874665712797
-0.03628593909938809,0.09633834116589127,-0.6880535651454286
-0.01838845253318977,0.08652770752109137,-0.5592249456209729
-0.06737089186336045,0.14146547375287633,-0.6883014581597205
-0.07791749200022792,0.14290142963076338,-0.7551883300193084
-0.02147252651967191,0.10266976678933643,-0.5013406393070524
-0.05682462181992848,0.13039587951770518,-0.6658540295986839
-0.0573575195398764,0.12710493368929787,-0.6872866143293683
-0.012142889469024866,0.08822572741687844,-0.47767120434036253
-0.055996439344789053,0.11554179987748285,-0.7442885556220966
-0.07647570138216425,0.1372557405497852,-0.7757467990458551
-0.05269919669362149,0.11066123828178716,-0.7473185550575236
-0.06738538736063363,0.134976635910932,-0.7214981074568788
-0.06841416378864215,0.13054574102644098,-0.753867288314746
-0.035956831749014026,0.09122634368065831,-0.7230020308596244
-0.01335897601743661,0.09098206718020559,-0.4765661779431404
-0.03260984603584548,0.10932249016544242,-0.5727078292956491
0.003682972453313592,0.08399288368509948,-0.31332449121942824
-0.029521151808329534,0.12324594081527662,-0.48294614341531117
-0.0473574397506014,0.10998244567564298,-0.703361698090818
-0.04626016401594133,0.11603033843300282,-0.657243312790773
-0.032581221734259175,0.10320360579913379,-0.6063860002727195
-0.042187620344734125,0.10833091967756522,-0.6663621112014229
0.025537398086134148,0.05339204602726562,-0.0835817738017933
-0.03993297575931139,0.11919243183852035,-0.5867232900663967
-0.027106569233379573,0.09473487387400999,-0.6028040878518176
-0.024895740068825344,0.08456281931932512,-0.6491711193016011
-0.05249263842589803,0.1007535085117921,-0.8187569807183753
-0.018007834535419084,0.09561298516892096,-0.502105801326074
-0.041023966355396166,0.12045505035766023,-0.5896304567098581
-0.03827434878394542,0.11122483476856718,-0.6138408650011334
-0.08331109298182958,0.1280675539002014,-0.8847759602727244
-0.04228299111010685,0.12347966350853945,-0.5853837713536367
-0.026666993310356497,0.09211807470523235,-0.6151560754139143
-0.05043617933555474,0.12414147764960923,-0.6479395997088645
-0.07618755932943393,0.12998045775106104,-0.8169501874874503
-0.02667033479874263,0.09739855925470814,-0.5818395593567597
-0.05629365697249611,0.10409405502150357,-0.8289969773458217
-0.07251485833801957,0.12033587361657465,-0.8519060464434899
-0.021656247413284188,0.08808004366278988,-0.5864693665576234
-0.07055841319066686,0.11283635402982121,-0.8911880754680406
-0.09202403197548864,0.14745856763505136,-0.8275140192429425
-0.05982618129979389,0.11488605538997841,-0.7818719251425311
-0.017330304261305673,0.10025988383490386,-0.47207619289928193
-0.035755613874301886,0.08729443958031673,-0.7532623405389105
-0.04871571508778858,0.10638302205260816,-0.7399274204568315
-0.055808372816766434,0.133155868927543,-0.6444205088959256
-0.06526539760002334,0.12437218206453209,-0.7659702999388857
-0.01583129019939985,0.06881359029748634,-0.6660209124573755
-0.04583844006073991,0.10448122578157643,-0.7258571048858501
-0.052898298665064986,0.09977160756485448,-0.8308806552122421
-0.040198400376840165,0.10451042257011948,-0.6716880350353741
-0.042619731536628076,0.11845149538901951,-0.6130756838326917
-0.07073905191971142,0.13730262832698528,-0.7337008267591356
-0.04504148465743434,0.09993433728930624,-0.7509079130648758
-0.05139103066346971,0.11513253417833902,-0.7069333724331638
-0.05929473263411048,0.12642706294892253,-0.7062944479710503
-0.014893043661235731,0.08150180813570314,-0.5508226711545756
-0.027132150352396616,0.10544847831480378,-0.5418015628621538
-0.0016170348680965736,0.07447692531535166,-0.4245212155875541
0.002000026977115394,0.08279284541272412,-0.3381931480106057
-0.035838268651784765,0.12056107455107515,-0.5460988871983942
-0.014936574982481795,0.08172063087255389,-0.5498804219042547
-0.06356816442740569,0.10611133085652848,-0.8817923936315321
-0.04097681899893838,0.11172162079251302,-0.6353006561796574
-0.05005316594307292,0.11627887531264583,-0.6884583784271157
-0.04802066038437182,0.10945682785098124,-0.7127984787809872
-0.04686433797303348,0.12304092939601252,-0.6247054402981816
-0.030308493157935736,0.08010276264770662,-0.7528890535670233
-0.06459749361056207,0.12955757583388497,-0.7301579471651451
-0.06438956538939362,0.11954564169340803,-0.7895692728930196
-0.056749298192195555,0.11877292705072644,-0.7303793915523022
-0.021976840972525887,0.08851836463630318,-0.5871870903409023
-0.019873546434110382,0.10023661068622668,-0.4975581884969242
-0.03773084049196317,0.11735853970888377,-0.5771274988592595
-0.03459973488043795,0.10760169025066382,-0.6003598524330748
-0.02265027011701584,0.0785862580136812,-0.6699678983041778
-0.09378966506451486,0.14187008919790822,-0.8725564758885064
-0.06864795586437042,0.1283777800844762,-0.768419237343544
-0.06372645841736611,0.12507229530272218,-0.7493782551164724
-0.04620852773030623,0.11486529598427432,-0.6634599865632139
-0.06287875558936322,0.13480086245965242,-0.6890071316655187
-0.041172726056462564,0.12131014796674533,-0.5867005131011224
0.020328751903563747,0.0583727985034419,-0.16568073391009333
-0.07114701114029588,0.13210403199086493,-0.7656618016571232
-0.014966879457507326,0.07706078627454858,-0.5835247942747614
-0.006910977368479796,0.08998974414278856,-0.4101687111134842
0.007237114470650207,0.0673952600445469,-0.3377520246127692
0.0019840749081177994,0.08260583760137653,-0.3391518796416798
-0.08536530109756245,0.1468860602905468,-0.7854067354612483
-0.07317635820324846,0.15711129101443114,-0.6567087415364145
-0.017988329229855243,0.07486977320760027,-0.6409573206104462
-0.051751183592416275,0.12643631022326368,-0.6465799535596891
-0.08385263840376235,0.14405135184196355,-0.7903614714332446
-0.04074882340086001,0.09313644835766967,-0.7596255241467336
-0.08599525910958598,0.1365270198195049,-0.8496139391523899
-0.020924379981325753,0.09390559563432367,-0.5422933493721672
0.014849876818758344,0.057618865824396175,-0.26293685174946646
-0.06332580720142314,0.10125927785955513,-0.9216519135250443
-0.037820517512216975,0.10416319878015673,-0.6510986443048531
-0.06154324891685231,0.14820450435354723,-0.6176819612612621
-0.05267743183349955,0.13302727096005512,-0.621507388949786
-0.07157240032276639,0.13047162387875125,-0.7785018481655349
-0.0744551581635263,0.135271343032572,-0.7721898505759238
-0.04724792126678058,0.10848716999660339,-0.7120466067019642
-0.03971829442091384,0.12081532010854926,-0.5770650142570816
-0.052914098184945836,0.12487348206994087,-0.663984833373239
-0.032035226496581526,0.09968975231515696,-0.6222828832041306
-0.04015245854259912,0.09942850818602215,-0.7055567846934797
-0.08676180543811443,0.13987760559065,-0.834742666240773
-0.07367842146943926,0.1424078477481127,-0.7280386798122458
-0.047405516715178904,0.1052007344557647,-0.7357887482023877
-0.04032896337212077,0.11832592572406088,-0.5943664749864687
-0.007423887497617231,0.08545942617120852,-0.4379140976519384
-0.07308986240327961,0.14257534582279896,-0.7230553207383117
-0.05618834380843414,0.1434698994744425,-0.6007416477195455
-0.05275037682393385,0.1169533481353899,-0.7075503022635887
-0.07979910789837155,0.14587451879571142,-0.7526955962208771
-0.05248742119447452,0.09922868131569844,-0.8312860767749075
-0.06571156356794663,0.12516757763776862,-0.7646673793187334
-0.07559683021605826,0.12457349428558341,-0.8476669200109186
-0.07543339746673022,0.11946742481433811,-0.8825284183582438
-0.06332511834291177,0.1291280292973586,-0.7227332349973439
-0.020375079697252635,0.09400222888611041,-0.5358923963205723
-0.06869547468330911,0.13655206686436258,-0.7227680763070654
-0.08222994342619491,0.15216749272848173,-0.7375421741781018
-0.058530108974031735,0.10280281035086751,-0.8611642879399617
-0.04140461754508093,0.10948407860828395,-0.6521917931150055
-0.03865485925450343,0.10280289301615543,-0.6678300312396301
-0.05274314300486056,0.12797350859206136,-0.6465646204060815
0.001529560264087921,0.0765183768049732,-0.37207323161697914
-0.06206410768721281,0.11802585715794012,-0.7800333749240579
-0.04317521306282825,0.10479508757706422,-0.6982694967358718
-0.03084927964211865,0.10326443064407975,-0.5892569131751388
-0.07384590461093034,0.13340504706515638,-0.7784256060433077
-0.03140142519283696,0.11816134507312423,-0.5196405402700743
-0.040361132434321996,0.09021428651111234,-0.7799333692635823
-0.057016271349609605,0.12939677967889116,-0.6724763287428612
-0.015641355220176678,0.08456912734452693,-0.5396928720127139
-0.006686752421312853,0.08264209505935229,-0.44392331045050326
-0.01508771294975184,0.07712251474056742,-0.584624517255726
-0.03556212870531635,0.10308852640518963,-0.6359789104718045
-0.04371836364013769,0.12252524648801029,-0.6016585622404881
0.001156502978712979,0.07086548513458012,-0.4070175624496262
-0.025110512064812403,0.0884465812304858,-0.6230937510314632
-0.0778167708067458,0.13308280686853557,-0.8101480074225624
-0.058356820040213184,0.12603354238429035,-0.7010579752714033
-0.060338301128774655,0.12650108210560373,-0.7141306590038478
-0.024943206777197365,0.08110351400912494,-0.6774454528692273
-0.05748874459574699,0.11396950946161558,-0.7676504444832485
-0.005039934868080178,0.07938246492642485,-0.44140648568366736
0.00951606990874685,0.06810556728722049,-0.3007673367562832
-0.07303237266314494,0.14640455138163058,-0.7037511586273842
-0.06022542605494795,0.12444156668797932,-0.7250425115683107
-0.04296973351819497,0.08768122964173225,-0.8322161289976334
0.009704712230332242,0.07978831291365607,-0.2543641672387604
-0.04076501464416703,0.10818812381530968,-0.6540922621504328
-0.04501197084419392,0.10034661455559132,-0.7475286652808582
-0.032145391388554996,0.09650738265007387,-0.6439444287271573
-0.033951928533056924,0.13001176798605976,-0.49189338414284184
-0.050532333288111526,0.10996012078066114,-0.7323776357862537
-0.02317737456301293,0.09117030422570863,-0.5832751685391188
-0.07789723315589739,0.13478398723644144,-0.8005196712768362
-0.040740021160963036,0.10027631553552883,-0.7054509410639364
-0.015161784805358422,0.09441996169386202,-0.4783075950802283
-0.06845634915114587,0.14019529343588108,-0.7022799891365491
-0.06854961789004602,0.11591794827317745,-0.8501670307155502
-0.07432966508271162,0.10991700836197413,-0.9491676187104501
-0.026547175035591203,0.0921430282898342,-0.6136891318323412
-0.025063372351891995,0.07219675658061382,-0.7626848484586569
-0.05908217809244114,0.13292335147763487,-0.6701770388886842
-0.055943769178906526,0.1321115022918004,-0.6505396402886919
-0.012733311443807405,0.07414817939545533,-0.5763231382377894
-0.04020569010835914,0.11029698638342224,-0.6365150346384363
-0.04392983473304817,0.11695586210270695,-0.6321173937235
0.006013511335312083,0.06998536671799896,-0.3427357716269425
-0.06036121167183356,0.115514530397252,-0.7822497426175156
-0.05076818977468683,0.11543622529442643,-0.6996780219440053
-0.09037654210161736,0.13288117260809248,-0.9058961456988709
-0.033593097868282996,0.10066035434913433,-0.6317591297931874
-0.030854783440833807,0.09016671695950079,-0.6749140424860682
-0.03212900394292559,0.11649637151030472,-0.533312781655435
-0.057298003105293226,0.12529624707478496,-0.69673278444795
-0.036484630008182126,0.10062758278135991,-0.6606998615144876
-0.05180705112673531,0.1200709312692679,-0.6813227003568163
-0.04656944037814598,0.0904123387191338,-0.8468914913926645
-0.01380486655134429,0.09752053964878533,-0.4491860556668884
-0.01764511192399441,0.08460691375968875,-0.5631349709708368
-0.046841211690106736,0.12772305510113813,-0.6016236585419887
-0.01562232772645902,0.1020957284083482,-0.44685834008632785
-0.037284769948583485,0.08764810071689509,-0.767669457732056
-0.06423713841787877,0.13823483137394432,-0.6817177514613108
-0.059688730737303554,0.13917017908379137,-0.6444536561478726
-0.006966342896553946,0.06541532615022523,-0.5651021721065999
-0.026156848350166934,0.08918016677033418,-0.6297010914409675
-0.05313011270057292,0.1125339379209408,-0.738711487720041
-0.050940863037369145,0.11013709756725909,-0.7349100786675421
-0.04582697796630464,0.10625615274213943,-0.7136243503029911
-0.05955678521577806,0.11712229264997226,-0.7646433756503082
-0.058244457436572555,0.12784737200845933,-0.6902328616558003
-0.050241792397451183,0.11128067454962653,-0.7210757188721632
-0.027477592403202467,0.11389978584475934,-0.5046330155663509
-0.04412477966378957,0.11329740061741188,-0.6542496055500664
-0.03421588995589628,0.11315054424618395,-0.5675261253377664
-0.0519287239024168,0.12325289862816118,-0.6647204634885356
-0.04680884246400692,0.0969106084366047,-0.7925741433586436
-0.003739007236301828,0.07305766253297274,-0.4618133959743726
-0.0690900013108383,0.13949374538372486,-0.7103544394643476
-0.037714279506409834,0.1071516035678836,-0.6319483540301
-0.03405207426303327,0.11278372841311923,-0.5679194611160115
-0.06506644361995609,0.12628383194556794,-0.7527998014894933
-0.05598739260178513,0.12814601332445283,-0.6710110628574429
-0.012242374203101416,0.08430342691994464,-0.5010754099381416
-0.059349940479956134,0.12743962943596823,-0.7011158214709798
-0.014640188468788631,0.08160704141794654,-0.5470139303318944
0.0072890524263132615,0.0712782473637998,-0.3186238216236078
-0.03173308318744551,0.10793363406107552,-0.5719540875693402
-0.06792817053436659,0.12468294052456175,-0.7854175569036677
-0.06311353682460533,0.1456197592085938,-0.6394292734080431
-0.0660223727983132,0.12267736680914024,-0.7827228061367139
-0.020106640216835708,0.09224613077599098,-0.5431841942348116
-0.03754442782526507,0.09568344768455589,-0.705915489666948
-0.07058226411856937,0.14513992415209218,-0.6930020441044821
-0.051059955387108114,0.12203101260082476,-0.6642570086037315
-0.06272629554664193,0.12378443945069403,-0.7490949262938398
-0.08881333294252532,0.16322428666665634,-0.7279145485571704
-0.08378972453390865,0.1424582986154104,-0.7987581323086184
-0.04496265435519367,0.12158741976583394,-0.6165329809577732
-0.07380287558480877,0.14328600691514348,-0.7244453092079164
-0.08470721268594439,0.15481606063155426,-0.7409257942490562
-0.03883688813799267,0.11906140155546638,-0.5781629246647502
-0.0244987752405791,0.07789256022160919,-0.6996659897367179
-0.003121609687736067,0.0749041314331341,-0.442186686555511
-0.0563104942087739,0.11616302710379117,-0.7430117513350942
-0.030238550984147274,0.09850697264244988,-0.6115156051216267
-0.01995213878022037,0.08560032150958832,-0.5835508313438413
-0.005430815315701498,0.08731016728440745,-0.40580400218783014
0.004107272936833377,0.08641299127553244,-0.2996392866508495
-0.04301284361764582,0.10720537471798809,-0.6810558128238595
-0.006222963270889382,0.08283717819296157,-0.4372790582811901
-0.07721610317703925,0.12929696827171092,-0.8292236439119759
-0.03043543254904838,0.10211556051484906,-0.5918337248930853
-0.041356941571379494,0.10384968034921511,-0.6871175850655259
-0.02176333627716648,0.08914558089233568,-0.5806607098077348
-0.06757788311242899,0.13157796765640095,-0.7415974334490495
-0.037049846274735954,0.09486640427891124,-0.7067817820690934
-0.07920827524101329,0.12857672457523805,-0.8493627101000608
-0.06659412908355286,0.11504707309859037,-0.8396052718418648
-0.07507817524518229,0.13722083124312195,-0.7657596466458456
-0.031651176797422416,0.10986341410171965,-0.561162032888776
-0.0514180231394675,0.12816326690867383,-0.6352680069983242
-0.03742759673448841,0.10015340868164144,-0.6732431538982475
-0.05493441508840357,0.13108283275585086,-0.6479446110735088
-0.011658446788897549,0.09800410949770663,-0.4250683670552854
-0.06150082463085188,0.124531563999383,-0.7347601017144957
-0.08208256647184818,0.1367274763106085,-0.8197515927027452
-0.025891604582260894,0.08581833041108225,-0.6512781630047101
-0.0450473922880181,0.1002838388807911,-0.7483498151404839
-0.037268944624016476,0.12413517197720537,-0.5419007647274127
-0.046973841100634434,0.12280031804119991,-0.6268211868540068
-0.03118095279736703,0.11912805468557494,-0.5135730030919018
-0.07622540647684328,0.11184512644921386,-0.94975444929268
-0.044739218773532936,0.11073013015886711,-0.674967316179461
-0.04543490566694949,0.13465003066314554,-0.5602293983553949
-0.053157349135706786,0.11405608633938163,-0.729091728505101
-0.06433768632229514,0.12481433125318304,-0.7558241539662083
-0.04348497821817389,0.10965894186306202,-0.670122991975786
-0.031688533714163795,0.08499255491299298,-0.7258110287108611
-0.010412430625705809,0.07613107583868603,-0.5308270004135449
-0.06578480902570072,0.1423356937969373,-0.672950027294993
-0.028895821901330665,0.10657499558539366,-0.5526232638136976
-0.05075338307949423,0.12568697093743142,-0.642496055694542
-0.06817303046269413,0.11905233100958823,-0.8246208169984296
0.019056209510592503,0.0630256923196187,-0.17364014716266593
-0.04249324344802113,0.13340870803458357,-0.5433921407081514
-0.03597009836415542,0.1065641338567459,-0.6190647451124501
-0.0626415755969667,0.11814561055174563,-0.7841304908775377
-0.054906148867951726,0.13803529757299876,-0.6151046171581573
-0.03595691187203329,0.10042575237662565,-0.65677289252139
-0.03882911443532995,0.1060386832899305,-0.6490943898948432
-0.02568343789076149,0.11018928989690416,-0.5053434679800578
-0.04355791670939595,0.11874298714674311,-0.6194716713543069
-0.03755945212060348,0.09672793719245693,-0.698448184480377
-0.0545199158899302,0.13229340936823666,-0.6388822866804371
-0.04233003788149812,0.12481554070901656,-0.5794954496100906
-0.024752812052606127,0.07932579576150443,-0.6902270759088535
-0.09519287241633478,0.1455693751476556,-0.8600220498944074
-0.0690687013308161,0.13311232949707813,-0.7442488739030798
-0.04336543316773111,0.12041163278495105,-0.6092885834274665
-0.06541151396264903,0.12207827411658377,-0.78156014780756
-0.07729988450896559,0.12386331877312111,-0.8662765181151447
-0.02460511316433594,0.11263321396092872,-0.4848047147378559
-0.07378385469829753,0.1338335436171366,-0.7754696759371215
-0.02418397000032413,0.0950055901962922,-0.5703240187064147
-0.0398765049508278,0.11834066004794626,-0.5904691162151454
-0.04270789761657967,0.11241541699026214,-0.646778703163801
-0.03480275996117334,0.09803422318803387,-0.661021813136407
-0.07393292453394291,0.15164722698792388,-0.6853598750092502
-0.07775958893468643,0.11208139919590679,-0.961440432647827
-0.011444444390820967,0.08226474478865183,-0.5037935083527799
-0.07282378539572006,0.12247036098622971,-0.839580977533669
-0.041365179063877884,0.10526890420443143,-0.6779321928276866
-0.06649563729466056,0.1308107490015843,-0.7376736088675088
-0.06277093574252139,0.11809664574731828,-0.785550979500432
-0.07705880056228029,0.12407191070605476,-0.8628770198914634
-0.03875618751773121,0.11717410945485045,-0.5867865165574343
-0.031632373425819316,0.09150406442728963,-0.6735479326690809
-0.061894440188423744,0.11603203795446118,-0.7919747149876772
-0.029883235107978322,0.10627572399373254,-0.5634704978486889
-0.03174000658950637,0.10274698268965816,-0.6008936221123767
-0.033635846992987675,0.10995402505144776,-0.5787495906876743
-0.06639077826742171,0.13040563208339567,-0.739161159893607
-0.05236506215813495,0.11340357827589406,-0.7263003814372858
-0.017675414606497727,0.09053742522855585,-0.5265823993353493
-0.026876273542903326,0.09441454560823269,-0.6024100754443907
-0.06812275200198951,0.12483763643035677,-0.7860029619891858
-0.05779061484749772,0.11240369091379086,-0.781029645323921
-0.042930192600263664,0.11293889485693294,-0.6457491256014953
-0.04855212960504246,0.09651075552125839,-0.8139209892283955
-0.053530826199334365,0.11740398679049437,-0.7114820244426099
-0.0305581641582102,0.09143307140377992,-0.6623223219832324
0.00902694557085354,0.07324393306988727,-0.28634527871591176
-0.0444987625791109,0.12275534689592098,-0.6068881271809302
-0.05569079229009829,0.13905876399558817,-0.6162200053267909
-0.049303613540883466,0.11537177034816039,-0.687374505059313
-0.0434215951476762,0.12005847300031451,-0.6115486338684639
0.009591608876863746,0.06773216606601642,-0.3013101796160606
-0.016401872242428915,0.07503958773263425,-0.6183652341982288
-0.028646591609915874,0.11606524523931953,-0.505289860793299
-0.0550269926287066,0.12207536001281781,-0.6965123233695877
-0.04909055960652979,0.12710024462188735,-0.6222691375757586
-0.010385360042204951,0.08824263414913112,-0.45766267554924983
-0.0569357231891159,0.1145462475861536,-0.7589574082182743
-0.024666740952530793,0.08527037350083005,-0.6410988800465223
-0.07729197118606851,0.14647923826453293,-0.7324722087392719
-0.06212146464545015,0.12230987690712175,-0.7531809120812399
-0.031302679942693,0.10404858227278858,-0.5891736206647502
-0.030399490691956844,0.08774616453071524,-0.688343371074803
-0.02722672276358684,0.09275902356052686,-0.6169396848625236
-0.0002735722924637439,0.0890311865855199,-0.3400333462183403
-0.016573037199594576,0.10591563463188353,-0.43971824708846907
-0.054978333332873525,0.1308448801838754,-0.6494586048262191
-0.044379767816412646,0.11071739371522704,-0.6717983987929003
-0.064611475700573,0.11781180363287984,-0.8030729755687068
-0.054482612064746375,0.1060997240606265,-0.7962566614826644
-0.026246568229690848,0.09238207898352438,-0.6088471795457426
-0.014726529570746381,0.08781820179483031,-0.5093081918853336
-0.03417624394594711,0.10543443428719525,-0.6086839122324684
0.008362134624658131,0.08195820316693826,-0.2640109780258156
-0.01372732232217712,0.08982860149568535,-0.48678618607100804
-0.06809953614287917,0.15522808660770296,-0.6319702721763184
-0.05562885418586288,0.14294405898595489,-0.599037517147015
-0.013979193341303644,0.08625388652224661,-0.5098807151137534
-0.056513519120954654,0.11178852028310429,-0.7739034285618887
-0.09735251677064227,0.13294650048256565,-0.9579230465516694
-0.03896349038551547,0.11123122440739215,-0.620001180000787
-0.00814950880918321,0.09719660210864214,-0.3924983793830708
-0.07282008007805735,0.14718289075068003,-0.6985871764961397
-0.023242741004478477,0.08294020524035116,-0.6419412738392333
-0.08550018609470411,0.13732300156998387,-0.841084048369288
-0.031118526951513154,0.11489822050573457,-0.531936236109616
-0.037947772083585206,0.09007824417492137,-0.7543194553352819
-0.013920549479392441,0.0911658164997542,-0.4817655472817584
-0.06214852063543942,0.11989520045938132,-0.7685755583407022
0.005469349441018739,0.07437644956488174,-0.329817444937085
-0.0384718727238948,0.10732752268686896,-0.6379712398996051
-0.043732377971436934,0.12561917851703389,-0.5869516011955043
-0.04192208034130713,0.11219130460909656,-0.6410664408610115
-0.017416815035070737,0.09868642057526207,-0.48047963193587356
-0.039857270782072615,0.10489689882299005,-0.6659612587780539
-0.060882737286135635,0.1346977087149655,-0.6747162825052433
0.0020535448498822904,0.0694373245559986,-0.40247021798168414
-0.0691478580803611,0.1270467664157453,-0.780404420179508
-0.06792631105251601,0.13200593289950213,-0.7418326502572321
-0.06229474509774141,0.12396743124176537,-0.7445080064436049
-0.0007050006317848787,0.06260231160642463,-0.4904771060983273
-0.0511161687483968,0.11937531508269814,-0.679505379250333
-0.08461290984775895,0.15737159349914306,-0.7282947786150684
-0.042742625273578375,0.10791609514103825,-0.6740665067477581
-0.045850688193276805,0.11154411709194378,-0.6800061730799705
-0.05788250431779319,0.14101158078514078,-0.6232289846583571
-0.05296230608536901,0.10168983037612303,-0.8158368027413754
-0.09268808271234773,0.1483300594266864,-0.8271289257656337
-0.005846186418946616,0.08380642162853662,-0.42772601099509017
-0.013023447070556568,0.08490274729062017,-0.506737984853285
-0.05730240276071506,0.11965377553738421,-0.7296251402734768
-0.059211006295921007,0.12512977085387902,-0.7129478915141437
-0.0416165048631707,0.1296815990590775,-0.5522487799564009
-0.06438088758524153,0.15556932050827285,-0.60668059278579
-0.0077915100104181696,0.08548378572551306,-0.4420898032261468
-0.05372321977799417,0.1254778890849889,-0.6672348442304973
0.001165964119054133,0.08616364647912862,-0.33464270674675217
-0.09229833996246989,0.1528119539328333,-0.8003191950298907
0.014088117829240885,0.06321672111550647,-0.25170369310495727
-0.029404446229004188,0.08630777780665207,-0.688286128303325
-0.05040649662686998,0.12304141969511209,-0.6534912944446802
-0.03886081770616545,0.10549627141056826,-0.6527322414853347
-0.00752500958888459,0.08519322237413814,-0.44046942401225514
-0.05647939382206087,0.12443957234315799,-0.694950908249531
-0.021050548547904436,0.08316054766162839,-0.6138794173845968
-0.005611570975578597,0.0743086061900907,-0.47923884999914745
-0.08862722955067373,0.12731322686777363,-0.931774588306358
-0.05068002805594723,0.1208199701916051,-0.6677706336791754
-0.03526384142083203,0.0906386951427697,-0.7200439207342026
-0.019739915380831675,0.07699212637106483,-0.6460389876895896
-0.07361799254584794,0.13369036254111005,-0.7750595523591702
-0.02888103005756293,0.10937003734013256,-0.5383652734290231
-0.07653819855566321,0.13039029237010893,-0.8170715520236562
-0.018622975877567956,0.0962343585454889,-0.5052558837869161
-0.039364256216515896,0.08285476142175793,-0.8371788781507566
-0.05622924905687175,0.10307360516930872,-0.836579344588089
-0.07965402648711745,0.12555508228856052,-0.8733539454428613
-0.03535767249354079,0.09489847531394872,-0.6887115127753181
-0.02667741211112615,0.11138842072297124,-0.5088267859734343
-0.013505615910613725,0.09417236688540429,-0.4619785755576738
-0.051185937526183264,0.09655707746526372,-0.8408077342169951
-0.05428421311678009,0.13535191624287474,-0.6227042472419891
-0.007980695321942533,0.10858417607071305,-0.34978112554087476
-0.03419242877454742,0.10531218836088338,-0.6095441541350662
-0.02558151277150477,0.07901225989313886,-0.7034542847739921
-0.025754781767330256,0.07828491482208091,-0.7122033905771608
-0.06759109823552045,0.13712649337134042,-0.7116866758288818
-0.05087277417319805,0.12244541506914589,-0.6604802158376331
-0.018426348763877463,0.09778260740696824,-0.49524501389422426
-0.03205369736640345,0.08368743927933066,-0.741493561050202
-0.02817325067245211,0.10264645206072795,-0.5667341588975282
-0.05189988546283268,0.1224655007498175,-0.6687588338053215
-0.01957879862881297,0.08916165053559184,-0.5560551911162965
-0.02752513404799592,0.09247666995283846,-0.6220502325325162
-0.014030675699579182,0.07959127003095788,-0.5532098643790075
-0.011476898396275723,0.08059020218517345,-0.5146642801686185
-0.06248301081671491,0.11417868168865793,-0.8099849240587423
-0.023652584340472904,0.09165837787781772,-0.5853538496174651
-0.02545768429464166,0.09989513688755018,-0.5551589999528124
-0.0227214502380995,0.08941315932333399,-0.589638601712409
0.006330144380528993,0.06525790007861414,-0.36271249290824065
-0.031789648832395934,0.10238036296047062,-0.6035302771514212
-0.022225096279393904,0.08056065497790578,-0.6482705024396455
-0.09360889179668647,0.14207286457258733,-0.870038709844783
-0.027927276173964444,0.09556105301776244,-0.606180806350022
-0.004408395600079822,0.08665904224479902,-0.39705487977678283
-0.02561533894704815,0.10588458687045431,-0.5252448972114455
-0.03454520366049852,0.08899078216511262,-0.7253021278174854
-0.004155585786017102,0.08304103531719767,-0.4113097296481265
-0.01789683309346087,0.09097206795182364,-0.5265004321856873
-0.03536082890281753,0.11336932359533056,-0.5765301126442427
-0.05558043489251681,0.11768773751395019,-0.7271822595992422
-0.061814367039770224,0.12430441644093741,-0.738625140349662
-0.060864715049938185,0.1481269148679225,-0.6134247454688284
-0.01586286751465841,0.09581034160562206,-0.4786838951419334
-0.04793455444417748,0.13386832662479478,-0.5821732175872483
-0.025855429018552686,0.09881642899660562,-0.5652443585111879
-0.0729850316833455,0.1389227765469988,-0.7413113547187473
-0.05530541779576725,0.12704085167938312,-0.6714802102480795
-0.07573563024746695,0.15686586197789876,-0.674051249355735
-0.05047006465298279,0.10808691557356882,-0.7444940419102924
-0.039733234767178105,0.09538021518060685,-0.7311079623288226
-0.05901611392117181,0.11492267210796571,-0.7745740008337465
-0.0165844105107279,0.10101028789061117,-0.4611848108103242
-0.05827552350873647,0.13102457596752526,-0.6737325639627771
-0.04743020559350342,0.1240904067561056,-0.6239822047298884
0.013079186793771085,0.07169594597703371,-0.2360079496217142
-0.018281777209559195,0.09817519356859501,-0.49179202458943677
-0.04625426670270913,0.11485318660036119,-0.6639281761335939
-0.028387867126439044,0.09539542094131262,-0.6120615282190466
-0.024112257945210262,0.09840342546706525,-0.5499021775753239
-0.016711233478977305,0.08759936558407658,-0.5332371206974617
-0.07790443863800141,0.16145824713026982,-0.6683117187005044
-0.05190283393137597,0.11073387890736956,-0.7396366382133948
-0.05267979066527509,0.11418645622905135,-0.7240770350156437
-0.04672754051937549,0.10232295796461925,-0.7498565526800544
-0.014908967638139228,0.08718473384875165,-0.5151012758271126
-0.041287842009219436,0.08844566668368224,-0.8060071757294093
-0.05215903586356726,0.1041666629442637,-0.788726772475451
-0.024268234357680475,0.09755725451806699,-0.5562706189894914
-0.06862087867786237,0.11764079079986585,-0.8383221330570555
-0.07292487793054556,0.13767641883741727,-0.7475853802682798
-0.036744258471660185,0.10299184224464579,-0.6480538362748822
